0.000000000000000000e+00
-1.050405604209931620e-01
-1.916248298651316018e-01
-2.700731598748312701e-01
-3.455976551961124632e-01
-4.215353731277364790e-01
-5.003216611285132842e-01
-5.839143845276238975e-01
-6.740163680210156105e-01
-7.722065171080976231e-01
-8.800242114595231424e-01
-9.990278727371307843e-01
-1.130838551510445766e+00
-1.277174578326120802e+00
-1.439880822041873065e+00
-1.620954694625606596e+00
-1.822570195447563490e+00
-2.047100733665418115e+00
-2.297141062016430091e+00
-2.575528314942686858e+00
-2.885361812097202439e+00
-3.230020920794096639e+00
-3.613179827251233878e+00
-4.038817503857910829e+00
-4.511220429573836732e+00
-5.034974665514281078e+00
-5.614942639738130126e+00
-6.256218375264728238e+00
-6.964052816123881051e+00
-7.743738279909239353e+00
-8.600437819934310113e+00
-9.538941390975731238e+00
-1.056332625687351978e+01
-1.167649432503735696e+01
-1.287955464416520002e+01
-1.417101630034950155e+01
-1.554575736410541253e+01
-1.699374253056335604e+01
-1.849848035738412833e+01
-2.003524699488338712e+01
-2.156916494032038045e+01
-2.305332061985714276e+01
-2.442723813888649431e+01
-2.561619311965821311e+01
-2.653202494752135365e+01
-2.707623041956067311e+01
-2.714609813156177864e+01
-2.664433892710023244e+01
-2.549196051784109684e+01
-2.364300208969756412e+01
-2.109839239681609513e+01
-1.791513965099890626e+01
-1.420704274119502486e+01
-1.013472244568553471e+01
-5.885902020059205597e+00
-1.650392755572391401e+00
2.403596468202713332e+00
6.145704467780021218e+00
9.489084208571339829e+00
1.238622341173661923e+01
1.481848898864863884e+01
1.678380333643851685e+01
1.828600075805290004e+01
1.932782429783426537e+01
1.990806435106582128e+01
2.002238530235119640e+01
1.966690353451408413e+01
1.884337784981076425e+01
1.756479297907647208e+01
1.586010821120743408e+01
1.377705053515135347e+01
1.138213206046916959e+01
8.757597985952088493e+00
5.995694144469880804e+00
3.191302236863868380e+00
4.343995716036461729e-01
-2.196204207205206593e+00
-4.636822743145975423e+00
-6.840183880979779474e+00
-8.774371806108824501e+00
-1.042019423285634083e+01
-1.176790106068764175e+01
-1.281406840081787024e+01
-1.355919803763172915e+01
-1.400628493954758902e+01
-1.416035271477463198e+01
-1.402878013408841262e+01
-1.362213982520028033e+01
-1.295522901306438790e+01
-1.204797850110324653e+01
-1.092597197649587315e+01
-9.620388142219528760e+00
-8.167285858471799997e+00
-6.606273705114792172e+00
-4.978719522353253879e+00
-3.325739122159483863e+00
-1.686237576927032578e+00
-9.525407255384776839e-02
1.417209852562808958e+00
2.826798153799948921e+00
4.114864956395893003e+00
5.268097093462529301e+00
6.277841456624152272e+00
7.139293756723868789e+00
7.850685879772092868e+00
8.412572272254363881e+00
8.827273424690718073e+00
9.098495388948835583e+00
9.231113398235748946e+00
9.231086784647443366e+00
9.105461063858117043e+00
8.862409794996661816e+00
8.511271877991800849e+00
8.062547676570483546e+00
7.527828271638102642e+00
6.919644850360484156e+00
6.251238296499135316e+00
5.536261020977029546e+00
4.788432600702339670e+00
4.021176803783927944e+00
3.247269484647448579e+00
2.478524671941840563e+00
1.725540614469569523e+00
9.975197553992829480e-01
3.021679738592134568e-01
-3.543296799499296990e-01
-9.672660649011514122e-01
-1.533315493235122950e+00
-2.050399387283921904e+00
-2.517529604137567656e+00
-2.934643302898921391e+00
-3.302440566229221552e+00
-3.622232921172790832e+00
-3.895807899405513197e+00
-4.125312150063107808e+00
-4.313153537378017433e+00
-4.461921167145821876e+00
-4.574321352039403266e+00
-4.653127058190038134e+00
-4.701138266449095937e+00
-4.721150823982439348e+00
-4.715931660532277192e+00
-4.688198622034200902e+00
-4.640603574536531717e+00
-4.575717813167756276e+00
-4.496019148472170990e+00
-4.403880321562332334e+00
-4.301558614705026429e+00
-4.191186675950847373e+00
-4.074764670369999564e+00
-3.954153914298726757e+00
-3.831072152226936200e+00
-3.707090608648333507e+00
-3.583632899239822756e+00
-3.461975826238971266e+00
-3.343252019728840008e+00
-3.228454326106332761e+00
-3.118441792073600727e+00
-3.013947050214913048e+00
-2.915584882282109547e+00
-2.823861719109507007e+00
-2.739185830991281101e+00
-2.661877968013810936e+00
-2.592182224401578861e+00
-2.530276922336708978e+00
-2.476285336848700780e+00
-2.430286112265938492e+00
-2.392323250625964626e+00
-2.362415581897062467e+00
-2.340565653718876593e+00
-2.326768003776865434e+00
-2.321016800311343165e+00
-2.323312855288205192e+00
-2.333670030274050067e+00
-2.352121067051288428e+00
-2.378722883559321488e+00
-2.413561380985702165e+00
-2.456755809896717935e+00
-2.508462742306770465e+00
-2.568879692602511255e+00
-2.638248423240356910e+00
-2.716857960994470744e+00
-2.805047335979165446e+00
-2.903208038272079516e+00
-3.011786165092738887e+00
-3.131284204284499495e+00
-3.262262366176555073e+00
-3.405339334327279310e+00
-3.561192254380334710e+00
-3.730555717122725934e+00
-3.914219414228983673e+00
-4.113024050107489060e+00
-4.327854977374101075e+00
-4.559632883181497398e+00
-4.809300685395539787e+00
-5.077805598434582457e+00
-5.366075096828677005e+00
-5.674985241221170540e+00
-6.005319542284852652e+00
-6.357716236136328192e+00
-6.732601555463826770e+00
-7.130106346678024565e+00
-7.549963273511629325e+00
-7.991381965609137161e+00
-8.452899967416385607e+00
-8.932208426504988807e+00
-9.425953404806090674e+00
-9.929516836365518628e+00
-1.043678586324289626e+01
-1.093992590210925364e+01
-1.142918152103749385e+01
-1.189273987021952195e+01
-1.231670317260443959e+01
-1.268522774149891141e+01
-1.298089381015656407e+01
-1.318536817421817808e+01
-1.328040406282423191e+01
-1.324918370594508943e+01
-1.307794555895694799e+01
-1.275775370217257709e+01
-1.228617598150201573e+01
-1.166856671836407777e+01
-1.091863393654086600e+01
-1.005804028361633939e+01
-9.114949111546161831e+00
-8.121653330758997313e+00
-7.111648749389051893e+00
-6.116655675174134998e+00
-5.164096072051816755e+00
-4.275396369222677073e+00
-3.465263133894990411e+00
-2.741853681353493943e+00
-2.107606759996601298e+00
-1.560439245221707072e+00
-1.095040572861786465e+00
-7.040711168313418256e-01
-3.791562975368472088e-01
-1.116398257968297947e-01
1.068927806180164364e-01
2.842844304693886159e-01
4.276264539548484400e-01
5.431864059010138579e-01
6.364084472954805172e-01
7.119590548663139451e-01
7.737982296303941299e-01
8.252625023640358659e-01
8.691507373224128807e-01
9.078071679298280738e-01
9.431985064441323896e-01
9.769836015051587275e-01
1.010575184151975225e+00
1.045193910056247288e+00
1.081915297330653836e+00
1.121710365263782982e+00
1.165480863557591729e+00
1.214089988619518889e+00
1.268389443623543444e+00
1.329243632644533157e+00
1.397551699036281292e+00
1.474268031780108013e+00
1.560421774079569834e+00
1.657135776028125784e+00
1.765645334863187754e+00
1.887316956449403227e+00
2.023667241395894933e+00
2.176381836025146566e+00
2.347334174872149681e+00
2.538603453776044461e+00
2.752490878882432490e+00
2.991532694104948931e+00
3.258507741090716614e+00
3.556436277872580209e+00
3.888565382135076298e+00
4.258334379608164966e+00
4.669311239995867169e+00
5.125087645591633212e+00
5.629116372524974210e+00
6.184469753720797769e+00
6.793492584868429773e+00
7.457317637720105807e+00
8.175208557986996638e+00
8.943696345118276270e+00
9.755486936864148362e+00
1.059814654538565293e+01
1.145262918153718523e+01
1.229180965877469944e+01
1.307933415626573392e+01
1.376929307964132043e+01
1.430741686208905961e+01
1.463459488309353596e+01
1.469334997743606408e+01
1.443726163907032500e+01
1.384211783042385946e+01
1.291602470246061785e+01
1.170458215672507762e+01
1.028765678480301915e+01
8.766913606358066602e+00
7.247283428939775618e+00
5.818581373616817487e+00
4.543326156567616181e+00
3.453471203993305316e+00
2.554656537236177805e+00
1.834276469847064162e+00
1.269793254440609864e+00
8.352321417888788346e-01
5.053194193328389705e-01
2.576195430181397739e-01
7.330948380007079601e-02
-6.283183585234947133e-02
-1.628117225759451725e-01
-2.359438315890373394e-01
-2.893702576298585738e-01
-3.285269082576726674e-01
-3.575328581842265874e-01
-3.795039759184741235e-01
-3.967995280014814385e-01
-4.112130479316628007e-01
-4.241185573901074535e-01
-4.365818808140454754e-01
-4.494451234912799631e-01
-4.633907696194830006e-01
-4.789904523642677381e-01
-4.967422920211223003e-01
-5.170997786942033159e-01
-5.404944602826464717e-01
-5.673541482519940393e-01
-5.981179381838283016e-01
-6.332490298229771497e-01
-6.732460980275218887e-01
-7.186537923634491731e-01
-7.700728139351517010e-01
-8.281699215978897133e-01
-8.936881466936087426e-01
-9.674574384648395586e-01
-1.050405915143027169e+00
-1.143571852876912098e+00
-1.248116500846503607e+00
-1.365337760462344452e+00
-1.496684702984753201e+00
-1.643772815250415409e+00
-1.808399747300554417e+00
-1.992561175309836674e+00
-2.198466170875479797e+00
-2.428551160490472149e+00
-2.685491136892303121e+00
-2.972206208218506340e+00
-3.291860792459550211e+00
-3.647851723177838235e+00
-4.043780156591555652e+00
-4.483400381446613459e+00
-4.970536355757440461e+00
-5.508953975891762944e+00
-6.102173733297969527e+00
-6.753204672768809758e+00
-7.464176817057612823e+00
-8.235846266820892936e+00
-9.066946490586207830e+00
-9.953363345500418902e+00
-1.088712391044701633e+01
-1.185521561274493330e+01
-1.283829902310621662e+01
-1.380945165129228513e+01
-1.473318421129220468e+01
-1.556509834914178825e+01
-1.625267928230872272e+01
-1.673778137427641965e+01
-1.696127835900284353e+01
-1.687000548588401116e+01
-1.642545197785596756e+01
-1.561274195994248437e+01
-1.444757793338465746e+01
-1.297853886740292317e+01
-1.128292767021830301e+01
-9.456297063893567056e+00
-7.598131754616357370e+00
-5.797691381219250317e+00
-4.123794403268194131e+00
-2.620488212473916168e+00
-1.308232565545987436e+00
-1.886462908454229481e-01
7.494751463402279379e-01
1.524587377123616916e+00
2.158118838610354473e+00
2.671636158930728033e+00
3.085222314476573580e+00
3.416718484572029535e+00
3.681508667439315818e+00
3.892606998163472554e+00
4.060889843531175991e+00
4.195378664343961006e+00
4.303522877026464855e+00
4.391458545751531162e+00
4.464233859292166429e+00
4.526000272643020850e+00
4.580171913557158803e+00
4.629557267590335812e+00
4.676467390174591010e+00
4.722804585459617677e+00
4.770134977779521002e+00
4.819747851856807763e+00
4.872704128768024390e+00
4.929875904414155130e+00
4.991978610221994295e+00
5.059597056057598685e+00
5.133206373202543027e+00
5.213188680669045283e+00
5.299846142052445863e+00
5.393410954944807045e+00
5.494052714554024774e+00
5.601883512806504761e+00
5.716961070184526150e+00
5.839290147083994853e+00
5.968822442505389958e+00
6.105455158895559009e+00
6.249028391853416409e+00
6.399321491435923548e+00
6.556048537425569478e+00
6.718853073778959129e+00
6.887302257283191231e+00
7.060880591924724392e+00
7.238983443272135609e+00
7.420910555774185902e+00
7.605859829501657288e+00
7.792921650374542430e+00
7.981074107701756404e+00
8.169179472730004221e+00
8.355982349000763421e+00
8.540109936081135444e+00
8.720074868376535449e+00
8.894281095314434893e+00
9.061033252799902016e+00
9.218549932906944022e+00
9.364981183983466906e+00
9.498430462287803522e+00
9.616981106131007095e+00
9.718727213908104900e+00
9.801808581301246548e+00
9.864449097328803262e+00
9.904997725386438745e+00
9.921970920280463346e+00
9.914095076064558754e+00
9.880347385975571939e+00
9.819993349914790670e+00
9.732619110460136724e+00
9.618156854759332575e+00
9.476901698861153633e+00
9.309518774903896343e+00
9.117039659794452078e+00
8.900847793605835889e+00
8.662653102385252879e+00
8.404456620239786346e+00
8.128506452053409603e+00
7.837246884719737849e+00
7.533262801759344818e+00
7.219221755552439390e+00
6.897816089925734140e+00
6.571707386381151927e+00
6.243475247922829929e+00
5.915572065555612546e+00
5.590284972310047173e+00
5.269705719196263516e+00
4.955708745949788607e+00
4.649937300027558784e+00
4.353797104677902929e+00
4.068456805919322683e+00
3.794854244240105423e+00
3.533707496831910433e+00
3.285529610963564551e+00
3.050645985408947158e+00
2.829213439503884153e+00
2.621240123207481787e+00
2.426605552581085679e+00
2.245080191647339518e+00
2.076344134512024375e+00
1.920004564408086534e+00
1.775611774847927427e+00
1.642673630274446683e+00
1.520668419005455796e+00
1.409056110545873874e+00
1.307288073930037875e+00
1.214815345510772637e+00
1.131095555560226673e+00
1.055598635202291469e+00
9.878114304330870565e-01
9.272413499720579821e-01
8.734191698492438372e-01
8.259011111571317176e-01
7.842702992294863229e-01
7.481377033980419755e-01
7.171426469847343999e-01
6.909529677261611047e-01
6.692648996901748859e-01
6.518027391276058902e-01
6.383183487261523403e-01
6.285905474635694601e-01
6.224244267173341116e-01
6.196506274727711094e-01
6.201246083560033595e-01
6.237259297641580824e-01
6.303575755274443138e-01
6.399453302668526300e-01
6.524372278570962358e-01
6.678030841176503252e-01
6.860341249880832493e-01
7.071427199527118290e-01
7.311622293224654401e-01
7.581469731202657991e-01
7.881723287147205381e-01
8.213349639724599749e-01
8.577532125211049241e-01
8.975675977029434760e-01
9.409415119249247006e-01
9.880620583438800564e-01
1.039141062135833238e+00
1.094416258950351883e+00
1.154152668505791457e+00
1.218644161592278063e+00
1.288215228959631142e+00
1.363222960606703005e+00
1.444059243768304635e+00
1.531153187303630148e+00
1.624973779082626413e+00
1.726032781160714347e+00
1.834887864792813961e+00
1.952145983363702042e+00
2.078466975717820464e+00
2.214567384664462679e+00
2.361224464983582738e+00
2.519280341259721112e+00
2.689646257304332710e+00
2.873306834493058570e+00
3.071324224403815251e+00
3.284841999627752696e+00
3.515088572947988599e+00
3.763379866012800612e+00
4.031120860178242893e+00
4.319805549467908179e+00
4.631014672672852051e+00
4.966410421437968736e+00
5.327727095529139589e+00
5.716756396053559897e+00
6.135325702181321006e+00
6.585267256853315487e+00
7.068375683397211340e+00
7.586350663006677486e+00
8.140720925427828547e+00
8.732744958489883302e+00
9.363283065930243509e+00
1.003263467353152372e+01
1.074033423279279731e+01
1.148489891222440562e+01
1.226352182507307198e+01
1.307170629463889711e+01
1.390284026406220974e+01
1.474771627809127672e+01
1.559401253776961305e+01
1.642576545551063916e+01
1.722288481147569428e+01
1.796078921166185438e+01
1.861027071134319044e+01
1.913772912944532223e+01
1.950594063457940663e+01
1.967552847034304264e+01
1.960726830251353192e+01
1.926526713762950038e+01
1.862088964969495919e+01
1.765707412723206460e+01
1.637242005287574642e+01
1.478421948118625195e+01
1.292955416434036842e+01
1.086378999128239897e+01
8.656298011994774555e+00
6.383918036109406557e+00
4.123330289845853258e+00
1.943845163811583898e+00
-9.800696572496692127e-02
-1.961264193939161071e+00
-3.620633903069212955e+00
-5.064489828206006017e+00
-6.291687146157413757e+00
-7.308112025496916964e+00
-8.123643069751215862e+00
-8.749884687791883664e+00
-9.198756089365970112e+00
-9.481837522180908806e+00
-9.610286885585447081e+00
-9.595118506105007938e+00
-9.447652311530459812e+00
-9.179974833247378285e+00
-8.805292283415143473e+00
-8.338096224334636375e+00
-7.794102874963689587e+00
-7.189966627736405158e+00
-6.542804143029341546e+00
-5.869593398598430767e+00
-5.186528214854566166e+00
-4.508410602232734377e+00
-3.848151187834550235e+00
-3.216425429905760858e+00
-2.621505885414437742e+00
-2.069264471155748630e+00
-1.563318242892552057e+00
-1.105280232283553321e+00
-6.950734318346544205e-01
-3.312693883163118636e-01
-1.142046742920532765e-02
2.676358869339621194e-01
5.095136442202196081e-01
7.180607662745752684e-01
8.971877926872039444e-01
1.050738875783913784e+00
1.182399843510431925e+00
1.295637183968255668e+00
1.393661933084601401e+00
1.479412977055829748e+00
1.555555017011249319e+00
1.624487231552271371e+00
1.688359424705866196e+00
1.749093118329425156e+00
1.808405623114655913e+00
1.867835600964390830e+00
1.928769021422116925e+00
1.992464726784107798e+00
2.060079065619141225e+00
2.132689242808601282e+00
2.211315174585188448e+00
2.296939736495651641e+00
2.390527356308675522e+00
2.493040936741655056e+00
2.605457097195446714e+00
2.728779700778149131e+00
2.864051582651691241e+00
3.012364316523798990e+00
3.174865744695081204e+00
3.352764848499481420e+00
3.547333343504693204e+00
3.759903138986445903e+00
3.991858494008956537e+00
4.244621322209561676e+00
4.519627634008571704e+00
4.818292551581125238e+00
5.141960689352274017e+00
5.491837976793693343e+00
5.868900253074620821e+00
6.273773270315146533e+00
6.706578257446746072e+00
7.166737174545272815e+00
7.652732623997798633e+00
8.161819660532193765e+00
8.689691253447549002e+00
9.230106904308611249e+00
9.774506018536969876e+00
1.031164500175295373e+01
1.082731989816307738e+01
1.130426322863029220e+01
1.172233003941739859e+01
1.205910511942135699e+01
1.229105675491610405e+01
1.239531430496969300e+01
1.235204100560676643e+01
1.214720608655380474e+01
1.177535519987629087e+01
1.124179723924764929e+01
1.056356254710324905e+01
9.768631684328413556e+00
8.893309804031336085e+00
7.978137441463042379e+00
7.063185808004575961e+00
6.183772042055404761e+00
5.367452716890783293e+00
4.632701862268499227e+00
3.989170282884924035e+00
3.439064267544670095e+00
2.979063892213922315e+00
2.602284433813287556e+00
2.299964550764698856e+00
2.062745876849829241e+00
1.881538939436520508e+00
1.748040359251508580e+00
1.654989652267701672e+00
1.596249784937652239e+00
1.566779487088200140e+00
1.562546788855145419e+00
1.580416943390148043e+00
1.618035334699533978e+00
1.673717080679072211e+00
1.746349144624918415e+00
1.835307073074130990e+00
1.940386292312866301e+00
2.061746687092110175e+00
2.199868569872569957e+00
2.355517863654372324e+00
2.529718189131345607e+00
2.723727449341889706e+00
2.939016361660537147e+00
3.177246140180060685e+00
3.440242136704575682e+00
3.729959669117108412e+00
4.048437472406931192e+00
4.397733182240414429e+00
4.779834008261939715e+00
5.196534322100048620e+00
5.649270398538633664e+00
6.138901263035767997e+00
6.665423976778176218e+00
7.227612500809454943e+00
7.822572715112574571e+00
8.445213939441927664e+00
9.087651649338162940e+00
9.738579536503896961e+00
1.038268374792322035e+01
1.100021826438190864e+01
1.156691369495780641e+01
1.205444004411238268e+01
1.243166367904033009e+01
1.266689450353573143e+01
1.273117180936896808e+01
1.260236356019327353e+01
1.226948125544619650e+01
1.173625048885171651e+01
1.102281483127036665e+01
1.016468267611583798e+01
9.208713686666699871e+00
8.206887306006326099e+00
7.209378232023095023e+00
6.258669559255968906e+00
5.385951029263032375e+00
4.610158399151844222e+00
3.939178452706971978e+00
3.372309174348639971e+00
2.903070348795932620e+00
2.521734084273153265e+00
2.217275027749835647e+00
1.978692967528239866e+00
1.795799753918055019e+00
1.659610038563859691e+00
1.562469490845090681e+00
1.498026267900948838e+00
1.461120191102138532e+00
1.447637580628199361e+00
1.454360193932530132e+00
1.478823586875475327e+00
1.519191971949485076e+00
1.574151791763677144e+00
1.642823568287699043e+00
1.724690282011242415e+00
1.819540016341673727e+00
1.927420513699826810e+00
2.048603412819927971e+00
2.183556143420937623e+00
2.332919671999096334e+00
2.497490481531579487e+00
2.678205308009052210e+00
2.876127237990065755e+00
3.092431789166583123e+00
3.328391548119520316e+00
3.585357825119111830e+00
3.864737605155680988e+00
4.167963829446826196e+00
4.496456738284758003e+00
4.851573656892087527e+00
5.234544234938192098e+00
5.646387799326323176e+00
6.087809217048394395e+00
6.559069596012566450e+00
7.059828432745391957e+00
7.588954666066404009e+00
8.144305807529743646e+00
8.722477257232929659e+00
9.318528491889301435e+00
9.925699433461591781e+00
1.053513923918989725e+01
1.113568092379940566e+01
1.171370791246750898e+01
1.225317108211232231e+01
1.273582393253700218e+01
1.314174451874735183e+01
1.345019971845570517e+01
1.364087435893044109e+01
1.369543117663508269e+01
1.359928991935044174e+01
1.334342686623490515e+01
1.292592209165384709e+01
1.235295071646235066e+01
1.163895360277565949e+01
1.080584336177250826e+01
9.881285314817612075e+00
8.896292170550601952e+00
7.882522307822561025e+00
6.869722829323420044e+00
5.883694405310336606e+00
4.945003524308218879e+00
4.068486085456447299e+00
3.263432454638967695e+00
2.534253925597351742e+00
1.881409408722064303e+00
1.302401659105000498e+00
7.927083556394592945e-01
3.465721481359683165e-01
-4.237830770897560440e-02
-3.806721295496544033e-01
-6.746830554466001217e-01
-9.304309484526392948e-01
-1.153469671123063200e+00
-1.348836637308215014e+00
-1.521044184975740343e+00
-1.674097711005702482e+00
-1.811529662082741687e+00
-1.936441793656034083e+00
-2.051550618537488990e+00
-2.159232789061207747e+00
-2.261568436855680098e+00
-2.360381367262652574e+00
-2.457275583391637319e+00
-2.553667984747845843e+00
-2.650817311941387366e+00
-2.749849538694098428e+00
-2.851779977905871011e+00
-2.957532392474576000e+00
-3.067955399173967646e+00
-3.183836435383117447e+00
-3.305913530511751297e+00
-3.434885090859383094e+00
-3.571417871041935310e+00
-3.716153268595423054e+00
-3.869712041790924317e+00
-4.032697514485092505e+00
-4.205697296131071461e+00
-4.389283509890044677e+00
-4.584011487076843139e+00
-4.790416851949095722e+00
-5.009010887232248521e+00
-5.240274038083777342e+00
-5.484647381044115200e+00
-5.742521855887554594e+00
-6.014225033660412834e+00
-6.300005175695209125e+00
-6.600012328920430882e+00
-6.914276206193619601e+00
-7.242680621629173032e+00
-7.584934296186965241e+00
-7.940537925704084898e+00
-8.308747521017465942e+00
-8.688534197965068984e+00
-9.078540824777448393e+00
-9.477036236595830943e+00
-9.881868111216542516e+00
-1.029041607309565265e+01
-1.069954715465834560e+01
-1.110557638604722364e+01
-1.150423598370656464e+01
-1.189065732284223031e+01
-1.225937054315367725e+01
-1.260432715778992296e+01
-1.291895128944187476e+01
-1.319622499597696930e+01
-1.342881240636255491e+01
-1.360922590500188711e+01
-1.373003525268168445e+01
-1.378411726418099015e+01
-1.376493954807632925e+01
-1.366686709334691585e+01
-1.348547559805799345e+01
-1.321785101178947208e+01
-1.286285158564820108e+01
-1.242130760994041694e+01
-1.189613566566890590e+01
-1.129234900607726466e+01
-1.061695351820393007e+01
-9.878728907782384994e+00
-9.087906061895289156e+00
-8.255762348553215446e+00
-7.394165210216817385e+00
-6.515099388272425074e+00
-5.630213682603765868e+00
-4.750419312819017748e+00
-3.885564505013357817e+00
-3.044200264648710519e+00
-2.233442046588245411e+00
-1.458922721483351559e+00
-7.248249915443000235e-01
-3.397681273301789151e-02
6.120085223833691135e-01
1.212565577205027001e+00
1.767999081526479888e+00
2.279308124047696005e+00
2.748021561468895868e+00
3.176050683279089348e+00
3.565562322494377767e+00
3.918873352186418302e+00
4.238365882825283926e+00
4.526421420954381603e+00
4.785371666382831179e+00
5.017463399636286958e+00
5.224834935983265538e+00
5.409501805159989907e+00
5.573349585238093873e+00
5.718132122978844656e+00
5.845473676709332267e+00
5.956873800069202751e+00
6.053714034790743881e+00
6.137265693799748512e+00
6.208698192602018828e+00
6.269087529965449157e+00
6.319424632404246012e+00
6.360623365416457453e+00
6.393528082204788632e+00
6.418920631712976110e+00
6.437526785698761245e+00
6.450022072145896956e+00
6.457037021968067947e+00
6.459161849580053349e+00
6.456950597003426218e+00
6.450924776896656887e+00
6.441576553140959227e+00
6.429371499045469562e+00
6.414750973361045716e+00
6.398134153483805875e+00
6.379919763761537688e+00
6.360487534888561001e+00
6.340199428133356463e+00
6.319400655694474622e+00
6.298420525901623712e+00
6.277573139327920160e+00
6.257157959199544095e+00
6.237460276813985516e+00
6.218751590034571564e+00
6.201289910339009559e+00
6.185320011381947758e+00
6.171073629601902866e+00
6.158769625075357190e+00
6.148614108607255879e+00
6.140800538958004040e+00
6.135509792151092157e+00
6.132910202990037973e+00
6.133157577244612746e+00
6.136395171449434471e+00
6.142753635897500786e+00
6.152350915211509452e+00
6.165292099841492401e+00
6.181669220974144174e+00
6.201560980654648780e+00
6.225032408425612118e+00
6.252134435493307052e+00
6.282903377356083396e+00
6.317360315996324083e+00
6.355510373174181993e+00
6.397341867104128887e+00
6.442825345886988408e+00
6.491912492561750625e+00
6.544534898592378802e+00
6.600602705082436295e+00
6.660003114089446008e+00
6.722598776172038271e+00
6.788226064830099382e+00
6.856693253874930782e+00
6.927778620070984772e+00
7.001228500688620571e+00
7.076755343942234155e+00
7.154035799670630524e+00
7.232708908009414905e+00
7.312374455107002014e+00
7.392591576961080158e+00
7.472877704910274588e+00
7.552707958787676645e+00
7.631515105660325204e+00
7.708690212704075506e+00
7.783584131176541909e+00
7.855509953546433444e+00
7.923746586336283038e+00
7.987543575716561151e+00
8.046127309849632425e+00
8.098708699927755106e+00
8.144492409422390722e+00
8.182687657204883891e+00
8.212520564352224994e+00
8.233247946778696758e+00
8.244172377448002464e+00
8.244658255095478339e+00
8.234148524718372997e+00
8.212181603545534614e+00
8.178407981050746400e+00
8.132605890150395922e+00
8.074695396943250003e+00
8.004750236056901613e+00
7.923006734806611995e+00
7.829869227046059699e+00
7.725911459108045776e+00
7.611873634322653182e+00
7.488654923894300985e+00
7.357301480882380673e+00
7.218990217409413823e+00
7.075008827045033755e+00
6.926732737377040650e+00
6.775599845441968583e+00
6.623084006754570652e+00
6.470668307089366245e+00
6.319819140224087306e+00
6.171962045765162941e+00
6.028460135866243519e+00
5.890595769845121232e+00
5.759555936433885748e+00
5.636421591191357550e+00
5.522160987639792573e+00
5.417626849146995660e+00
5.323557065452277470e+00
5.240578470149532819e+00
5.169213166505847390e+00
5.109886818151596621e+00
5.062938304877481421e+00
5.028630156340526014e+00
5.007159211028176848e+00
4.998666997099559417e+00
5.003249388778156614e+00
5.020965150697294099e+00
5.051843038028355437e+00
5.095887168678627788e+00
5.153080422989593679e+00
5.223385655144758388e+00
5.306744519070997868e+00
5.403073721300277299e+00
5.512258516482026138e+00
5.634143261585799145e+00
5.768518847148869533e+00
5.915106834467609431e+00
6.073540154313536554e+00
6.243340275362921687e+00
6.423890840912846123e+00
6.614407914551367007e+00
6.813907184978228671e+00
7.021168773807692887e+00
7.234700683866296167e+00
7.452702431551747608e+00
7.673031029492694444e+00
7.893172214855399105e+00
8.110220621240332051e+00
8.320873402665448282e+00
8.521442528493231805e+00
8.707891419991987902e+00
8.875901583197329359e+00
9.020974160407844167e+00
9.138569617799793932e+00
9.224285901755209238e+00
9.274071255079892495e+00
9.284462640339805617e+00
9.252834849013625629e+00
9.177639732764978575e+00
9.058610756365984784e+00
8.896906571137442654e+00
8.695169705752782363e+00
8.457483355104509215e+00
8.189220256082608174e+00
7.896791287489011602e+00
7.587315281834940528e+00
7.268242741593598844e+00
6.946972242546981313e+00
6.630497951153836667e+00
6.325120114448838038e+00
6.036239306222289436e+00
5.768242241161809503e+00
5.524474801770864474e+00
5.307288629080727738e+00
5.118142235684248753e+00
4.957736084926644082e+00
4.826162653932631663e+00
4.723056013498071692e+00
4.647729777304266285e+00
4.599296503715448736e+00
4.576765216053923169e+00
4.579116393355821657e+00
4.605355556251388371e+00
4.654547553535927307e+00
4.725834026162562651e+00
4.818436475228284444e+00
4.931647054358586857e+00
5.064808775778712580e+00
5.217286360643386800e+00
5.388428548182551125e+00
5.577522357006193587e+00
5.783739608087124395e+00
6.006076012806178532e+00
6.243283343935144281e+00
6.493795689996543885e+00
6.755651593854414827e+00
7.026415039096366222e+00
7.303099796929909182e+00
7.582103561877319819e+00
7.859160488484230100e+00
8.129322975806680063e+00
8.386985451150987814e+00
8.625963906564409811e+00
8.839644283652027923e+00
9.021209621423135872e+00
9.163949392623665702e+00
9.261644253427236961e+00
9.309005896964714921e+00
9.302136377984277615e+00
9.238957060863910442e+00
9.119548226177105477e+00
8.946340554238407350e+00
8.724112149911221081e+00
8.459769595706152501e+00
8.161924964744896371e+00
7.840315497711324078e+00
7.505139887844491042e+00
7.166397445887275452e+00
6.833310741942938193e+00
6.513891014186305561e+00
6.214675451578709264e+00
5.940634795392776724e+00
5.695225585670676161e+00
5.480547520896350555e+00
5.297562926829892938e+00
5.146339802927887064e+00
5.026288857572271063e+00
4.936375145855479651e+00
4.875294145378301636e+00
4.841609209475849163e+00
4.833852068139477431e+00
4.850590687871489060e+00
4.890469866813795363e+00
4.952229967152082857e+00
5.034708623758527679e+00
5.136829446344831851e+00
5.257580868200552260e+00
5.395987514689908338e+00
5.551075834181123270e+00
5.721835280069858420e+00
5.907176061453953686e+00
6.105884388723739065e+00
6.316576222158056808e+00
6.537650778066873336e+00
6.767245446351585869e+00
7.003194306514427758e+00
7.242993063678501819e+00
7.483773908741978786e+00
7.722294455482008324e+00
7.954945405764807020e+00
8.177781789463965723e+00
8.386582336465114196e+00
8.576940572596093659e+00
8.744389423220940927e+00
8.884558368417662777e+00
8.993358573137820500e+00
9.067187167167769957e+00
9.103137465610624091e+00
9.099198121419417973e+00
9.054421849288541324e+00
8.969044289993489016e+00
8.844536374541174695e+00
8.683579286856696555e+00
8.489959257272305493e+00
8.268388755988366867e+00
8.024269578284123128e+00
7.763420154299693010e+00
7.491792894845304751e+00
7.215206952301604915e+00
6.939117746067561932e+00
6.668438022217856975e+00
6.407417536239017331e+00
6.159581113575968381e+00
5.927718964461451634e+00
5.713919299358049209e+00
5.519631581559593769e+00
5.345748843240540005e+00
5.192698849426786722e+00
5.060535951125173959e+00
4.949027735523796601e+00
4.857732708564399537e+00
4.786067030874235684e+00
4.733359692247940842e+00
4.698896458633814888e+00
4.681953514534003880e+00
4.681822029342391112e+00
4.697824976425009957e+00
4.729327497429513194e+00
4.775741986350062085e+00
4.836528908969175866e+00
4.911194201558836347e+00
4.999283926208379469e+00
5.100376709483092519e+00
5.214074361806758873e+00
5.339990969225528517e+00
5.477740667368517613e+00
5.626924248853428345e+00
5.787114719168918953e+00
5.957841901346482061e+00
6.138576195913422850e+00
6.328711629380238790e+00
6.527548371740629740e+00
6.734274971030218104e+00
6.947950640484807927e+00
7.167488040158102258e+00
7.391637117732191342e+00
7.618970708688747706e+00
7.847872737689939981e+00
8.076530001726519359e+00
8.302928638726410071e+00
8.524856476660193749e+00
8.739912498053257650e+00
8.945524620847873365e+00
9.138976865245147962e+00
9.317446725358665915e+00
9.478053176961967807e+00
9.617915220281295419e+00
9.734220185717450846e+00
9.824300245295038536e+00
9.885714720277178458e+00
9.916334925386498966e+00
9.914427532135846377e+00
9.878731870219571221e+00
9.808526319520035841e+00
9.703679063272218741e+00
9.564679029412346267e+00
9.392643847297682314e+00
9.189303036945700498e+00
8.956956313819155469e+00
8.698408670358574568e+00
8.416885593642268404e+00
8.115933204445614280e+00
7.799309095072789688e+00
7.470870097298633716e+00
7.134463096537381865e+00
6.793824368665496216e+00
6.452491860924205014e+00
6.113733519651793458e+00
5.780493352178991628e+00
5.455355553907024202e+00
5.140525858590027752e+00
4.837828360979677278e+00
4.548715451194894399e+00
4.274288183742109837e+00
4.015324344872870377e+00
3.772311625446447714e+00
3.545483591354742003e+00
3.334856510889150805e+00
3.140265497649902038e+00
2.961398819719449627e+00
2.797829584007054837e+00
2.649044313167122855e+00
2.514468184593487976e+00
2.393486896673758579e+00
2.285465271147435473e+00
2.189762798941194077e+00
2.105746398169047406e+00
2.032800684991991957e+00
1.970336067989718609e+00
1.917794970876182781e+00
1.874656471951641201e+00
1.840439625698375048e+00
1.814705705484037201e+00
1.797059578683616321e+00
1.787150398230782589e+00
1.784671768684838344e+00
1.789361520963584029e+00
1.801001208256787889e+00
1.819415416397228036e+00
1.844470965078098601e+00
1.876076061623750402e+00
1.914179456344695218e+00
1.958769637605797032e+00
2.009874095363538338e+00
2.067558673836977778e+00
2.131927026924618662e+00
2.203120183730154391e+00
2.281316225885605231e+00
2.366730073038385118e+00
2.459613367679824858e+00
2.560254445216321617e+00
2.668978369594690037e+00
2.786147008653725887e+00
2.912159116431445316e+00
3.047450381636304328e+00
3.192493392086840132e+00
3.347797453798580847e+00
3.513908190170058621e+00
3.691406830965778152e+00
3.880909082038120239e+00
4.083063444446966450e+00
4.298548825252636263e+00
4.528071251163973798e+00
4.772359459789723424e+00
5.032159100852270583e+00
5.308225230829259012e+00
5.601312728687505960e+00
5.912164197525490827e+00
6.241494847337052398e+00
6.589973778707236995e+00
6.958201007994852638e+00
7.346679494803517230e+00
7.755781357626917227e+00
8.185707401496109981e+00
8.636439043847449426e+00
9.107681727872757094e+00
9.598798978297557127e+00
1.010873641183817462e+01
1.063593530054255609e+01
1.117823574649057328e+01
1.173277021484417837e+01
1.229584914907442439e+01
1.286284171869999327e+01
1.342805647966642368e+01
1.398462889177648627e+01
1.452442522326288454e+01
1.503797529232696917e+01
1.551444955017629823e+01
1.594169884754258604e+01
1.630637730428114551e+01
1.659416926837143436e+01
1.679013946987829087e+01
1.687922011740391426e+01
1.684683891591113891e+01
1.667967727107670228e+01
1.636652854953438663e+01
1.589920367002548929e+01
1.527340851745615424e+01
1.448949922219054898e+01
1.355301272054778394e+01
1.247487648058721099e+01
1.127122618054587555e+01
9.962803079711735066e+00
8.573958550737184936e+00
7.131351825071489792e+00
5.662475888065251262e+00
4.194173937343379066e+00
2.751307793427148152e+00
1.355710195673639040e+00
2.550240596037101071e-02
-1.225200760516770737e+00
-2.386231280368313890e+00
-3.451026777237138354e+00
-4.416101837950855646e+00
-5.280427608492010094e+00
-6.044802944646641585e+00
-6.711279678040960484e+00
-7.282681579224469459e+00
-7.762235672765434025e+00
-8.153318041298623697e+00
-8.459304808410799126e+00
-8.683512148580353696e+00
-8.829205927532633780e+00
-8.899660823873531967e+00
-8.898249586937293287e+00
-8.828544785024606156e+00
-8.694417602345406948e+00
-8.500120770035499262e+00
-8.250345507988491534e+00
-7.950245392384237775e+00
-7.605423307125332322e+00
-7.221880980531662608e+00
-6.805933871173133198e+00
-6.364097109427049759e+00
-5.902950564312093640e+00
-5.428992657872853123e+00
-4.948493140283161118e+00
-4.467354631397378206e+00
-3.990991420554113933e+00
-3.524232002988223478e+00
-3.071249403921278098e+00
-2.635520814424156644e+00
-2.219815727186234877e+00
-1.826209840665449669e+00
-1.456120632212273946e+00
-1.110359725893593774e+00
-7.891969585994669245e-01
-4.924312805420952843e-01
-2.194641852693470230e-01
3.062788316141534795e-02
2.590248708902921360e-01
4.671001189934338438e-01
6.563642216738385660e-01
8.284163185886623815e-01
9.849029241319389172e-01
1.127484045747272345e+00
1.257806105579179601e+00
1.377481035697561973e+00
1.488070846207764308e+00
1.591076948528593826e+00
1.687933536382184796e+00
1.780004371175944122e+00
1.868582376192811978e+00
1.954891507845988752e+00
2.040090436979768551e+00
2.125277635345421690e+00
2.211497519764666908e+00
2.299747357807198078e+00
2.390984683311433656e+00
2.486135007353676318e+00
2.586099640055125715e+00
2.691763460666239727e+00
2.804002487368917329e+00
2.923691103728658369e+00
3.051708795044534739e+00
3.188946234057077778e+00
3.336310530343756575e+00
3.494729419660171921e+00
3.665154116474936163e+00
3.848560482577476627e+00
4.045948074077027279e+00
4.258336515176941006e+00
4.486758506436925309e+00
4.732248604600802544e+00
4.995826707947554013e+00
5.278474944639853561e+00
5.581106393943141342e+00
5.904523779099394076e+00
6.249365972405463765e+00
6.616039877458206320e+00
7.004635050320074718e+00
7.414818368676743709e+00
7.845706272829246153e+00
8.295712751723753442e+00
8.762372558817357771e+00
9.242141409168699084e+00
9.730178479312852957e+00
1.022012177318918802e+01
1.070387413526067100e+01
1.117142697468259627e+01
1.161075974028576496e+01
1.200786468183842359e+01
1.234695607484618840e+01
1.261092697040960076e+01
1.278210921966984692e+01
1.284336775393199304e+01
1.277951266868609181e+01
1.257894165406149689e+01
1.223533825016780874e+01
1.174916749209458011e+01
1.112866006595405999e+01
1.038999299800151377e+01
9.556481481937579403e+00
8.656785899606703083e+00
7.722365071162340833e+00
6.784597305665656997e+00
5.872072768473987736e+00
5.008500440904714246e+00
4.211495050073589042e+00
3.492284180350832656e+00
2.856182849562920012e+00
2.303573883577621828e+00
1.831115927968232304e+00
1.432951471083242057e+00
1.101767114771138978e+00
8.296360884899860455e-01
6.086315239613260264e-01
4.312342503062625010e-01
2.905745964957192617e-01
1.805503425472445578e-01
9.585851468422931787e-02
3.197144565859044718e-02
-1.492004954302644792e-02
-4.798017584868627394e-02
-6.980743377130263494e-02
-8.251273890741664396e-02
-8.779229742180372220e-02
-8.699310086888178972e-02
-8.117019037341524634e-02
-7.113564944335039331e-02
-5.749976131933938472e-02
-4.070501822491634503e-02
-2.105377357174810504e-02
1.269661438516415941e-03
2.618172078494096500e-02
5.368640610939871133e-02
8.386563866051419125e-02
1.168726442880577143e-01
1.529279661219851705e-01
1.923177846274787550e-01
2.353943022438193533e-01
2.825780193862974521e-01
3.343617904671299379e-01
3.913166033251793130e-01
4.540990736345557610e-01
5.234606879030855309e-01
6.002588646139503936e-01
6.854699323586345150e-01
7.802041450471418615e-01
8.857228648226985745e-01
1.003458038761785076e+00
1.135034068913542527e+00
1.282292116254372782e+00
1.447316772110719407e+00
1.632464852627667939e+00
1.840395789623996414e+00
2.074102656684323698e+00
2.336942214099861026e+00
2.632661383581213599e+00
2.965416138888171460e+00
3.339776737627310865e+00
3.760710277436702498e+00
4.233527422866079526e+00
4.763774440214023187e+00
5.357043992082298089e+00
6.018668152396589477e+00
6.753244781995793034e+00
7.563934493943615500e+00
8.451452278464373080e+00
9.412670804891318355e+00
1.043876197051435284e+01
1.151284777251920488e+01
1.260723949975363922e+01
1.368055293761957003e+01
1.467533173363189647e+01
1.551729157292105654e+01
1.611781544067843797e+01
1.638159627715377553e+01
1.622080476444140373e+01
1.557522165934488001e+01
1.443422878787501062e+01
1.285257800241639714e+01
1.095045514124779373e+01
8.892812619174295108e+00
6.853004795920716319e+00
4.975201224072373307e+00
3.350872390951486590e+00
2.015633755532306726e+00
9.615754408129346675e-01
1.551425896316791508e-01
-4.472961506508787988e-01
-8.893075065341738972e-01
-1.209311308668377327e+00
-1.438898297025814621e+00
-1.602972454387589618e+00
-1.720663384445014321e+00
-1.806433034971274942e+00
-1.871113293067317329e+00
-1.922780691227058636e+00
-1.967454694280571958e+00
-2.009638329701897597e+00
-2.052729278014419734e+00
-2.099329101723457214e+00
-2.151474363515223587e+00
-2.210808742760542511e+00
-2.278710991871938596e+00
-2.356390012805013701e+00
-2.444955497624963225e+00
-2.545470371148598865e+00
-2.658989576338961047e+00
-2.786588438560606562e+00
-2.929382834038808170e+00
-3.088542590225126006e+00
-3.265298896866773770e+00
-3.460945955475421609e+00
-3.676836601516777048e+00
-3.914371166877956387e+00
-4.174978386903232419e+00
-4.460086681611827863e+00
-4.771083649528261361e+00
-5.109261112949939232e+00
-5.475742572267034980e+00
-5.871389517891310028e+00
-6.296682803298704556e+00
-6.751575345590734578e+00
-7.235313002513751535e+00
-7.746221870616555982e+00
-8.281462839808801490e+00
-8.836758481267708021e+00
-9.406103717877059012e+00
-9.981480616653737314e+00
-1.055260913774384335e+01
-1.110677923519144805e+01
-1.162882372949794529e+01
-1.210130272764852677e+01
-1.250497407891391433e+01
-1.281961381719066395e+01
-1.302521871664042052e+01
-1.310356513607318085e+01
-1.304001560792526426e+01
-1.282536901683810804e+01
-1.245746628265258771e+01
-1.194222517613015455e+01
-1.129381756013479787e+01
-1.053383365342660305e+01
-9.689480830826447288e+00
-8.791083269490497898e+00
-7.869310100444018907e+00
-6.952605444840767923e+00
-6.065210050511603335e+00
-5.225988645076791173e+00
-4.448077669097687981e+00
-3.739209404025639394e+00
-3.102485685930189696e+00
-2.537366969492639956e+00
-2.040686374594869346e+00
-1.607563232758715488e+00
-1.232152914445084235e+00
-9.082169305065078690e-01
-6.295266281169177303e-01
-3.901280044880837128e-01
-1.844989587967439948e-01
-7.628146963515575196e-03
1.449602170431848192e-01
2.772167145369163199e-01
3.925983334012232429e-01
4.941115705095107113e-01
5.843604451344279749e-01
6.655951864067489732e-01
7.397590169440542152e-01
8.085315916045718865e-01
8.733684049464710553e-01
9.355359645961097703e-01
9.961428241363365910e-01
1.056166739205779637e+00
1.116478297338497017e+00
1.177861405522528493e+00
1.241031019822148140e+00
1.306648482260830191e+00
1.375334800390475731e+00
1.447682170261760382e+00
1.524264007372410301e+00
1.605643714659717558e+00
1.692382382808004682e+00
1.785045586512062243e+00
1.884209410909511551e+00
1.990465814934454292e+00
2.104427412440777356e+00
2.226731727066047828e+00
2.358044952340075717e+00
2.499065223800946978e+00
2.650525384117427663e+00
2.813195194618279160e+00
2.987882916316357385e+00
3.175436149536438268e+00
3.376741782584852025e+00
3.592724855442078979e+00
3.824346093071273156e+00
4.072597803455532350e+00
4.338497766792109189e+00
4.623080663422060255e+00
4.927386498410464277e+00
5.252445380116994578e+00
5.599257899404069150e+00
5.968770237488652874e+00
6.361843008053538640e+00
6.779212720199333297e+00
7.221444644279800151e+00
7.688875789209669520e+00
8.181546681191816717e+00
8.699120702743995182e+00
9.240789951157482918e+00
9.805166963459441831e+00
1.039016230033568888e+01
1.099284896639867171e+01
1.160931605885230766e+01
1.223451596999132107e+01
1.286211199212378276e+01
1.348433631289488233e+01
1.409187208791885304e+01
1.467377734534154499e+01
1.521747252884890500e+01
1.570881688426497291e+01
1.613230071090273654e+01
1.647137952222174206e+01
1.670897100236583199e+01
1.682812497365535265e+01
1.681285952531323602e+01
1.664913310740358199e+01
1.632589445690067009e+01
1.583612340325491985e+01
1.517775162930654531e+01
1.435434037066091051e+01
1.337539855903230368e+01
1.225625421760087264e+01
1.101744327626178865e+01
9.683646425310671546e+00
8.282273537435205668e+00
6.841851161054061770e+00
5.390398004571754775e+00
3.953968905037371417e+00
2.555511156181145882e+00
1.214118270453172110e+00
-5.529990001725493265e-02
-1.241970524500024986e+00
-2.338915453508445097e+00
-3.342413142530484382e+00
-4.251364023757517430e+00
-5.066643505983306817e+00
-5.790504473216236292e+00
-6.426067600020923365e+00
-6.976917133863975273e+00
-7.446804045292161334e+00
-7.839447978502891878e+00
-8.158423575036165332e+00
-8.407114368087077239e+00
-8.588717392145028384e+00
-8.706282948299179481e+00
-8.762775904693759443e+00
-8.761147048950899574e+00
-8.704405106236073664e+00
-8.595681996201284036e+00
-8.438285709978863736e+00
-8.235736866333388306e+00
-7.991786579421393810e+00
-7.710414749687660496e+00
-7.395809261765101894e+00
-7.052327804558457203e+00
-6.684445070106114883e+00
-6.296688886711710786e+00
-5.893569353727158955e+00
-5.479505244342883330e+00
-5.058751828525982042e+00
-4.635333868626385190e+00
-4.212986908502475814e+00
-3.795109185544592201e+00
-3.384725625404144900e+00
-2.984464512459402474e+00
-2.596546635861813446e+00
-2.222786045265011445e+00
-1.864601045341427232e+00
-1.523033726363293816e+00
-1.198776163471011458e+00
-8.922013996800948199e-01
-6.033974281576595100e-01
-3.322025749294820751e-01
-7.824092147986616563e-02
1.590433312418671474e-01
3.803533935731412408e-01
5.865099035177890885e-01
7.784238026115896103e-01
9.570722623657427208e-01
1.123477705587748954e+00
1.278689854702524276e+00
1.423770658272001333e+00
1.559781892780693235e+00
1.687775204570850951e+00
1.808784341836943144e+00
1.923819324513200035e+00
2.033862306989969060e+00
2.139864901804351849e+00
2.242746749330561506e+00
2.343395137179188126e+00
2.442665492122295667e+00
2.541382585908626535e+00
2.640342313643369465e+00
2.740313919032002499e+00
2.842042554441352564e+00
2.946252075233624090e+00
3.053647977063903340e+00
3.164920391710545733e+00
3.280747061445563162e+00
3.401796213846248751e+00
3.528729258165499871e+00
3.662203220739356002e+00
3.802872830187864928e+00
3.951392153075256708e+00
4.108415666895251839e+00
4.274598639339087569e+00
4.450596660341751942e+00
4.637064145908794011e+00
4.834651599722302961e+00
5.044001379574729604e+00
5.265741670463322421e+00
5.500478314599337892e+00
5.748784090925625812e+00
6.011184973871975146e+00
6.288142834788852831e+00
6.580033982879041510e+00
6.887122880442596795e+00
7.209530317372553121e+00
7.547195303030941105e+00
7.899829945324198022e+00
8.266866658076763130e+00
8.647397196646290141e+00
9.040103304035786991e+00
9.443179199881386765e+00
9.854246814813159006e+00
1.027026562022486011e+01
1.068744018528306938e+01
1.110113025466843339e+01
1.150577019922021726e+01
1.189480711057611551e+01
1.226066946501426180e+01
1.259478091605429384e+01
1.288763596198669958e+01
1.312895534020809052e+01
1.330793818639884307e+01
1.341362428037151311e+01
1.343537211183749491e+01
1.336344636042881362e+01
1.318969170826706439e+01
1.290824985340728048e+01
1.251625585746501379e+01
1.201443282187089956e+01
1.140749572112760468e+01
1.070428128023730707e+01
9.917544358620242306e+00
9.063401778236551465e+00
8.160456186436805481e+00
7.228684987869126388e+00
6.288220046377653638e+00
5.358161957124602637e+00
4.455563132027545947e+00
3.594679409362889544e+00
2.786539958722829002e+00
2.038832857308617186e+00
1.356060714494549124e+00
7.398943952071564967e-01
1.896447246723077518e-01
-2.972212259394888534e-01
-7.245768121356876978e-01
-1.097183858631528564e+00
-1.420312561946932117e+00
-1.699439549770381142e+00
-1.940020714026190030e+00
-2.147329891268089597e+00
-2.326352117367202599e+00
-2.481719980090071331e+00
-2.617682621473916615e+00
-2.738098529331478570e+00
-2.846444969024619187e+00
-2.945838498989563181e+00
-3.039062375507654679e+00
-3.128597754999175695e+00
-3.216656460885060298e+00
-3.305213731256648302e+00
-3.396039842304047429e+00
-3.490729846919575774e+00
-3.590730908425251666e+00
-3.697366869729153294e+00
-3.811859796166651826e+00
-3.935348278641531028e+00
-4.068902291397575866e+00
-4.213534371909590348e+00
-4.370206833078782438e+00
-4.539834633029279587e+00
-4.723283417742958790e+00
-4.921362119308960281e+00
-5.134809341836795937e+00
-5.364272604904554598e+00
-5.610279352053997748e+00
-5.873198487381658950e+00
-6.153191104671178024e+00
-6.450149062432723568e+00
-6.763620194467664604e+00
-7.092719311687180728e+00
-7.436024855777426446e+00
-7.791462244883709864e+00
-8.156176763150183362e+00
-8.526401451239198792e+00
-8.897328983625916621e+00
-9.263001005439575053e+00
-9.616233689529446238e+00
-9.948603880785006126e+00
-1.025052515825835897e+01
-1.051144589463483392e+01
-1.072019972006548372e+01
-1.086553007291621853e+01
-1.093679229042792933e+01
-1.092480777025898853e+01
-1.082280668554572323e+01
-1.062735432715035344e+01
-1.033912187682522088e+01
-9.963349041608209333e+00
-9.509866332595587224e+00
-8.992604486181457801e+00
-8.428610259139812655e+00
-7.836689797401831470e+00
-7.235882466818473802e+00
-6.644002105653373569e+00
-6.076457478401701806e+00
-5.545489172617756424e+00
-5.059862971088903372e+00
-4.624970791686346061e+00
-4.243231941705841059e+00
-3.914666903739543624e+00
-3.637526885374079200e+00
-3.408891728266869148e+00
-3.225183211637475900e+00
-3.082571069436996325e+00
-2.977270897728953702e+00
-2.905746126580632804e+00
-2.864832034662899041e+00
-2.851800708115822758e+00
-2.864383990921775425e+00
-2.900768393907705356e+00
-2.959572602273201625e+00
-3.039815170942283817e+00
-3.140877439411680960e+00
-3.262464667604131119e+00
-3.404566833248188207e+00
-3.567419344278292659e+00
-3.751463005949579266e+00
-3.957301851379344093e+00
-4.185656823109606073e+00
-4.437312729821957902e+00
-4.713055367714931165e+00
-5.013595189099646632e+00
-5.339473455343362041e+00
-5.690946507978051017e+00
-6.067843774404009238e+00
-6.469395620845423522e+00
-6.894028508361967233e+00
-7.339127552038668512e+00
-7.800771098183752805e+00
-8.273448950617119380e+00
-8.749785948909210020e+00
-9.220305930447258547e+00
-9.673287086630354636e+00
-1.009477628915453806e+01
-1.046884287214265186e+01
-1.077815469319227759e+01
-1.100494182264615795e+01
-1.113236641712064490e+01
-1.114623592687532216e+01
-1.103688635838743437e+01
-1.080094581475723992e+01
-1.044260749616121586e+01
-9.974045789551006180e+00
-9.414734162948169782e+00
-8.789661108533081801e+00
-8.126724367520120396e+00
-7.453808749077120765e+00
-6.796124826419040588e+00
-6.174275465800023177e+00
-5.603278423539753916e+00
-5.092510378526267090e+00
-4.646346197526502131e+00
-4.265190178739987736e+00
-3.946620093749095837e+00
-3.686445531983228108e+00
-3.479574046780184560e+00
-3.320653239853633920e+00
-3.204504284647711199e+00
-3.126385021682743570e+00
-3.082126234388329777e+00
-3.068180683016715093e+00
-3.081616564384436874e+00
-3.120078627175463470e+00
-3.181732811947186157e+00
-3.265204524207345749e+00
-3.369516449101940481e+00
-3.494028909159974106e+00
-3.638383834357165281e+00
-3.802452170797859576e+00
-3.986283774502237698e+00
-4.190058355234872245e+00
-4.414035739946856829e+00
-4.658503546695216713e+00
-4.923720262153508109e+00
-5.209851691171622612e+00
-5.516898811963273808e+00
-5.844615265524217840e+00
-6.192413096561787178e+00
-6.559256033036039213e+00
-6.943540651705687239e+00
-7.342967352258910729e+00
-7.754405276699333882e+00
-8.173758258133883459e+00
-8.595842581098100510e+00
-9.014291653784750835e+00
-9.421507262773213043e+00
-9.808681198190168260e+00
-1.016591358340536644e+01
-1.048245368559175716e+01
-1.074708352456281979e+01
-1.094865255783633273e+01
-1.107675219600493932e+01
-1.112249263687637502e+01
-1.107931473067166195e+01
-1.094374238743860239e+01
-1.071596469162005150e+01
-1.040013981625229711e+01
-1.000434035274188105e+01
-9.540110680176592695e+00
-9.021672256124254830e+00
-8.464876387046778916e+00
-7.886048653174590584e+00
-7.300882171911014851e+00
-6.723515707576869893e+00
-6.165885492967245973e+00
-5.637381734268029909e+00
-5.144788048970768912e+00
-4.692445648561138327e+00
-4.282567774867565902e+00
-3.915631205327841258e+00
-3.590784494242433844e+00
-3.306230414500611392e+00
-3.059557660481270425e+00
-2.848011279710375376e+00
-2.668701458351524725e+00
-2.518756416730381531e+00
-2.395428123307613788e+00
-2.296160302543927667e+00
-2.218627668762000571e+00
-2.160754120011219026e+00
-2.120716207387254304e+00
-2.096936811195599937e+00
-2.088072733651550550e+00
-2.092998905464491077e+00
-2.110791101384386081e+00
-2.140708445311003238e+00
-2.182176527844440272e+00
-2.234771626328009297e+00
-2.298206280699019111e+00
-2.372316313559941214e+00
-2.457049270278963693e+00
-2.552454179374899379e+00
-2.658672483288726962e+00
-2.775929956132793031e+00
-2.904529401620083551e+00
-3.044843906288301483e+00
-3.197310406788298920e+00
-3.362423312776579465e+00
-3.540727906899272082e+00
-3.732813219066937194e+00
-3.939304042710952469e+00
-4.160851725392223699e+00
-4.398123324831754388e+00
-4.651788674490322961e+00
-4.922504851249736468e+00
-5.210897483453120316e+00
-5.517538283685825995e+00
-5.842918142009238203e+00
-6.187415078856840722e+00
-6.551256342221241979e+00
-6.934473954353623348e+00
-7.336853086430503268e+00
-7.757872787837047923e+00
-8.196638847420917529e+00
-8.651808949903340817e+00
-9.121510848176104247e+00
-9.603255039413388872e+00
-1.009384444431700523e+01
-1.058928486775060485e+01
-1.108470156621954850e+01
-1.157426902559154946e+01
-1.205116296594297332e+01
-1.250754546509601539e+01
-1.293459565499632191e+01
-1.332259931214878002e+01
-1.366111034867664742e+01
-1.393919516368885247e+01
-1.414576650295064653e+01
-1.427000651728239511e+01
-1.430186905699573963e+01
-1.423263937244793631e+01
-1.405551648718309465e+01
-1.376617149508034821e+01
-1.336322642735753341e+01
-1.284859584215884354e+01
-1.222763913138562586e+01
-1.150908667549330744e+01
-1.070472644159672271e+01
-9.828866279889085789e+00
-8.897616127878691827e+00
-7.928057979910556163e+00
-6.937384986608810422e+00
-5.942091733292347300e+00
-4.957285862110584418e+00
-3.996169811840415420e+00
-3.069715437821183723e+00
-2.186528905309316428e+00
-1.352882795250669457e+00
-5.728792547117603773e-01
1.512973053627948428e-01
8.190781768440998922e-01
1.431193344839902126e+00
1.989365669275805049e+00
2.496033789108345502e+00
2.954113511976613982e+00
3.366801250978716187e+00
3.737418638067389498e+00
4.069294649178511136e+00
4.365680115334457767e+00
4.629689010371278002e+00
4.864261067432217978e+00
5.072140811985454967e+00
5.255868809193727564e+00
5.417781673956397981e+00
5.560018101769038879e+00
5.684528805384768013e+00
5.793088769893264711e+00
5.887310667105988493e+00
5.968658607720470854e+00
6.038461669272895627e+00
6.097926832979812417e+00
6.148151106090464779e+00
6.190132709643526354e+00
6.224781284036177809e+00
6.252927114253113317e+00
6.275329409027179395e+00
6.292683688290065191e+00
6.305628344569394805e+00
6.314750449148666789e+00
6.320590874781594870e+00
6.323648804962079595e+00
6.324385696213348673e+00
6.323228755294725723e+00
6.320573988132763610e+00
6.316788872006937616e+00
6.312214697286151477e+00
6.307168619967211676e+00
6.301945461499268930e+00
6.296819287938842713e+00
6.292044796391088823e+00
6.287858532959424096e+00
6.284479963040633166e+00
6.282112411752254211e+00
6.280943889545164360e+00
6.281147815616744623e+00
6.282883649577767571e+00
6.286297439918757668e+00
6.291522296149095972e+00
6.298678790026293939e+00
6.307875290036596638e+00
6.319208232216321441e+00
6.332762329502690690e+00
6.348610721062020623e+00
6.366815062452498175e+00
6.387425557031067846e+00
6.410480928703765180e+00
6.436008335942907443e+00
6.464023226951717049e+00
6.494529135947992415e+00
6.527517420766302259e+00
6.562966942347578936e+00
6.600843687202495147e+00
6.641100334608795563e+00
6.683675771142175037e+00
6.728494556155660611e+00
6.775466343024461047e+00
6.824485262372177452e+00
6.875429275099329551e+00
6.928159504853374173e+00
6.982519561614182635e+00
7.038334870318858627e+00
7.095412020906509909e+00
7.153538158809961800e+00
7.212480437729289484e+00
7.271985559449471559e+00
7.331779428453487846e+00
7.391566952055724116e+00
7.451032019640241089e+00
7.509837697212168983e+00
7.567626675710850570e+00
7.624022013216970706e+00
7.678628212113937757e+00
7.731032672214463553e+00
7.780807559596332190e+00
7.827512128155425408e+00
7.870695526427226696e+00
7.909900115811782761e+00
7.944665317753869083e+00
7.974531996524778066e+00
7.999047370945939761e+00
8.017770432711635920e+00
8.030277831062303306e+00
8.036170163740315786e+00
8.035078592911968798e+00
8.026671682737744007e+00
8.010662333385417000e+00
7.986814665555543868e+00
7.954950691225702641e+00
7.914956591620262216e+00
7.866788413710469108e+00
7.810476993123869782e+00
7.746131915312152394e+00
7.673944339042217067e+00
7.594188527206552131e+00
7.507221959588623150e+00
7.413483940010278772e+00
7.313492655089866901e+00
7.207840691937256850e+00
7.097189075282000381e+00
6.982259938159083745e+00
6.863827991523295147e+00
6.742711004163842503e+00
6.619759542375221351e+00
6.495846246747197128e+00
6.371854939501313098e+00
6.248669859096033896e+00
6.127165309233211232e+00
6.008195987628145218e+00
5.892588227405713752e+00
5.781132342822018266e+00
5.674576223683414966e+00
5.573620272062824732e+00
5.478913723422731863e+00
5.391052344577032862e+00
5.310577455232170507e+00
5.237976179835723833e+00
5.173682803277013242e+00
5.118081078218819968e+00
5.071507313552821472e+00
5.034254062262236928e+00
5.006574222070706348e+00
4.988685362614784680e+00
4.980774097292703928e+00
4.983000325140897857e+00
4.995501176816363298e+00
5.018394507847951047e+00
5.051781790733654631e+00
5.095750264353920755e+00
5.150374203901481707e+00
5.215715176686709142e+00
5.291821148609153092e+00
5.378724302918059585e+00
5.476437427564486704e+00
5.584948720795317456e+00
5.704214857920428372e+00
5.834152157205059197e+00
5.974625682066179166e+00
6.125436123451297732e+00
6.286304324672318700e+00
6.456853346383714332e+00
6.636588028388054283e+00
6.824872095347084944e+00
7.020902984262233915e+00
7.223684752568698464e+00
7.431999666751529787e+00
7.644379381241099836e+00
7.859077001485898606e+00
8.074041782925915456e+00
8.286898738428734035e+00
8.494935984920431338e+00
8.695103209142247991e+00
8.884025100303853506e+00
9.058033881566212031e+00
9.213225040578869596e+00
9.345539856676291279e+00
9.450877188359354975e+00
9.525235084286240550e+00
9.564880049370856341e+00
9.566538295577897699e+00
9.527599276749436186e+00
9.446317709707532373e+00
9.321996796915403394e+00
9.155133312327048856e+00
8.947505413217621495e+00
8.702187101521634105e+00
8.423479329515416225e+00
8.116756341537534780e+00
7.788235804550995844e+00
7.444690930788656402e+00
7.093130307635922449e+00
6.740475012175442870e+00
6.393262032015081253e+00
6.057398239688099650e+00
5.737981277894816934e+00
5.439194381979090664e+00
5.164273169752839010e+00
4.915535201663321807e+00
4.694458475570246314e+00
4.501793119946627009e+00
4.337690999396721203e+00
4.201840051140130150e+00
4.093593160311060686e+00
4.012084584741694826e+00
3.956329875385550032e+00
3.925307632155726978e+00
3.918023186983050188e+00
3.933555438999712717e+00
3.971088673046582862e+00
4.029931391468935864e+00
4.109524098620998878e+00
4.209437699411519240e+00
4.329363787152457732e+00
4.469097659701037450e+00
4.628514456233647323e+00
4.807538377170958555e+00
5.006104557210670158e+00
5.224112825588440145e+00
5.461372332852404199e+00
5.717535884393308621e+00
5.992022848667465595e+00
6.283929774804547286e+00
6.591928457661056839e+00
6.914152251757722745e+00
7.248073102247419186e+00
7.590374176922626503e+00
7.936826260913650621e+00
8.282180232932043751e+00
8.620092807970472393e+00
8.943107822396150652e+00
9.242719717540850866e+00
9.509548051623298193e+00
9.733649789025740517e+00
9.904987424480676594e+00
1.001405364624005045e+01
1.005262652229385267e+01
1.001459508356666817e+01
9.896759489923681485e+00
9.699482496627121364e+00
9.427061699280139706e+00
9.087715158834445361e+00
8.693129288675176980e+00
8.257598466281613980e+00
7.796870279071310250e+00
7.326872820158858879e+00
6.862520340668345931e+00
6.416764817650999042e+00
5.999995106144723422e+00
5.619805645324701615e+00
5.281087588591492299e+00
4.986352621340981450e+00
4.736187214866428796e+00
4.529746295383800359e+00
4.365219497299982265e+00
4.240230197216352082e+00
4.152150693877357135e+00
4.098333323507849180e+00
4.076266902150601723e+00
4.083672056431746356e+00
4.118549536284092483e+00
4.179194089919153754e+00
4.264184083950623538e+00
4.372354497704098009e+00
4.502758599510478632e+00
4.654621687962627874e+00
4.827288786586754199e+00
5.020167087930193617e+00
5.232663205340643664e+00
5.464114865789163389e+00
5.713716540988484027e+00
5.980438665689522537e+00
6.262940553154513701e+00
6.559477928713688399e+00
6.867807212678082252e+00
7.185090336840119996e+00
7.507805986073136317e+00
7.831675662622369138e+00
8.151615706021075880e+00
8.461729029333293184e+00
8.755352300891539485e+00
9.025174824323809020e+00
9.263443473695030406e+00
9.462262710893844186e+00
9.613989183887602152e+00
9.711706584787783925e+00
9.749749398411342582e+00
9.724226475730187502e+00
9.633481099637805301e+00
9.478418280285138664e+00
9.262636763024538311e+00
8.992324573766424578e+00
8.675910769895168073e+00
8.323505885234556700e+00
7.946199802084369601e+00
7.555308901943582178e+00
7.161668281097519184e+00
6.775049302184832811e+00
6.403753257121018727e+00
6.054397286945075507e+00
5.731877761315682385e+00
5.439475048562718129e+00
5.179053997373355145e+00
4.951315045180166408e+00
4.756058277378088839e+00
4.592433261936434974e+00
4.459158098617768573e+00
4.354700039068042372e+00
4.277416524169233902e+00
4.225659576477521995e+00
4.197848608302681583e+00
4.192517417210770425e+00
4.208340960019046229e+00
4.244146832710512740e+00
4.298915522091715680e+00
4.371772613073049207e+00
4.461975330432628617e+00
4.568895109130293619e+00
4.691997333243944190e+00
4.830818953475569444e+00
4.984944372444480187e+00
5.153979759640192171e+00
5.337525809698349555e+00
5.535148877668843781e+00
5.746350406087107565e+00
5.970534597589611359e+00
6.206974383405396090e+00
6.454775894574871664e+00
6.712841862708408769e+00
6.979834663712287224e+00
7.254140072051385779e+00
7.533833210712395534e+00
7.816648650870483550e+00
8.099957111370319041e+00
8.380751692037621936e+00
8.655646988426413557e+00
8.920894700613564154e+00
9.172419368235319226e+00
9.405877529084458288e+00
9.616742800857521090e+00
9.800418037600890031e+00
9.952373774795695738e+00
1.006830969010169596e+01
1.014433291959239902e+01
1.017714405765916652e+01
1.016421893076465821e+01
1.010397225452086545e+01
9.995888555763306371e+00
9.840606669719054622e+00
9.639946902326739675e+00
9.396874470232138066e+00
9.115398640880064463e+00
8.800413331209849588e+00
8.457490845404803892e+00
8.092645011345421580e+00
7.712082500325086798e+00
7.321961250679917654e+00
6.928172771806947239e+00
6.536161185978884625e+00
6.150786933784316624e+00
5.776237958106051451e+00
5.415986619180674921e+00
5.072787080923124137e+00
4.748705675420994865e+00
4.445175778271515554e+00
4.163068812019692366e+00
3.902773843242342888e+00
3.664279538146666404e+00
3.447253716883612373e+00
3.251117189990570200e+00
3.075109837321968964e+00
2.918347932399001810e+00
2.779872505837194474e+00
2.658689096481732683e+00
2.553799592676092356e+00
2.464227060338760822e+00
2.389034530313852489e+00
2.327338711049016684e+00
2.278319533611436576e+00
2.241226347019848131e+00
2.215381479206319337e+00
2.200181773762327264e+00
2.195098612031603835e+00
2.199676838135473211e+00
2.213532923081576786e+00
2.236352633722205496e+00
2.267888412610513438e+00
2.307956624853702010e+00
2.356434786727517050e+00
2.413258856854287426e+00
2.478420642931538520e+00
2.551965354178894696e+00
2.633989310798884986e+00
2.724637805884521757e+00
2.824103101522108972e+00
2.932622528596961153e+00
3.050476648360491261e+00
3.177987422575176524e+00
3.315516327488871706e+00
3.463462334513127683e+00
3.622259666835068170e+00
3.792375225848588993e+00
3.974305563842368105e+00
4.168573259452495350e+00
4.375722529639738845e+00
4.596313886110389824e+00
4.830917614984734598e+00
5.080105826092068178e+00
5.344442782712915729e+00
5.624473184384083169e+00
5.920708035452905804e+00
6.233607691939056394e+00
6.563561641275592606e+00
6.910864537073998726e+00
7.275687989005967360e+00
7.658047602799642917e+00
8.057764785968775101e+00
8.474422892585470990e+00
8.907317389500644111e+00
9.355399904459549276e+00
9.817216284294776329e+00
1.029083917224380329e+01
1.077379613232282551e+01
1.126299502958921828e+01
1.175464923727635025e+01
1.224420629382851722e+01
1.272628486468901521e+01
1.319462623582107064e+01
1.364206799683152482e+01
1.406054892409817114e+01
1.444115514392306920e+01
1.477421816449308167e+01
1.504947496787982431e+01
1.525629866176770832e+01
1.538400482731280761e+01
1.542223338086859918e+01
1.536139841838669362e+01
1.519318939807463487e+01
1.491109686692694325e+01
1.451092600348128769e+01
1.399125326475835251e+01
1.335377739366500016e+01
1.260351785618939324e+01
1.174882269840973947e+01
1.080116394170459415e+01
9.774720535888461015e+00
8.685773572852824032e+00
7.551961823127201434e+00
6.391463351225517897e+00
5.222177499547528079e+00
4.060979221948751494e+00
2.923105212615084714e+00
1.821711255372930216e+00
7.676168021747602488e-01
-2.307696901840681214e-01
-1.167369150980453130e+00
-2.038230000527669450e+00
-2.841246532084465315e+00
-3.575836726649515906e+00
-4.242613010568024201e+00
-4.843071547268207766e+00
-5.379317200086887851e+00
-5.853833570271375741e+00
-6.269301221193599005e+00
-6.628462598927312932e+00
-6.934029172837094634e+00
-7.188624682900207397e+00
-7.394757758629617150e+00
-7.554817242883384409e+00
-7.671084040652522695e+00
-7.745754014766720097e+00
-7.780967230466965923e+00
-7.778839627326015638e+00
-7.741493929239499749e+00
-7.671087277197305987e+00
-7.569833686401254091e+00
-7.440019996322781104e+00
-7.284014506882229512e+00
-7.104267979964567381e+00
-6.903307131827271625e+00
-6.683721142546351857e+00
-6.448142053785115735e+00
-6.199220204527525979e+00
-5.939596055352272863e+00
-5.671869867597366444e+00
-5.398570731308218740e+00
-5.122126377826422328e+00
-4.844835077843574034e+00
-4.568840727593981299e+00
-4.296111982429801301e+00
-4.028426028300355455e+00
-3.767357307798603561e+00
-3.514271256894809348e+00
-3.270322876494666353e+00
-3.036459770586150242e+00
-2.813429136425735777e+00
-2.601788093951202363e+00
-2.401916689508526659e+00
-2.214032898151962581e+00
-2.038208972323695800e+00
-1.874388534733232303e+00
-1.722403881682275983e+00
-1.581993042396806048e+00
-1.452816223609398216e+00
-1.334471351407393813e+00
-1.226508500279026581e+00
-1.128443069669643917e+00
-1.039767629639494650e+00
-9.599624087459509569e-01
-8.885044391117332685e-01
-8.248754063400421943e-01
-7.685682763691746855e-01
-7.190927885666549280e-01
-6.759799154489070094e-01
-6.387853954590961836e-01
-6.070924472518202109e-01
-5.805137728242754092e-01
-5.586929533879134713e-01
-5.413053367619679035e-01
-5.280585088473421784e-01
-5.186924348598996870e-01
-5.129793488294936976e-01
-5.107234626906249630e-01
-5.117605593224667793e-01
-5.159575273060353906e-01
-5.232118890759700491e-01
-5.334513686395271348e-01
-5.466335401730391119e-01
-5.627455946207654547e-01
-5.818042579294530059e-01
-6.038558917569085693e-01
-6.289768053864734920e-01
-6.572738061448764046e-01
-6.888850148346986613e-01
-7.239809725241153071e-01
-7.627660654481827063e-01
-8.054802957217604975e-01
-8.524014269870755500e-01
-9.038475359462241343e-01
-9.601800028656823915e-01
-1.021806976459739946e+00
-1.089187350891489769e+00
-1.162835294739467118e+00
-1.243325373342953455e+00
-1.331298306514785201e+00
-1.427467402583625367e+00
-1.532625706251920628e+00
-1.647653890666777254e+00
-1.773528911799526098e+00
-1.911333423525660935e+00
-2.062265921698342996e+00
-2.227651540941813835e+00
-2.408953363326296948e+00
-2.607784006046757419e+00
-2.825917125650613038e+00
-3.065298295771647030e+00
-3.328054465816289387e+00
-3.616500866005307291e+00
-3.933143758838149484e+00
-4.280676808953102430e+00
-4.661968002939915756e+00
-5.080032937559013639e+00
-5.537988838881249265e+00
-6.038981800705740532e+00
-6.586077368898558326e+00
-7.182101708891022618e+00
-7.829417208846297882e+00
-8.529612671427795334e+00
-9.283084686112434980e+00
-1.008848427241578349e+01
-1.094200311289306882e+01
-1.183647944504880378e+01
-1.276031927482340933e+01
-1.369626013944457199e+01
-1.462005986969634996e+01
-1.549927939030238377e+01
-1.629245026448455391e+01
-1.694906620653589613e+01
-1.741098045138187445e+01
-1.761585595128737580e+01
-1.750318545524786273e+01
-1.702293254947602108e+01
-1.614595564782880288e+01
-1.487417270042137929e+01
-1.324735070470128129e+01
-1.134322171396293477e+01
-9.269032511176963141e+00
-7.145575865334814480e+00
-5.087975039873377625e+00
-3.189065614785262515e+00
-1.509980804911955188e+00
-7.923271535898979145e-02
1.101707844018011029e+00
2.049870569815356092e+00
2.792413009277417757e+00
3.360151969545154937e+00
3.783406069111990622e+00
4.089782407485881954e+00
4.303295514698860735e+00
4.444265021632174850e+00
4.529599242022888994e+00
4.573226411058565866e+00
4.586547258069900934e+00
4.578851723876943502e+00
4.557680434669989289e+00
4.529129786621140852e+00
4.498106824670424331e+00
4.468541950534436147e+00
4.443566953372560135e+00
4.425664520796279255e+00
4.416794000395426245e+00
4.418497026624130797e+00
4.431985763500192022e+00
4.458215902405295417e+00
4.497946128769238605e+00
4.551785465578229051e+00
4.620229663303741852e+00
4.703687599263876251e+00
4.802498453542320078e+00
4.916940233904562696e+00
5.047230027762439342e+00
5.193516170673864174e+00
5.355862348951610841e+00
5.534223514670904009e+00
5.728413406504184735e+00
5.938063468195545092e+00
6.162573075344628393e+00
6.401051267109009402e+00
6.652250688169631943e+00
6.914495239876105259e+00
7.185604079234491515e+00
7.462816137462428223e+00
7.742721266802946367e+00
8.021206406109886444e+00
8.293427610060954080e+00
8.553821078447452209e+00
8.796167909090868875e+00
9.013727417748894410e+00
9.199451585880376925e+00
9.346287558530363526e+00
9.447565437739852356e+00
9.497454913793788478e+00
9.491457727750107765e+00
9.426886255475036336e+00
9.303265787278229837e+00
9.122594211048875579e+00
8.889401904506772922e+00
8.610578171689910576e+00
8.294965781657055004e+00
7.952764885300997122e+00
7.594821818685973724e+00
7.231897598662308191e+00
6.874009967003408939e+00
6.529922597259167460e+00
6.206822272895285764e+00
5.910189132428434355e+00
5.643835347592204066e+00
5.410069216763062627e+00
5.209935623136931149e+00
5.043487719576516426e+00
4.910054545858374198e+00
4.808481117480943645e+00
4.737328479941851356e+00
4.695029770646650391e+00
4.680004061381456637e+00
4.690732959948705982e+00
4.725806236505506241e+00
4.783942758381291682e+00
4.863992317334600024e+00
4.964922918464307777e+00
5.085797032767485071e+00
5.225739347893817666e+00
5.383897760968088697e+00
5.559398775216709332e+00
5.751298097328946035e+00
5.958527085292142367e+00
6.179835766659207863e+00
6.413733436982273162e+00
6.658428360517355316e+00
6.911768828862220104e+00
7.171188772960212177e+00
7.433662228601862765e+00
7.695672141913428632e+00
7.953200127423394328e+00
8.201744642899875259e+00
8.436375331547800727e+00
8.651830650842732950e+00
8.842663988005810438e+00
9.003439948829198514e+00
9.128977277708852256e+00
9.214628128812114127e+00
9.256575824846690281e+00
9.252125986035805383e+00
9.199960584618949611e+00
9.100322814325590315e+00
8.955104064622512183e+00
8.767813282850339007e+00
8.543422808451703432e+00
8.288101180277770652e+00
8.008859240813327673e+00
7.713147694432299417e+00
7.408449550694479413e+00
7.101908655921323366e+00
6.800026729558360294e+00
6.508448416131892955e+00
6.231839928466095024e+00
5.973854691309187892e+00
5.737170823513564777e+00
5.523580940939484485e+00
5.334114208065430240e+00
5.169172776942131620e+00
5.028668506839399477e+00
4.912150081054754480e+00
4.818914565853582133e+00
4.748100666939152781e+00
4.698763287496992014e+00
4.669930521976256799e+00
4.660645073011234985e+00
4.669992428765793235e+00
4.697118148836266549e+00
4.741236413954187157e+00
4.801631698838431106e+00
4.877655097514503879e+00
4.968716509383837909e+00
5.074273606581884977e+00
5.193818260300818501e+00
5.326860909513318809e+00
5.472913209338239326e+00
5.631469195613155954e+00
5.801985144094441438e+00
5.983858284452855614e+00
6.176404548911276216e+00
6.378835591674435257e+00
6.590235407274006363e+00
6.809537002457590305e+00
7.035499735215959838e+00
7.266688122021014884e+00
7.501453123404992596e+00
7.737917137529120915e+00
7.973964144885670180e+00
8.207236631966688734e+00
8.435141048115399443e+00
8.654863582132918509e+00
8.863397943454595307e+00
9.057586556004492806e+00
9.234176085298804182e+00
9.389887497795417204e+00
9.521499894592846402e+00
9.625946199522012137e+00
9.700417483854236522e+00
9.742471388412464961e+00
9.750138910050559105e+00
9.722022930535977991e+00
9.657381462037680109e+00
9.556188816424311838e+00
9.419168863898830679e+00
9.247796224700360668e+00
9.044263518602944529e+00
8.811415454701331029e+00
8.552653270172786648e+00
8.271815478660009546e+00
7.973042749642386795e+00
7.660635776800539531e+00
7.338915099687379318e+00
7.012091055276765239e+00
6.684150519017617142e+00
6.358765103312777001e+00
6.039223306020246262e+00
5.728387017335395903e+00
5.428671016819017758e+00
5.142042758585288809e+00
4.870038901911883933e+00
4.613794674026634901e+00
4.374082177413050943e+00
4.151354074287564089e+00
3.945789588853394037e+00
3.757340366542170962e+00
3.585774341024246858e+00
3.430716329229915207e+00
3.291684568523249865e+00
3.168122813108228186e+00
3.059427916761389810e+00
2.964973052973262746e+00
2.884126873386697820e+00
2.816268994857586527e+00
2.760802248277832494e+00
2.717162130942285536e+00
2.684823889260631091e+00
2.663307628486806689e+00
2.652181807357406829e+00
2.651065432850915560e+00
2.659629227012960229e+00
2.677595996108759646e+00
2.704740393564699641e+00
2.740888232913605282e+00
2.785915475482599657e+00
2.839746989776745334e+00
2.902355155141010279e+00
2.973758360938127954e+00
3.054019433711016251e+00
3.143244008132457523e+00
3.241578842507750302e+00
3.349210065727142194e+00
3.466361329423090165e+00
3.593291826255184063e+00
3.730294122329680384e+00
3.877691738392743837e+00
4.035836400274720681e+00
4.205104863794778325e+00
4.385895202685245131e+00
4.578622429835061070e+00
4.783713302119677380e+00
5.001600137210523656e+00
5.232713447099419213e+00
5.477473167870219761e+00
5.736278238985758726e+00
6.009494258850407888e+00
6.297438917918556811e+00
6.600364887989434770e+00
6.918439829148252507e+00
7.251723167613231880e+00
7.600139303218098163e+00
7.963446930481627994e+00
8.341204209886035059e+00
8.732729615594966077e+00
9.137058423753593672e+00
9.552895004861653661e+00
9.978561358994829433e+00
1.041194269887875024e+01
1.085043135700585282e+01
1.129087087977698545e+01
1.172950287787462109e+01
1.216192002002289385e+01
1.258302946169832204e+01
1.298703194131820915e+01
1.336742267189652544e+01
1.371702088528227570e+01
1.402803528560733248e+01
1.429217253507876251e+01
1.450079499730237309e+01
1.464513206713481885e+01
1.471654632792913908e+01
1.470685140273871205e+01
1.460867278250081114e+01
1.441583644154102295e+01
1.412376330445313144e+01
1.372984152507556388e+01
1.323374422669865069e+01
1.263765905214800433e+01
1.194639862231487015e+01
1.116736835954570140e+01
1.031037989477322725e+01
9.387313321400865718e+00
8.411647893498818362e+00
7.397895835863351977e+00
6.360985139793394083e+00
5.315642526606245255e+00
4.275826218420179181e+00
3.254250146144383571e+00
2.262028367316284871e+00
1.308453191997402509e+00
4.009054576791559743e-01
-4.551172038890701765e-01
-1.255876968428191853e+00
-1.999204476005257636e+00
-2.684267040039960861e+00
-3.311321130296863924e+00
-3.881469161972654458e+00
-4.396435146533100635e+00
-4.858368396310662973e+00
-5.269679817639711494e+00
-5.632911672972721995e+00
-5.950639100986348851e+00
-6.225400058125496017e+00
-6.459649506129250263e+00
-6.655733414282996918e+00
-6.815878282140641176e+00
-6.942192260793032865e+00
-7.036674440110994411e+00
-7.101229394608357559e+00
-7.137684591430908831e+00
-7.147808733596510145e+00
-7.133329529173670025e+00
-7.095949741739394412e+00
-7.037360693644683529e+00
-6.959252667780529755e+00
-6.863321892006996272e+00
-6.751273998215284955e+00
-6.624824028392739983e+00
-6.485693214546122576e+00
-6.335602887981415243e+00
-6.176265975418418819e+00
-6.009376613622223751e+00
-5.836598459830990571e+00
-5.659552292183033906e+00
-5.479803483622355920e+00
-5.298849896665522863e+00
-5.118110688441073641e+00
-4.938916440095677096e+00
-4.762500937247849286e+00
-4.589994834236877708e+00
-4.422421339952868458e+00
-4.260693972065013213e+00
-4.105616343726972595e+00
-3.957883875568542820e+00
-3.818087268114003674e+00
-3.686717526727331773e+00
-3.564172302788265245e+00
-3.450763300214472640e+00
-3.346724494176732900e+00
-3.252220916984104093e+00
-3.167357782495198393e+00
-3.092189742845226519e+00
-3.026730097672609254e+00
-2.970959804496257739e+00
-2.924836167819927724e+00
-2.888301112610543786e+00
-2.861288974003593832e+00
-2.843733758703883119e+00
-2.835575854094752657e+00
-2.836768178267949914e+00
-2.847281777921824464e+00
-2.867110891340954204e+00
-2.896277500527832505e+00
-2.934835400098774194e+00
-2.982873810869187015e+00
-3.040520563191170034e+00
-3.107944869061861404e+00
-3.185359692703099821e+00
-3.273023716525381932e+00
-3.371242882809539321e+00
-3.480371470600251982e+00
-3.600812641574129280e+00
-3.733018357207287252e+00
-3.877488531412580208e+00
-4.034769236730806341e+00
-4.205449726730441817e+00
-4.390157970911258367e+00
-4.589554319421201178e+00
-4.804322821588905335e+00
-5.035159613153347813e+00
-5.282757661167119423e+00
-5.547787012912547056e+00
-5.830869537626099053e+00
-6.132546982072988762e+00
-6.453240992177251556e+00
-6.793203598696741174e+00
-7.152456550480799535e+00
-7.530717842398616746e+00
-7.927313882323060668e+00
-8.341076050732930014e+00
-8.770221032702297137e+00
-9.212215380308510504e+00
-9.663626457204189890e+00
-1.011996440785427609e+01
-1.057552325646213554e+01
-1.102323379460062824e+01
-1.145454654637891068e+01
-1.185936953526346471e+01
-1.222609213567867847e+01
-1.254173170887742472e+01
-1.279224200996623217e+01
-1.296301880914184856e+01
-1.303962567093804381e+01
-1.300873858747335277e+01
-1.285927101668640660e+01
-1.258359308395947451e+01
-1.217870758471698167e+01
-1.164720394573019213e+01
-1.099779629985110319e+01
-1.024527902734519635e+01
-9.409809622877999047e+00
-8.515545919208930670e+00
-7.588795936417830568e+00
-6.655945716246270294e+00
-5.741477911446041915e+00
-4.866364740495265018e+00
-4.047023544187768884e+00
-3.294894749450744342e+00
-2.616581285980126292e+00
-2.014406595971778735e+00
-1.487217103168954058e+00
-1.031267520851038011e+00
-6.410663802154189517e-01
-3.101063213469547053e-01
-3.144579554167820090e-02
2.018604846835115874e-01
3.964665962311978431e-01
5.585518204483043148e-01
6.937227004167102473e-01
8.069772800092640530e-01
9.027120100716214957e-01
9.847560918235132021e-01
1.056421944510674171e+00
1.120563746875411715e+00
1.179638562705437765e+00
1.235766487604258224e+00
1.290787657073466210e+00
1.346314948287540725e+00
1.403781889391394033e+00
1.464485741950750874e+00
1.529626007306003732e+00
1.600338773324839536e+00
1.677727399049083967e+00
1.762890055650056631e+00
1.856944619808401864e+00
1.961051360798337528e+00
2.076433780792101835e+00
2.204397860435019840e+00
2.346349825735045691e+00
2.503812380841234031e+00
2.678439133032015640e+00
2.872026654878858221e+00
3.086523261952690333e+00
3.324033103672663803e+00
3.586813533362465112e+00
3.877262896619007915e+00
4.197894802868191277e+00
4.551293567991567812e+00
4.940043785579864455e+00
5.366624872497611776e+00
5.833258967575488896e+00
6.341697877855395404e+00
6.892932205171952376e+00
7.486804031369610257e+00
8.121504823141338036e+00
8.792944569677423772e+00
9.493989687532177868e+00
1.021359021899676023e+01
1.093585651870116848e+01
1.163920679651876711e+01
1.229579093197041573e+01
1.287149507819800576e+01
1.332692031103288777e+01
1.361975537164380867e+01
1.370884966455904852e+01
1.355995280502392220e+01
1.315248622269024636e+01
1.248595554723553214e+01
1.158401462197998200e+01
1.049422121322855439e+01
9.282530808055359017e+00
8.023397887022190034e+00
6.788165155130037043e+00
5.635146280265397323e+00
4.603950366455213938e+00
3.714701936734877918e+00
2.971031527394470295e+00
2.364896221624105621e+00
1.881487574397221474e+00
1.503198040835000526e+00
1.212323467849608205e+00
9.926238085225858043e-01
8.300401251009017489e-01
7.128720262717942457e-01
6.316539492338143491e-01
5.788911136569334648e-01
5.487520958420313288e-01
5.367704130352186631e-01
5.395795521194410860e-01
5.546897719207781741e-01
5.803065187236255973e-01
6.151863484666093562e-01
6.585248427472747412e-01
7.098709182100809700e-01
7.690624543254395151e-01
8.361789150805173376e-01
9.115074151130311275e-01
9.955193857789325085e-01
1.088855594397678539e+00
1.192317752450761326e+00
1.306865320950394427e+00
1.433616392971374554e+00
1.573851713370776118e+00
1.729020989819173515e+00
1.900750658649890346e+00
2.090852189317757848e+00
2.301329831610411603e+00
2.534386412015287693e+00
2.792425343456053088e+00
3.078046390712816827e+00
3.394031887977252637e+00
3.743318983291946900e+00
4.128952031918593057e+00
4.554007428325286710e+00
5.021480931656646440e+00
5.534124940183339447e+00
6.094220364277395774e+00
6.703265107763475505e+00
7.361559424216908454e+00
8.067668852676447955e+00
8.817750137087241313e+00
9.604737603235417254e+00
1.041741111717460555e+01
1.123940692138221387e+01
1.204829367766368797e+01
1.281491867742609969e+01
1.350332524202847040e+01
1.407162732722001586e+01
1.447425341814445865e+01
1.466586796070831866e+01
1.460696963414907579e+01
1.427062114112221991e+01
1.364907282631770258e+01
1.275846577797682535e+01
1.163973528943741265e+01
1.035460178046220925e+01
8.977063525797966292e+00
7.582477008749228808e+00
6.237231286846761869e+00
4.991639620660437870e+00
3.877229251752197570e+00
2.907968870586725707e+00
2.083947090079784736e+00
1.395862478806990215e+00
8.291347166598630469e-01
3.670605214276211892e-01
-7.080904602751458832e-03
-3.088082306724815318e-01
-5.518576471213911816e-01
-7.480128438748050446e-01
-9.071707875976146029e-01
-1.037525414032529625e+00
-1.145796580959780098e+00
-1.237463181501806897e+00
-1.316979476819720274e+00
-1.387965730613078819e+00
-1.453370942403902299e+00
-1.515608936493891168e+00
-1.576670626712625367e+00
-1.638215788997678057e+00
-1.701647638148688024e+00
-1.768173210874802503e+00
-1.838852164146941526e+00
-1.914636189748536887e+00
-1.996400863498492217e+00
-2.084971407700936474e+00
-2.181143551998316443e+00
-2.285700428565343501e+00
-2.399426227139782153e+00
-2.523117157343298889e+00
-2.657590113608520710e+00
-2.803689305660079789e+00
-2.962290999291546711e+00
-3.134306403097009586e+00
-3.320682632359574171e+00
-3.522401577485993140e+00
-3.740476397731612224e+00
-3.975945248564728196e+00
-4.229861730644712381e+00
-4.503281418738660058e+00
-4.797243690013434758e+00
-5.112747924979462510e+00
-5.450723005672544197e+00
-5.811988893119676369e+00
-6.197208943877154930e+00
-6.606831544945208634e+00
-7.041019638764026034e+00
-7.499566818497529042e+00
-7.981798956128722367e+00
-8.486460855941118098e+00
-9.011588293858022070e+00
-9.554367111875066598e+00
-1.011098289354741375e+01
-1.067646724506249001e+01
-1.124454989842900865e+01
-1.180752970421467829e+01
-1.235618191081436024e+01
-1.287972353749813337e+01
-1.336586245113785942e+01
-1.380095792301455404e+01
-1.417031961557196063e+01
-1.445866656927320371e+01
-1.465075635536175369e+01
-1.473217623703732215e+01
-1.469026327386618291e+01
-1.451509104884909362e+01
-1.420043165584659839e+01
-1.374457944901815587e+01
-1.315091551306193551e+01
-1.242810541145946424e+01
-1.158986021701326052e+01
-1.065424870474230978e+01
-9.642616718909989615e+00
-8.578233108695577869e+00
-7.484824726603266143e+00
-6.385174953570995626e+00
-5.299938788291768788e+00
-4.246779753462234019e+00
-3.239873270895934354e+00
-2.289762831881086758e+00
-1.403511052608882981e+00
-5.850633043764709162e-01
1.642633928278044442e-01
8.452438584513142228e-01
1.460220347935533791e+00
2.012629720897940011e+00
2.506603216804180967e+00
2.946645477649698197e+00
3.337389658123973035e+00
3.683419793797798825e+00
3.989149112372333494e+00
4.258742647510625368e+00
4.496073464857446744e+00
4.704703373971280023e+00
4.887880738155400806e+00
5.048549647858695977e+00
5.189366163991126157e+00
5.312718521007637307e+00
5.420749110622751665e+00
5.515376774555660333e+00
5.598318456817882982e+00
5.671109641088099451e+00
5.735123260996955352e+00
5.791586949330728373e+00
5.841598609101247952e+00
5.886140362720740704e+00
5.926090978371279405e+00
5.962236894767351636e+00
5.995281973864650560e+00
6.025856110616579997e+00
6.054522823064983683e+00
6.081785937224767125e+00
6.108095470954985728e+00
6.133852810324007976e+00
6.159415261514403106e+00
6.185100051454345049e+00
6.211187841311287983e+00
6.237925808830171448e+00
6.265530348258634419e+00
6.294189430247109307e+00
6.324064658588100407e+00
6.355293055899809751e+00
6.387988606293418137e+00
6.422243579620697140e+00
6.458129659013088109e+00
6.495698891034407119e+00
6.534984475822933625e+00
6.576001413047134925e+00
6.618747018301357699e+00
6.663201323687564681e+00
6.709327375735820276e+00
6.757071443482800532e+00
6.806363149430509019e+00
6.857115536225220076e+00
6.909225082209320412e+00
6.962571679486400988e+00
7.017018588782264032e+00
7.072412386159229847e+00
7.128582917523520024e+00
7.185343277826963693e+00
7.242489832871675581e+00
7.299802302640896023e+00
7.357043926055814254e+00
7.413961727944667679e+00
7.470286909747332338e+00
7.525735385998790328e+00
7.580008488864054428e+00
7.632793862854518885e+00
7.683766571255434386e+00
7.732590434647329758e+00
7.778919620121620859e+00
7.822400497286719379e+00
7.862673773858116277e+00
7.899376919460143753e+00
7.932146881194064747e+00
7.960623088529112934e+00
7.984450738165971728e+00
8.003284341762968879e+00
8.016791510908227281e+00
8.024656944623666632e+00
8.026586575213247698e+00
8.022311818690372576e+00
8.011593866666029129e+00
7.994227947828054681e+00
7.970047479410537150e+00
7.938928022782749672e+00
7.900790952925925481e+00
7.855606749540958056e+00
7.803397818221730731e+00
7.744240753842768221e+00
7.678267965247496996e+00
7.605668590555315411e+00
7.526688645850185821e+00
7.441630366422691267e+00
7.350850718692421459e+00
7.254759081855072900e+00
7.153814120450145531e+00
7.048519891587611497e+00
6.939421252589614397e+00
6.827098655357284329e+00
6.712162431956560482e+00
6.595246690911261034e+00
6.477002954816892810e+00
6.358093676648357118e+00
6.239185774247179239e+00
6.120944319889304985e+00
6.004026514735911313e+00
5.889076066757046313e+00
5.776718075978546807e+00
5.667554513369164937e+00
5.562160360185009367e+00
5.461080453992209982e+00
5.364827066754735974e+00
5.273878220102476533e+00
5.188676723885198072e+00
5.109629906942270594e+00
5.037109994099142618e+00
4.971455071007485849e+00
4.912970568692079709e+00
4.861931192528396117e+00
4.818583215702197720e+00
4.783147054747439064e+00
4.755820044196251040e+00
4.736779328327752836e+00
4.726184790064251295e+00
4.724181939818225651e+00
4.730904690132256896e+00
4.746477944887802281e+00
4.771019934327827450e+00
4.804644228819189067e+00
4.847461364890271796e+00
4.899580016378346059e+00
4.961107641316909955e+00
5.032150531344583122e+00
5.112813184840335978e+00
5.203196917670076083e+00
5.303397616436617668e+00
5.413502528637345712e+00
5.533585972471646741e+00
5.663703836710456407e+00
5.803886728795516703e+00
5.954131618249367541e+00
6.114391814034624062e+00
6.284565110712528657e+00
6.464479941776001048e+00
6.653879392819434635e+00
6.852402956628785624e+00
7.059565962244628068e+00
7.274736687085426645e+00
7.497111272900247592e+00
7.725686721083477870e+00
7.959232449531796760e+00
8.196261160052575434e+00
8.435000098719571682e+00
8.673364193866254013e+00
8.908933023005383589e+00
9.138934075509149935e+00
9.360235311718739126e+00
9.569350520423210327e+00
9.762461369923745025e+00
9.935460230724777020e+00
1.008401769237789836e+01
1.020367805811916462e+01
1.028998483436596167e+01
1.033863622382411052e+01
1.034566783847202487e+01
1.030765635059324303e+01
1.022193384382569192e+01
1.008679865917737040e+01
9.901705193498255397e+00
9.667413169241463322e+00
9.386077120311311361e+00
9.061259800924858610e+00
8.697859088102052993e+00
8.301946304117826969e+00
7.880523697761152135e+00
7.441218555174581972e+00
6.991939325722746013e+00
6.540523726459587905e+00
6.094409133962030545e+00
5.660351665093060980e+00
5.244213052397596719e+00
4.850825235224774268e+00
4.483933239468998799e+00
4.146208927546123135e+00
3.839322569310240407e+00
3.564056280240541774e+00
3.320442991395027299e+00
3.107916171350618484e+00
2.925458272657508463e+00
2.771739117375918493e+00
2.645238613844257181e+00
2.544350952415101563e+00
2.467469588500881272e+00
2.413053855720791674e+00
2.379679019672523488e+00
2.366072088491995906e+00
2.371135856403595366e+00
2.393963578713599993e+00
2.433846450183585031e+00
2.490275750741728356e+00
2.562941179877097575e+00
2.651726553355403304e+00
2.756703699036860300e+00
2.878125068328832636e+00
3.016415274553527315e+00
3.172161472398479898e+00
3.346102193094214527e+00
3.539113934908664660e+00
3.752194463184472362e+00
3.986441383008096029e+00
4.243024095895684411e+00
4.523146727701755410e+00
4.827999012976576410e+00
5.158691448533673451e+00
5.516170315587926254e+00
5.901107481838261393e+00
6.313759356596073680e+00
6.753789194734934220e+00
7.220047463765176587e+00
7.710306702273378221e+00
8.220950906231887956e+00
8.746625885957380220e+00
9.279867282398921446e+00
9.810737988004234467e+00
1.032652703926006765e+01
1.081158679014696311e+01
1.124741103546665499e+01
1.161307659980049145e+01
1.188617277940283223e+01
1.204431068964740881e+01
1.206722143508704725e+01
1.193930994873944940e+01
1.165234387416449202e+01
1.120777142596102571e+01
1.061806003689860489e+01
9.906518723989121256e+00
9.105358237694058943e+00
8.252202960438390633e+00
7.385736152586583003e+00
6.541429806312281769e+00
5.748250297103686179e+00
5.026872083541928049e+00
4.389450413511199578e+00
3.840609551443154857e+00
3.379119045769571450e+00
2.999754807917241362e+00
2.694989513908877310e+00
2.456331588456590609e+00
2.275271464728137349e+00
2.143877553921139434e+00
2.055119495816310149e+00
2.002999830374892820e+00
1.982563147027868844e+00
1.989834801057645874e+00
2.021725176159468784e+00
2.075922494766300641e+00
2.150787695723464399e+00
2.245258433088320960e+00
2.358765078797171899e+00
2.491159050204700964e+00
2.642652278739682892e+00
2.813765780012495554e+00
3.005284792475353850e+00
3.218217627099218880e+00
3.453755085818996484e+00
3.713226978379242649e+00
3.998051844830182056e+00
4.309675449989933682e+00
4.649492959959232508e+00
5.018748978405253247e+00
5.418408903690768774e+00
5.848994538240813057e+00
6.310376826710696108e+00
6.801519470677821033e+00
7.320169627981901073e+00
7.862496863323260143e+00
8.422690109307140460e+00
8.992535852532773433e+00
9.561020051268025455e+00
1.011402145709174327e+01
1.063419304439976365e+01
1.110115560764741538e+01
1.149214273176784928e+01
1.178322333597350102e+01
1.195116788269822550e+01
1.197590239318764560e+01
1.184331284792403771e+01
1.154795541533911951e+01
1.109506810970781387e+01
1.050126347492984102e+01
9.793484620877043412e+00
9.006220509012505815e+00
8.177475477528910019e+00
7.344367137242010735e+00
6.539309417304397520e+00
5.787488165776879967e+00
5.105885877146274510e+00
4.503670210327246792e+00
3.983490914378541525e+00
3.543175031627364469e+00
3.177411951991860661e+00
2.879182973513759514e+00
2.640839642044123803e+00
2.454836888905170600e+00
2.314178856665453754e+00
2.212650769404864715e+00
2.144905100913326645e+00
2.106456689339940791e+00
2.093626502615090423e+00
2.103460817085130774e+00
2.133642652624462954e+00
2.182405283756753356e+00
2.248452961079618007e+00
2.330891009459430840e+00
2.429165684429427152e+00
2.543013157483797748e+00
2.672416473567022610e+00
2.817569082423288407e+00
2.978843460138918431e+00
3.156763325902464334e+00
3.351977970991147693e+00
3.565237222202232825e+00
3.797365543839101854e+00
4.049233733574692629e+00
4.321726587624683980e+00
4.615704805529895260e+00
4.931959287274456649e+00
5.271155866993269434e+00
5.633768461250737936e+00
6.019998634172919694e+00
6.429679764503323902e+00
6.862164432579007212e+00
7.316194446516537830e+00
7.789754240697672749e+00
8.279910368421857569e+00
8.782642635763673766e+00
9.292676208199118548e+00
9.803328787922477972e+00
1.030639253873376759e+01
1.079207634769901780e+01
1.124903933996256100e+01
1.166454984633755387e+01
1.202480326079148476e+01
1.231542506657196157e+01
1.252216955576919588e+01
1.263179922905493946e+01
1.263309550589112007e+01
1.251791243023715872e+01
1.228214950573717879e+01
1.192649851815971829e+01
1.145682328473876943e+01
1.088406773274089012e+01
1.022365509671835504e+01
9.494427136909637355e+00
8.717256165169640525e+00
7.913521154974392680e+00
7.103655677361133236e+00
6.305946486259534467e+00
5.535698320501849068e+00
4.804803274122401824e+00
4.121683193568493664e+00
3.491525759383281802e+00
2.916714176660076152e+00
2.397353141648721042e+00
1.931811678446248681e+00
1.517227626488104608e+00
1.149942128571169953e+00
8.258515071094340021e-01
5.406771227621420817e-01
2.901615938028264119e-01
7.020333062274553004e-02
-1.230579199917714028e-01
-2.931927401014016166e-01
-4.434608354985319911e-01
-5.768088072308729108e-01
-6.958805810772491496e-01
-8.030357669178207480e-01
-9.003725193059474163e-01
-9.897524879899578520e-01
-1.072826218452230362e+00
-1.151057931966440462e+00
-1.225749025325083341e+00
-1.298059919910683480e+00
-1.369030089041632037e+00
-1.439596225790103601e+00
-1.510608599282015740e+00
-1.582845699697838171e+00
-1.657027300969402983e+00
-1.733826082872057528e+00
-1.813877956097142752e+00
-1.897791228653443074e+00
-1.986154742144436991e+00
-2.079545093828883751e+00
-2.178533046023026998e+00
-2.283689209036783740e+00
-2.395589067831410013e+00
-2.514817406089145280e+00
-2.641972164371445331e+00
-2.777667751355854531e+00
-2.922537808524023450e+00
-3.077237408782245609e+00
-3.242444647917699818e+00
-3.418861564053601754e+00
-3.607214293837912589e+00
-3.808252344415246071e+00
-4.022746826697360945e+00
-4.251487457470534359e+00
-4.495278094901250299e+00
-4.754930523560837230e+00
-5.031256150895198509e+00
-5.325055217119993856e+00
-5.637103055282628006e+00
-5.968132868838415206e+00
-6.318814422658180163e+00
-6.689727973410934503e+00
-7.081332702117402178e+00
-7.493928863217148795e+00
-7.927612841849773773e+00
-8.382224329432219179e+00
-8.857284907235010607e+00
-9.351927494587526368e+00
-9.864816405105798935e+00
-1.039405819999294422e+01
-1.093710417666308032e+01
-1.149064623135496532e+01
-1.205050903166619847e+01
-1.261154296411087294e+01
-1.316752419428982357e+01
-1.371107036238948673e+01
-1.423358283784308753e+01
-1.472522888344613179e+01
-1.517497921801501271e+01
-1.557071786115660572e+01
-1.589944119114927368e+01
-1.614756113118059844e+01
-1.630132255688290144e+01
-1.634733677378007144e+01
-1.627322098633647585e+01
-1.606831844204914006e+01
-1.572445665520741187e+01
-1.523668412321228516e+01
-1.460391254614710377e+01
-1.382938558589911615e+01
-1.292090019329233641e+01
-1.189072460810882959e+01
-1.075518788376753498e+01
-9.533955599378490575e+00
-8.249048712295968144e+00
-6.923698993267329627e+00
-5.581157318979710347e+00
-4.243575149136843194e+00
-2.931064018920913838e+00
-1.661006691530752644e+00
-4.476540027085242901e-01
6.979981726704311829e-01
1.768089744538945185e+00
2.757593617812840847e+00
3.663895870781533670e+00
4.486322548567326152e+00
5.225666278751925908e+00
5.883751774616477803e+00
6.463064692103634989e+00
6.966455458556056968e+00
7.396919711772400596e+00
7.757450113022072991e+00
8.050950195677865295e+00
8.280198979672958259e+00
8.447854668620541574e+00
8.556486280148799750e+00
8.608623108058136353e+00
8.606813188932926906e+00
8.553683279942394080e+00
8.451994172234925884e+00
8.304686444640910992e+00
8.114913010991227083e+00
7.886056041489119650e+00
7.621727044733681566e+00
7.325750065699853764e+00
7.002129051882786115e+00
6.655001416921838775e+00
6.288580634517798806e+00
5.907091275319350743e+00
5.514700218900967954e+00
5.115447815936083664e+00
4.713182550979142960e+00
4.311502297548281071e+00
3.913704618935416324e+00
3.522747818563049194e+00
3.141223655821737459e+00
2.771341886168908974e+00
2.414926115308157151e+00
2.073419917387080424e+00
1.747901778577527931e+00
1.439107194394388500e+00
1.147456160840639061e+00
8.730843342280143471e-01
6.158762643618953536e-01
3.754993008162620938e-01
1.514370039334050067e-01
-5.697886341371474761e-02
-2.505384494917632932e-01
-4.301265014089817873e-01
-5.966979063151374163e-01
-7.512562087478269479e-01
-8.948351026832723765e-01
-1.028482803488658393e+00
-1.153249138855046318e+00
-1.270175154697247288e+00
-1.380285007556595556e+00
-1.484579905069446815e+00
-1.584033856851802424e+00
-1.679591006538565523e+00
-1.772164329123535165e+00
-1.862635494137101055e+00
-1.951855713015608007e+00
-2.040647407101543465e+00
-2.129806550226299056e+00
-2.220105556167131677e+00
-2.312296596010184224e+00
-2.407115243280971928e+00
-2.505284355380143602e+00
-2.607518108172787841e+00
-2.714526106309055997e+00
-2.827017494757818827e+00
-2.945704996815858401e+00
-3.071308800139665784e+00
-3.204560204665963585e+00
-3.346204934053343294e+00
-3.497005994764796899e+00
-3.657745943233518204e+00
-3.829228390647691604e+00
-4.012278535497804555e+00
-4.207742464700296559e+00
-4.416484903211334689e+00
-4.639385017804722011e+00
-4.877329791295118788e+00
-5.131204377250632831e+00
-5.401878720865449957e+00
-5.690189588698771672e+00
-5.996916989482460991e+00
-6.322753793702818648e+00
-6.668267178634053494e+00
-7.033850351304531401e+00
-7.419662856460038647e+00
-7.825557693986619157e+00
-8.250993500944105108e+00
-8.694930269302426851e+00
-9.155707570348821989e+00
-9.630905170226185419e+00
-1.011718741003598865e+01
-1.061013497692549556e+01
-1.110407090700294219e+01
-1.159189200532196828e+01
-1.206492241492127704e+01
-1.251281268621675125e+01
-1.292351490904705003e+01
-1.328337125807071395e+01
-1.357735794132260132e+01
-1.378952649694216959e+01
-1.390367643405632059e+01
-1.390427397317976599e+01
-1.377759863713877131e+01
-1.351305279488781785e+01
-1.310451365505181975e+01
-1.255155338113416974e+01
-1.186031745607279397e+01
-1.104385305238013792e+01
-1.012173241540407176e+01
-9.118922536082957109e+00
-8.063993733453436619e+00
-6.986899983116096280e+00
-5.916659440431120132e+00
-4.879281583409737166e+00
-3.896220800655314065e+00
-2.983508393192920050e+00
-2.151568895234482248e+00
-1.405605850416879132e+00
-7.463736623759540389e-01
-1.711398845505789357e-01
3.253276891121797965e-01
7.498639068650428952e-01
1.110161240998195353e+00
1.414196375310940557e+00
1.669819570089796423e+00
1.884482943014771816e+00
2.065078650743389588e+00
2.217858898532534262e+00
2.348413672254512363e+00
2.461687020796646586e+00
2.562017457279960997e+00
2.653192072357613895e+00
2.738507123967881096e+00
2.820830243230393108e+00
2.902661110887680529e+00
2.986188660596304167e+00
3.073343685297170946e+00
3.165846265141319282e+00
3.265247778027736025e+00
3.372967452600268423e+00
3.490323517284127597e+00
3.618559013700191063e+00
3.758862295582206414e+00
3.912382135749270518e+00
4.080237219964043760e+00
4.263519621005433358e+00
4.463291620924238146e+00
4.680574986193800413e+00
4.916331503189010022e+00
5.171433258471938466e+00
5.446620816163716405e+00
5.742447132821864031e+00
6.059204808352030014e+00
6.396834178236728619e+00
6.754809926424194089e+00
7.132004510152713195e+00
7.526527970525336286e+00
7.935545953964707522e+00
8.355081340048252869e+00
8.779810117906141187e+00
9.202869342292631316e+00
9.615704129895114249e+00
1.000799118338208160e+01
1.036768680632665962e+01
1.068125505426776556e+01
1.093413228390920544e+01
1.111147234520056770e+01
1.119918628043658693e+01
1.118523817669497156e+01
1.106108717288241117e+01
1.082308662590242854e+01
1.047358837250913055e+01
1.002148347645172066e+01
9.481967461159124255e+00
8.875454219715150472e+00
8.225751899617661067e+00
7.557798014368155570e+00
6.895362050219461025e+00
6.259117669073034129e+00
5.665367169292375493e+00
5.125518563650908632e+00
4.646239805019459546e+00
4.230099065108651857e+00
3.876462834267274449e+00
3.582450497717002413e+00
3.343804696171051027e+00
3.155602527134085289e+00
3.012785702339838334e+00
2.910521989296726453e+00
2.844427250298333210e+00
2.810682073323992558e+00
2.806074510428374857e+00
2.827994752218321306e+00
2.874401161403061788e+00
2.943771260375244392e+00
3.035046522128223678e+00
3.147576209512861656e+00
3.281062895211395158e+00
3.435510455327495993e+00
3.611174047253879138e+00
3.808510674530003914e+00
4.028128266456425521e+00
4.270730657981106404e+00
4.537055383410011800e+00
4.827800769656648505e+00
5.143538442895069451e+00
5.484607102786800858e+00
5.850983382508768038e+00
6.242125982990036626e+00
6.656790316426580922e+00
7.092812989061679119e+00
7.546869068196142116e+00
8.014210749864906447e+00
8.488404273916044573e+00
8.961092989928751251e+00
9.421828052058373260e+00
9.858022932889349832e+00
1.025510075024135581e+01
1.059690909981970286e+01
1.086646837136805033e+01
1.104708817392211806e+01
1.112382637858471846e+01
1.108517730884010710e+01
1.092477332233502452e+01
1.064279665004165132e+01
1.024676644850668161e+01
9.751426588023766939e+00
9.177623675462598385e+00
8.550298770262784842e+00
7.895944566123602293e+00
7.240014758802450601e+00
6.604759322276252398e+00
6.007808246605083724e+00
5.461605081090336711e+00
4.973587532142485834e+00
4.546887247481956607e+00
4.181290053566442566e+00
3.874238139575412632e+00
3.621728828560685898e+00
3.419038087315795060e+00
3.261252845621029461e+00
3.143630035866978201e+00
3.061815503889070200e+00
3.011958768241788764e+00
2.990755744351592416e+00
2.995445068293297819e+00
3.023776933181634430e+00
3.073967518897733786e+00
3.144647513851553722e+00
3.234809857781002052e+00
3.343759474761744066e+00
3.471066176335154463e+00
3.616520878790413285e+00
3.780094621690448520e+00
3.961899466664631220e+00
4.162150104838016063e+00
4.381124847482435136e+00
4.619124581041874400e+00
4.876428216912121805e+00
5.153243155991792612e+00
5.449649329474278936e+00
5.765535495116045794e+00
6.100526700053163331e+00
6.453902218396291524e+00
6.824503898448628370e+00
7.210635784725894837e+00
7.609957191741838045e+00
8.019373168130503160e+00
8.434928538629355543e+00
8.851714422070353194e+00
9.263799163125202796e+00
9.664198692066177543e+00
1.004490393724049113e+01
1.039698431327087746e+01
1.071078552218168767e+01
1.097623584155830478e+01
1.118326674895770445e+01
1.132234063891901954e+01
1.138506097164607489e+01
1.136482029483521039e+01
1.125742266190050778e+01
1.106160382258428854e+01
1.077937033328909777e+01
1.041609130795275284e+01
9.980304686690633531e+00
9.483240033896107590e+00
8.938104101946970914e+00
8.359213424286309646e+00
7.761080569952595098e+00
7.157562061974132916e+00
6.561156993864782017e+00
5.982512284565781435e+00
5.430152553894830980e+00
4.910418771382395242e+00
4.427576211039955467e+00
3.984040934791325039e+00
3.580673674232358383e+00
3.217097220936226076e+00
2.892004448971693176e+00
2.603435700922399398e+00
2.349014413933368850e+00
2.126137593554604965e+00
1.932122930646125614e+00
1.764317347620196319e+00
1.620173092856999508e+00
1.497297718684314605e+00
1.393483831520974547e+00
1.306723726144800146e+00
1.235213131110109996e+00
1.177347431458852567e+00
1.131712966746408089e+00
1.097075354297982308e+00
1.072366262179600183e+00
1.056669643272380110e+00
1.049208125145372650e+00
1.049330012938564094e+00
1.056497188047812230e+00
1.070274059982516679e+00
1.090317640660054765e+00
1.116368750213565741e+00
1.148244323745954976e+00
1.185830763678345390e+00
1.229078268097360427e+00
1.277996058561435166e+00
1.332648428773013816e+00
1.393151536584802619e+00
1.459670864681860136e+00
1.532419279013688573e+00
1.611655617940574103e+00
1.697683748582533569e+00
1.790852029613781760e+00
1.891553121402269833e+00
2.000224084664318003e+00
2.117346707412783413e+00
2.243447996636557473e+00
2.379100765542384366e+00
2.524924238952337419e+00
2.681584588154743543e+00
2.849795291649435569e+00
3.030317199218565349e+00
3.223958152902985486e+00
3.431571988979730925e+00
3.654056709025121474e+00
3.892351564626330251e+00
4.147432748223564225e+00
4.420307320861747158e+00
4.712004935308708120e+00
5.023566829258077071e+00
5.356031467774961641e+00
5.710416107038385647e+00
6.087693434153784722e+00
6.488762313376557067e+00
6.914411542953993184e+00
7.365275407846188394e+00
7.841779715449768595e+00
8.344076944079734659e+00
8.871969145543079804e+00
9.424817362134156440e+00
1.000143659559405762e+01
1.059997586569692807e+01
1.121778369811675446e+01
1.185126057636710684e+01
1.249570157856639874e+01
1.314513468854243960e+01
1.379216318773864458e+01
1.442782410588398001e+01
1.504147883590682255e+01
1.562075643980399775e+01
1.615157439437049547e+01
1.661826476431329169e+01
1.700383493720850225e+01
1.729038971313424256e+01
1.745973417424649554e+01
1.749416299559013765e+01
1.737742098224184062e+01
1.709579219843294950e+01
1.663924358255837888e+01
1.600251822303775739e+01
1.518605043271861099e+01
1.419656737469145114e+01
1.304725721418014217e+01
1.175742485093341472e+01
1.035162032957900635e+01
8.858301988597565568e+00
7.308170540379489211e+00
5.732364133790762928e+00
4.160724371279174605e+00
2.620324127521833191e+00
1.134395242465741305e+00
-2.782782400814076684e-01
-1.603509900647483111e+00
-2.831472888100438290e+00
-3.956180127086563303e+00
-4.974800796283209259e+00
-5.886922017233215954e+00
-6.693842325672530791e+00
-7.397955807593343813e+00
-8.002259061025474907e+00
-8.509991173523705044e+00
-8.924401115327498246e+00
-9.248627094197393816e+00
-9.485667358976826335e+00
-9.638420270703603521e+00
-9.709771914007450988e+00
-9.702711148025997545e+00
-9.620454195363706162e+00
-9.466563333777868294e+00
-9.245046884248342423e+00
-8.960430482683879205e+00
-8.617792606060495686e+00
-8.222760486143016578e+00
-7.781465803671840042e+00
-7.300462754101305407e+00
-6.786613993479658546e+00
-6.246952366410975621e+00
-5.688527965626495764e+00
-5.118250820263722467e+00
-4.542739304801463263e+00
-3.968183266285652877e+00
-3.400229055632663755e+00
-2.843891370232678018e+00
-2.303494357396211001e+00
-1.782642069778972438e+00
-1.284216334257103131e+00
-8.103985492156660086e-01
-3.627109317333194749e-01
5.792771285023284866e-02
4.511366005301988835e-01
8.170024654251883955e-01
1.156007812785592614e+00
1.468961030140633506e+00
1.756930662700267654e+00
2.021185409232462149e+00
2.263140739098338461e+00
2.484312494826309337e+00
2.686277433630964051e+00
2.870640368452015867e+00
3.039007379165275857e+00
3.192964458614147905e+00
3.334060916462675106e+00
3.463796868503839388e+00
3.583614174512887551e+00
3.694890241606146652e+00
3.798934172945996668e+00
3.896984806798872381e+00
3.990210253910373872e+00
4.079708599161427252e+00
4.166509485060017504e+00
4.251576339263024806e+00
4.335809046070517425e+00
4.420046893111323705e+00
4.505071649855386440e+00
4.591610654829272775e+00
4.680339804157241268e+00
4.771886345935633322e+00
4.866831393539591488e+00
4.965712076752680559e+00
5.069023253030490395e+00
5.177218702635471459e+00
5.290711731155827380e+00
5.409875101379484796e+00
5.535040213984193436e+00
5.666495453420338890e+00
5.804483612175459051e+00
5.949198303904225327e+00
6.100779274425090826e+00
6.259306520265668361e+00
6.424793128472494175e+00
6.597176760276063590e+00
6.776309716755424262e+00
6.961947549103397748e+00
7.153736212090824331e+00
7.351197809907220382e+00
7.553715052102583094e+00
7.760514627467276050e+00
7.970649818924628427e+00
8.182982826002527688e+00
8.396167435302061222e+00
8.608632883848233774e+00
8.818569992597947049e+00
9.023920900683354063e+00
9.222373992260990860e+00
9.411365856590322210e+00
9.588092328508972528e+00
9.749530781015124603e+00
9.892475834460308093e+00
1.001359045023735739e+01
1.010947393001454131e+01
1.017674758881088692e+01
1.021215777301582328e+01
1.021269444706913099e+01
1.017572181933782360e+01
1.009911552934597623e+01
9.981398961453352925e+00
9.821869544204874458e+00
9.620704752340266452e+00
9.379037272565980743e+00
9.098989695331905381e+00
8.783661298393141692e+00
8.437062946159981536e+00
8.064000560218346436e+00
7.669912512319377207e+00
7.260670981234531141e+00
6.842361085666778031e+00
6.421053847707575812e+00
6.002589387918310315e+00
5.592385166053318812e+00
5.195280861151102769e+00
4.815427197082141397e+00
4.456221363449388129e+00
4.120287336522173938e+00
3.809495901707236953e+00
3.525016824613566691e+00
3.267394481560607300e+00
3.036638214902083188e+00
2.832319470000022932e+00
2.653669095667445799e+00
2.499669758951183596e+00
2.369140003653803728e+00
2.260807907622514712e+00
2.173373475215682582e+00
2.105559805661821215e+00
2.056153713893618562e+00
2.024036881320661507e+00
2.008208824573557649e+00
2.007803036828722743e+00
2.022097621050383154e+00
2.050521632470330591e+00
2.092658206104450969e+00
2.148245383824286314e+00
2.217175387684656052e+00
2.299492919702110338e+00
2.395392906644824738e+00
2.505217951817710009e+00
2.629455601805404275e+00
2.768735379952206532e+00
2.923825373352952450e+00
3.095627977825529342e+00
3.285174195461547431e+00
3.493615629833031200e+00
3.722213020971604003e+00
3.972319790634044612e+00
4.245358612361214590e+00
4.542788465856313351e+00
4.866058971180874160e+00
5.216548025401928079e+00
5.595477902693748895e+00
6.003804083596828711e+00
6.442070263187819279e+00
6.910222455169054534e+00
7.407375198323673082e+00
7.931524111774738373e+00
8.479202209967970916e+00
9.045083533650657870e+00
9.621548091893014742e+00
1.019823824358852171e+01
1.076165953620622417e+01
1.129490854669530542e+01
1.177764376488043396e+01
1.218644595636119732e+01
1.249572846546561600e+01
1.267933563291510701e+01
1.271288551599418071e+01
1.257675413697069366e+01
1.225936826619872022e+01
1.176022041475296831e+01
1.109184200522988029e+01
1.027999489738684424e+01
9.361656674402173195e+00
8.380949540233984862e+00
7.383803785795227448e+00
6.412568567639309158e+00
5.501769952933586616e+00
4.675773084849401684e+00
3.948460077698884962e+00
3.324487475191742814e+00
2.801425885361808810e+00
2.372115425739715455e+00
2.026774392701910177e+00
1.754636790480032849e+00
1.545079528716038597e+00
1.388306366894589416e+00
1.275695915361205302e+00
1.199920497016446319e+00
1.154923577771435284e+00
1.135819885331018408e+00
1.138761196645377227e+00
1.160794437839935300e+00
1.199727224943563542e+00
1.254008394138750759e+00
1.322626374359876289e+00
1.405025527301468236e+00
1.501039122654514113e+00
1.610836936462065161e+00
1.734885225576526357e+00
1.873916824593640840e+00
2.028909194736162380e+00
2.201068338490470566e+00
2.391816521174813026e+00
2.602781669518148711e+00
2.835786113781568307e+00
3.092831971716203388e+00
3.376079906062674940e+00
3.687817186820329329e+00
4.030409920702141768e+00
4.406232947755640339e+00
4.817569249024892919e+00
5.266468813109091762e+00
5.754554928395020141e+00
6.282764131325621726e+00
6.851005161646141595e+00
7.457723292395739279e+00
8.099360949832110634e+00
8.769715990216676360e+00
9.459218474799847343e+00
1.015417878495471626e+01
1.083610723952799226e+01
1.148126778041179286e+01
1.206069858267031591e+01
1.254099120032703851e+01
1.288613086295246468e+01
1.306061192899301382e+01
1.303380170946202377e+01
1.278511549102502798e+01
1.230905552106732515e+01
1.161875186842663688e+01
1.074660900060597868e+01
9.741234219721047083e+00
8.660949363132296241e+00
7.565423382675178665e+00
6.507666496333079031e+00
5.528384850664504135e+00
4.653658474504378972e+00
3.895680214122160923e+00
3.255482749039706469e+00
2.726408277248589584e+00
2.297373073792451148e+00
1.955433244526909808e+00
1.687535926744777148e+00
1.481559036914440686e+00
1.326823041562603223e+00
1.214255475179209620e+00
1.136351323111268297e+00
1.087028901465675323e+00
1.061444243994843717e+00
1.055800464076830147e+00
1.067171072397389509e+00
1.093345526343680207e+00
1.132699175354364929e+00
1.184086557359348202e+00
1.246755526536708958e+00
1.320279197301667651e+00
1.404502709770821145e+00
1.499502084300145199e+00
1.605552782338803386e+00
1.723105944555724411e+00
1.852770593289626566e+00
1.995300346267344427e+00
2.151583385752063204e+00
2.322634561006690301e+00
2.509588573379855969e+00
2.713693203656151187e+00
2.936301490825639959e+00
3.178861659129994965e+00
3.442903414072680857e+00
3.730018985576144530e+00
4.041836986025411527e+00
4.379986773876689554e+00
4.746050577291395456e+00
5.141500155284401075e+00
5.567614292441399826e+00
6.025373001192118494e+00
6.515324047064677160e+00
7.037417477592767590e+00
7.590804458817829392e+00
8.173598229169741103e+00
8.782597792026596295e+00
9.412979594816313522e+00
1.005796942719235076e+01
1.070851656959468734e+01
1.135300498328649077e+01
1.197705154057541854e+01
1.256345729838426806e+01
1.309239129948477043e+01
1.354189196977333154e+01
1.388876157530997624e+01
1.410989638224240572e+01
1.418403309336651219e+01
1.409380111448224859e+01
1.382786180273961385e+01
1.338281593274798809e+01
1.276450675222107023e+01
1.198837633296967553e+01
1.107866764635869217e+01
1.006648789551214485e+01
8.987002417901480911e+00
7.876230214989821121e+00
6.767989609523373140e+00
5.691469628432375139e+00
4.669712977945705390e+00
3.719064598415348755e+00
2.849443697659753916e+00
2.065184761063238561e+00
1.366170791609687907e+00
7.490255374440324410e-01
2.082054610803777406e-01
-2.630929589045170047e-01
-6.722362501213663410e-01
-1.026655291122680502e+00
-1.333513955153055486e+00
-1.599508213209501983e+00
-1.830760796161369219e+00
-2.032782052988539423e+00
-2.210474136193458783e+00
-2.368161687700548246e+00
-2.509637204796917764e+00
-2.638213123495452450e+00
-2.756775481177081044e+00
-2.867836007872666126e+00
-2.973580847801029048e+00
-3.075915004064347702e+00
-3.176502167225425666e+00
-3.276799935387660678e+00
-3.378090632904482860e+00
-3.481508038206341027e+00
-3.588060373363990418e+00
-3.698649912245743909e+00
-3.814089545805716686e+00
-3.935116612057766527e+00
-4.062404260913727860e+00
-4.196570584173588081e+00
-4.338185700882139173e+00
-4.487776949365026802e+00
-4.645832300282750182e+00
-4.812802070409238020e+00
-4.989098984803080228e+00
-5.175096605806336569e+00
-5.371126121144277121e+00
-5.577471460704455097e+00
-5.794362692933402670e+00
-6.021967638044442239e+00
-6.260381627528775361e+00
-6.509615339312616378e+00
-6.769580647219219927e+00
-7.040074444527904873e+00
-7.320760437171597523e+00
-7.611148955699600371e+00
-7.910574910109994917e+00
-8.218174111756324507e+00
-8.532858315385087877e+00
-8.853289495073433102e+00
-9.177854062402502677e+00
-9.504637963689390290e+00
-9.831403852622630168e+00
-1.015557181811474230e+01
-1.047420544190953606e+01
-1.078400524673228134e+01
-1.108131184552631865e+01
-1.136212127852347464e+01
-1.162211508166142337e+01
-1.185670751417495161e+01
-1.206111202868357957e+01
-1.223042844041120958e+01
-1.235975130211638806e+01
-1.244429870060855059e+01
-1.247955907928455410e+01
-1.246145182884672664e+01
-1.238649540449333308e+01
-1.225197481303995950e+01
-1.205609871060141458e+01
-1.179813533286367822e+01
-1.147851630956387048e+01
-1.109889829956217788e+01
-1.066217442064183629e+01
-1.017243058332807948e+01
-9.634845838527242634e+00
-9.055540315368540760e+00
-8.441378738275359339e+00
-7.799741309670484846e+00
-7.138276421988749121e+00
-6.464650865913124100e+00
-5.786312795820498067e+00
-5.110280805699158435e+00
-4.442969382802478329e+00
-3.790057212680412402e+00
-3.156400832600997131e+00
-2.545992455414015421e+00
-1.961957783690102985e+00
-1.406587521522201234e+00
-8.813951270989727194e-01
-3.871930576091189291e-01
7.581982770052114740e-02
5.079661316550294625e-01
9.099982864022917450e-01
1.283011376547186222e+00
1.628363137086072721e+00
1.947602755233645677e+00
2.242409209669104175e+00
2.514539194035455338e+00
2.765784183222324444e+00
2.997935885459569239e+00
3.212759148029702416e+00
3.411971315950332873e+00
3.597227050512432189e+00
3.770107672038369717e+00
3.932114177990924109e+00
4.084663188187540150e+00
4.229085172498732170e+00
4.366624415921326552e+00
4.498440267082527200e+00
4.625609296918482549e+00
4.749128063802374733e+00
4.869916240034386057e+00
4.988819903170753634e+00
5.106614835271650499e+00
5.224009705003583193e+00
5.341649032848104106e+00
5.460115859576090358e+00
5.579934053669440175e+00
5.701570205416866877e+00
5.825435064772845450e+00
5.951884487445670224e+00
6.081219859688141938e+00
6.213687977457261091e+00
6.349480360499416776e+00
6.488731986991965073e+00
6.631519440108496255e+00
6.777858464754464407e+00
6.927700941235721110e+00
7.080931293285803285e+00
7.237362361216236550e+00
7.396730787504351312e+00
7.558691982424757150e+00
7.722814761858701971e+00
7.888575778600041666e+00
8.055353902605903116e+00
8.222424744796381191e+00
8.388955562971981195e+00
8.554000836554958909e+00
8.716498847986420273e+00
8.875269660843491337e+00
9.029014935351060700e+00
9.176320067237135447e+00
9.315659171020598706e+00
9.445403447909871630e+00
9.563833474577771554e+00
9.669155914408930741e+00
9.759525079283285720e+00
9.833069649795209699e+00
9.887924688561399833e+00
9.922268851051514460e+00
9.934366411314773160e+00
9.922613381772537267e+00
9.885586629595694674e+00
9.822094497796211243e+00
9.731227056022403232e+00
9.612403770567100381e+00
9.465416136829908567e+00
9.290462703268955735e+00
9.088173972588059257e+00
8.859624922118623402e+00
8.606333352982042939e+00
8.330242946503153334e+00
8.033690741187026418e+00
7.719359684301323021e+00
7.390217878410489050e+00
7.049447043118490797e+00
6.700363453850471274e+00
6.346335123761386754e+00
5.990699207643499946e+00
5.636683507105808566e+00
5.287335559891888970e+00
4.945462152370003750e+00
4.613581278120622464e+00
4.293887666349628596e+00
3.988232111744382635e+00
3.698114031610472363e+00
3.424686016199659733e+00
3.168768659274705968e+00
2.930873668788141373e+00
2.711233151439189193e+00
2.509833013505993637e+00
2.326448588244479421e+00
2.160680848797962739e+00
2.011991858422286672e+00
1.879738415675094698e+00
1.763203146903328911e+00
1.661622565218707992e+00
1.574211844376047775e+00
1.500186243453104584e+00
1.438779264140806369e+00
1.389257729849976863e+00
1.350934049477688026e+00
1.323175974053840243e+00
1.305414177178005231e+00
1.297147995361801032e+00
1.297949656702698462e+00
1.307467309599775973e+00
1.325427140616220356e+00
1.351634844543193159e+00
1.385976682052642683e+00
1.428420332331288733e+00
1.479015720588571003e+00
1.537895973750890377e+00
1.605278632060996191e+00
1.681467219436107330e+00
1.766853250722490776e+00
1.861918728504133425e+00
1.967239154589994099e+00
2.083487049985498274e+00
2.211435939771458692e+00
2.351964712902836485e+00
2.506062207662562713e+00
2.674831796409167683e+00
2.859495641972877422e+00
3.061398164434805835e+00
3.282008080718238130e+00
3.522918147422680502e+00
3.785841433539492762e+00
4.072602554602688940e+00
4.385121790580053691e+00
4.725389360880572376e+00
5.095426315096953651e+00
5.497227495025967414e+00
5.932680821358729872e+00
6.403455772335560958e+00
6.910852416093754336e+00
7.455600884314181442e+00
8.037600025189394870e+00
8.655583662935336875e+00
9.306704257524156532e+00
9.986028082492460101e+00
1.068594514332809098e+01
1.139551331692043767e+01
1.209978229702984898e+01
1.277918118686053184e+01
1.340910438692436379e+01
1.395988962936167077e+01
1.439743711144393501e+01
1.468474483502122752e+01
1.478459378164439464e+01
1.466346111575348132e+01
1.429643654074382830e+01
1.367248217683138378e+01
1.279891771885811735e+01
1.170374345800797045e+01
1.043458961282358821e+01
9.053840813182929992e+00
7.630671894934289767e+00
6.231853811190826598e+00
4.913656083231552785e+00
3.716698808224029982e+00
2.664449412483597346e+00
1.764842886599854221e+00
1.013779989978857543e+00
3.991829960988211301e-01
-9.534345192690635296e-02
-4.877086520477202924e-01
-7.954632026371788456e-01
-1.034716022495963061e+00
-1.219628157017962344e+00
-1.362282399483296658e+00
-1.472772616492782127e+00
-1.559405118848437688e+00
-1.628944143071285433e+00
-1.686861906677789680e+00
-1.737572315885379304e+00
-1.784638846237598386e+00
-1.830953756944421196e+00
-1.878889410748946887e+00
-1.930424251510217237e+00
-1.987246705619613252e+00
-2.050840389668728392e+00
-2.122553805114475889e+00
-2.203657343557307247e+00
-2.295390004851812105e+00
-2.398997792538836826e+00
-2.515765318507225956e+00
-2.647041726294424357e+00
-2.794261624122691412e+00
-2.958961291115263847e+00
-3.142789963671321019e+00
-3.347515499110119475e+00
-3.575023121213542598e+00
-3.827305244071638413e+00
-4.106439511223126893e+00
-4.414551142297349351e+00
-4.753754423441141519e+00
-5.126066706628471081e+00
-5.533286636891834753e+00
-5.976826627947510850e+00
-6.457488118034371283e+00
-6.975167346167641114e+00
-7.528480119832089201e+00
-8.114297595936569962e+00
-8.727193357105939242e+00
-9.358817538579975448e+00
-9.997239322915799420e+00
-1.062633723520549900e+01
-1.122536769130434564e+01
-1.176890144491583357e+01
-1.222737098529848865e+01
-1.256849230831367237e+01
-1.275977079516717616e+01
-1.277212752839408516e+01
-1.258436419482647928e+01
-1.218775822257217101e+01
-1.158968080201798223e+01
-1.081498665908638124e+01
-9.904258264181081017e+00
-8.908839933518956755e+00
-7.883691991590545456e+00
-6.879906759798349647e+00
-5.938801000051588730e+00
-5.088790188779289458e+00
-4.345174675479982263e+00
-3.712089069939599195e+00
-3.185511781356635375e+00
-2.756365768493510782e+00
-2.413116066747583055e+00
-2.143643293604417188e+00
-1.936423188384083005e+00
-1.781158598591392694e+00
-1.669033055944304733e+00
-1.592730892221013494e+00
-1.546330282240660825e+00
-1.525139389955450397e+00
-1.525517877737095462e+00
-1.544706834560447994e+00
-1.580678006320168860e+00
-1.632006029119071666e+00
-1.697763446029053824e+00
-1.777436369311072850e+00
-1.870857888969779781e+00
-1.978156190592876840e+00
-2.099714507528359420e+00
-2.236140306744485162e+00
-2.388241389233167311e+00
-2.557006818226093436e+00
-2.743590742626233148e+00
-2.949297243921485734e+00
-3.175564294112764419e+00
-3.423944764253752826e+00
-3.696082163725090908e+00
-3.993678416800696684e+00
-4.318450497139966870e+00
-4.672072153420121055e+00
-5.056096298335304162e+00
-5.471852955662474649e+00
-5.920317069453696845e+00
-6.401940148964514243e+00
-6.916439925454562321e+00
-7.462543338012638472e+00
-8.037680812858548407e+00
-8.637634694268234270e+00
-9.256152699256967153e+00
-9.884549276444170474e+00
-1.051133433305643550e+01
-1.112192971793046503e+01
-1.169855727077763063e+01
-1.222040372982591627e+01
-1.266417940564824285e+01
-1.300517774045464670e+01
-1.321889822091452160e+01
-1.328320487763104119e+01
-1.318085678795681304e+01
-1.290208576705568433e+01
-1.244675566260179700e+01
-1.182558260390062621e+01
-1.105998676455482155e+01
-1.018040237499462286e+01
-9.223240202287737333e+00
-8.227053098753197347e+00
-7.228659710685220396e+00
-6.259949552484398438e+00
-5.345845765572575736e+00
-4.503553787497172500e+00
-3.742913962266547934e+00
-3.067496803134297068e+00
-2.476047634375225126e+00
-1.963960302369860189e+00
-1.524575909916519256e+00
-1.150213059366089308e+00
-8.329162982404001436e-01
-5.649553587523890030e-01
-3.391264679717628239e-01
-1.489085296742710951e-01
1.148008976602937770e-02
1.470883879510082870e-01
2.622770841260905206e-01
3.607825399412083467e-01
4.457884818636942414e-01
5.199982330190453528e-01
5.857032353137819891e-01
6.448456738059952231e-01
6.990743065719901006e-01
7.497933884752143729e-01
7.982050266432486607e-01
8.453455384203431011e-01
8.921164802258594317e-01
9.393110319880298986e-01
9.876363916478696492e-01
1.037732779891367363e+00
1.090189590545977305e+00
1.145559155203646151e+00
1.204368526270241713e+00
1.267129623189836352e+00
1.334348033045129611e+00
1.406530709233637877e+00
1.484192770105582593e+00
1.567863562688891488e+00
1.658092124140686963e+00
1.755452144507996026e+00
1.860546507881575273e+00
1.974011464203821342e+00
2.096520459952823767e+00
2.228787631758359034e+00
2.371570941765267726e+00
2.525674906243057460e+00
2.691952838468983256e+00
2.871308492108571642e+00
3.064696950889290505e+00
3.273124562888095834e+00
3.497647661679653908e+00
3.739369750253645819e+00
3.999436745271992777e+00
4.279029787183994848e+00
4.579355014401027546e+00
4.901629576012377143e+00
5.247063017033498866e+00
5.616833013864160229e+00
6.012054268527074363e+00
6.433739194544505047e+00
6.882748855782403474e+00
7.359732469543092570e+00
7.865053682811367963e+00
8.398701813830198759e+00
8.960186373101011625e+00
9.548413509761282114e+00
1.016154366328908409e+01
1.079683075052122554e+01
1.145044481673284409e+01
1.211728236908907697e+01
1.279077172302039500e+01
1.346268471440068026e+01
1.412297105237182215e+01
1.475963722575577108e+01
1.535869777880951581e+01
1.590423211740525744e+01
1.637858351755816955e+01
1.676273693493092765e+01
1.703690645074444632e+01
1.718134960425067348e+01
1.717740289973739820e+01
1.700870032864787973e+01
1.666249714363095791e+01
1.613097990639139923e+01
1.541240982812690596e+01
1.451193053863925897e+01
1.344188393820442151e+01
1.222152449241125360e+01
1.087610072808354289e+01
9.435370131970294949e+00
7.931709072698586382e+00
6.398048941493252428e+00
4.865894820152900202e+00
3.363657132881132661e+00
1.915458097597272147e+00
5.404830585262319076e-01
-7.471442111017643217e-01
-1.938053526297518703e+00
-3.027018114573889029e+00
-4.012180464741239128e+00
-4.894235975336398425e+00
-5.675666115219104135e+00
-6.360079073244786052e+00
-6.951685546188858034e+00
-7.454914050299858097e+00
-7.874154766182567933e+00
-8.213612484382164070e+00
-8.477245977451145720e+00
-8.668771279659663875e+00
-8.791708412167464459e+00
-8.849453988456522424e+00
-8.845365220943499196e+00
-8.782843790768605885e+00
-8.665410714899982381e+00
-8.496765741167484620e+00
-8.280826963524395623e+00
-8.021748319842833652e+00
-7.723914433641502875e+00
-7.391913879449208302e+00
-7.030493352056884859e+00
-6.644496349818254544e+00
-6.238790787477618949e+00
-5.818190394634154217e+00
-5.387374817508650438e+00
-4.950813042095957073e+00
-4.512694146659683270e+00
-4.076868548477598608e+00
-3.646801928293711192e+00
-3.225542995099046628e+00
-2.815705284993413215e+00
-2.419462344795621611e+00
-2.038554983933148712e+00
-1.674308811506926897e+00
-1.327660010064366958e+00
-9.991872151228002874e-01
-6.891474384005187304e-01
-3.975141548657619150e-01
-1.240159298757421702e-01
1.318257431304515337e-01
3.706604216652200634e-01
5.932752495764961331e-01
8.005645306236167658e-01
9.935026028002891252e-01
1.173120098369635489e+00
1.340483537845054585e+00
1.496678106750561010e+00
1.642793396864295818e+00
1.779911853105767161e+00
1.909099647619272533e+00
2.031399698734448478e+00
2.147826559837108018e+00
2.259362918022214117e+00
2.366957461756797443e+00
2.471523898385142193e+00
2.573940924494600768e+00
2.675052973753417440e+00
2.775671587043115007e+00
2.876577268038669200e+00
2.978521703548984600e+00
3.082230241768721068e+00
3.188404533049287615e+00
3.297725246859240844e+00
3.410854785278035983e+00
3.528439917654628832e+00
3.651114262947741551e+00
3.779500545703153414e+00
3.914212548535555225e+00
4.055856678251000602e+00
4.205033054215408406e+00
4.362336016055321508e+00
4.528353933052611247e+00
4.703668179434689733e+00
4.888851117942804692e+00
5.084462908397927805e+00
5.291046928375713776e+00
5.509123559597303377e+00
5.739182056530956366e+00
5.981670173637201771e+00
6.236981185870671851e+00
6.505437895430163486e+00
6.787273179332136586e+00
7.082606601599810148e+00
7.391416597009711431e+00
7.713507739123688367e+00
8.048472645461298924e+00
8.395648162454067531e+00
8.754065631747222298e+00
9.122395291432967568e+00
9.498885239200042463e+00
9.881295910805082627e+00
1.026683173937564142e+01
1.065207258820013259e+01
1.103290871077472879e+01
1.140448438474922455e+01
1.176115695281868945e+01
1.209647969034695691e+01
1.240321853671941810e+01
1.267341400768213155e+01
1.289850017077643329e+01
1.306949193032706091e+01
1.317724947678229697e+01
1.321282406501237716e+01
1.316788190985013074e+01
1.303519289106196766e+01
1.280915849446918919e+01
1.248634031575612902e+01
1.206593871062782597e+01
1.155016366929187477e+01
1.094443979114214471e+01
1.025739676083007623e+01
9.500616764498111877e+00
8.688139148354311558e+00
7.835755904978858766e+00
6.960162811152317275e+00
6.078053290658188779e+00
5.205249981598805142e+00
4.355960574911817318e+00
3.542221904361594120e+00
2.773565097799999712e+00
2.056902044278909436e+00
1.396606079861058891e+00
7.947418957386286342e-01
2.513924557227750212e-01
-2.349672181085784572e-01
-6.670911271500694628e-01
-1.048608566371123541e+00
-1.383714280545722097e+00
-1.676911213711431703e+00
-1.932807057875068679e+00
-2.155960890364123195e+00
-2.350773491931902104e+00
-2.521413903121925593e+00
-2.671774841469228168e+00
-2.805450296389390363e+00
-2.925729597562366724e+00
-3.035603291592385844e+00
-3.137777131797912400e+00
-3.234691325898954251e+00
-3.328542877772106667e+00
-3.421309408123307083e+00
-3.514773262058949577e+00
-3.610545029847902931e+00
-3.710085840647987965e+00
-3.814727954877378480e+00
-3.925693293154363328e+00
-4.044109608991279359e+00
-4.171024046625056769e+00
-4.307413830217777573e+00
-4.454193810275065779e+00
-4.612220550567275978e+00
-4.782292576659333605e+00
-4.965146328004521159e+00
-5.161447262833470440e+00
-5.371775463749299817e+00
-5.596604989637273597e+00
-5.836276127829025384e+00
-6.090959636779285091e+00
-6.360612059028304621e+00
-6.644921262453495459e+00
-6.943241583127001348e+00
-7.254518358847459325e+00
-7.577202337735851501e+00
-7.909155513951323435e+00
-8.247551481540163820e+00
-8.588775496638236362e+00
-8.928332147690570153e+00
-9.260771818113173737e+00
-9.579650800922490106e+00
-9.877543573883224681e+00
-1.014612863480424565e+01
-1.037637032635096901e+01
-1.055881679782345728e+01
-1.068402703854093971e+01
-1.074312639169759898e+01
-1.072846964104236633e+01
-1.063436493192607912e+01
-1.045778424252578809e+01
-1.019896339979301203e+01
-9.861785122758428557e+00
-9.453850160673878733e+00
-8.986178197862766837e+00
-8.472538458128486383e+00
-7.928477981722763523e+00
-7.370175441748254563e+00
-6.813282215239689243e+00
-6.271909626443832764e+00
-5.757883260078462406e+00
-5.280324869738263871e+00
-4.845558329627191796e+00
-4.457285125438381179e+00
-4.116946463925678756e+00
-3.824183807447269601e+00
-3.577321674409270180e+00
-3.373817558523056981e+00
-3.210646351093543238e+00
-3.084605840900415341e+00
-2.992543619792146004e+00
-2.931513982171393806e+00
-2.898877211837581847e+00
-2.892354374395950778e+00
-2.910049634673312902e+00
-2.950450147992929484e+00
-3.012411356878584190e+00
-3.095133416718472308e+00
-3.198132640374823588e+00
-3.321210338016504338e+00
-3.464420213185510633e+00
-3.628034506693112782e+00
-3.812508294295505085e+00
-4.018440683001224478e+00
-4.246531064829789592e+00
-4.497528040514958469e+00
-4.772168101919670669e+00
-5.071100667510307858e+00
-5.394795638989328346e+00
-5.743429372264511557e+00
-6.116744976160385150e+00
-6.513883392000233030e+00
-6.933183091500216833e+00
-7.371948898253788407e+00
-7.826194933541815502e+00
-8.290373604133298713e+00
-8.757112392286135361e+00
-9.216993120441184573e+00
-9.658423686477140890e+00
-1.006766792330435578e+01
-1.042911105585046272e+01
-1.072583950731029745e+01
-1.094059571531220065e+01
-1.105712224015556799e+01
-1.106183011670911043e+01
-1.094562004772641828e+01
-1.070557418984169828e+01
-1.034616092663775611e+01
-9.879602653604051099e+00
-9.325179838748296035e+00
-8.707474381481285164e+00
-8.053827635867158108e+00
-7.391502674213676904e+00
-6.745107142430732949e+00
-6.134725359981238135e+00
-5.574978129365844026e+00
-5.074975748287514854e+00
-4.638945211224467791e+00
-4.267238043577244788e+00
-3.957448050414936525e+00
-3.705445947574895094e+00
-3.506226828247045013e+00
-3.354538929085690846e+00
-3.245308409611085132e+00
-3.173897129845587362e+00
-3.136235943073382160e+00
-3.128872209618989153e+00
-3.148962565927297508e+00
-3.194233740145597800e+00
-3.262926982392834407e+00
-3.353736004123959447e+00
-3.465744170147364578e+00
-3.598363802476215234e+00
-3.751278528510454180e+00
-3.924388357898764834e+00
-4.117756381691472178e+00
-4.331555493579433147e+00
-4.566013228909740818e+00
-4.821352639517000327e+00
-5.097727044125443641e+00
-5.395146519170578081e+00
-5.713394155999052870e+00
-6.051930468202217028e+00
-6.409784975941454022e+00
-6.785435037461170715e+00
-7.176673576542512478e+00
-7.580469608283227245e+00
-7.992828509371392443e+00
-8.408662852990453018e+00
-8.821689221981779738e+00
-9.224371364802518514e+00
-9.607934639739731608e+00
-9.962479715750447440e+00
-1.027722329710981342e+01
-1.054088821722333691e+01
-1.074225268751690265e+01
-1.087084768512658073e+01
-1.091776312036090602e+01
-1.087649103957611274e+01
-1.074370444623376208e+01
-1.051985265221198418e+01
-1.020945786678204570e+01
-9.821028874025646616e+00
-9.366564579914298250e+00
-8.860692057366273744e+00
-8.319552279132306438e+00
-7.759592441882145586e+00
-7.196433390612139824e+00
-6.643952708867991497e+00
-6.113669250418787726e+00
-5.614451094583554180e+00
-5.152513634801038300e+00
-4.731638952413734778e+00
-4.353534520978149303e+00
-4.018254558979019286e+00
-3.724623662716294525e+00
-3.470622443146094582e+00
-3.253713532574994183e+00
-3.071100807519448139e+00
-2.919924324751196121e+00
-2.797398857894910496e+00
-2.700906133636552298e+00
-2.628051015365816756e+00
-2.576690882287514306e+00
-2.544945950751689612e+00
-2.531196686279279628e+00
-2.534072980133673880e+00
-2.552438510740809186e+00
-2.585372701164571296e+00
-2.632151903194476894e+00
-2.692230853101593269e+00
-2.765225015964383637e+00
-2.850894128965950181e+00
-2.949127038487355801e+00
-3.059927776148615219e+00
-3.183402715562142049e+00
-3.319748579497189933e+00
-3.469241015237975123e+00
-3.632223415981769676e+00
-3.809095632332011760e+00
-4.000302186287385986e+00
-4.206319568071043236e+00
-4.427642162395766690e+00
-4.664766315194751378e+00
-4.918172015533199826e+00
-5.188301632763215210e+00
-5.475535119998138356e+00
-5.780161077613895415e+00
-6.102343073069177670e+00
-6.442080647080272726e+00
-6.799164515653091101e+00
-7.173125620963799243e+00
-7.563177913749059122e+00
-7.968155091368210208e+00
-8.386441996992985537e+00
-8.815902034313259250e+00
-9.253802792278282396e+00
-9.696743118521037985e+00
-1.014058612106492774e+01
-1.058040397644682251e+01
-1.101044189275030760e+01
-1.142410997076962609e+01
-1.181401280381916052e+01
-1.217202715564826043e+01
-1.248943758699840600e+01
-1.275713806098021053e+01
-1.296590397454357912e+01
-1.310673350099753520e+01
-1.317124961458331889e+01
-1.315214513185495626e+01
-1.304364347981457861e+01
-1.284193913871590276e+01
-1.254557564395037694e+01
-1.215571757417629328e+01
-1.167627761067260828e+01
-1.111387110325406447e+01
-1.047758784000398435e+01
-9.778591622613395984e+00
-9.029579343836564576e+00
-8.244148648293627701e+00
-7.436133569845726043e+00
-6.618968870553645800e+00
-5.805136226507645603e+00
-5.005730889569599995e+00
-4.230169256027604519e+00
-3.486039490299496002e+00
-2.779082014606341300e+00
-2.113276150666857589e+00
-1.491004025680866318e+00
-9.132624585951060192e-01
-3.798966688495065691e-01
1.101651761532335128e-01
5.586916714937514294e-01
9.679516329467041658e-01
1.340546064551874972e+00
1.679269798012709147e+00
1.987001495267345597e+00
2.266619212194607602e+00
2.520937991279295076e+00
2.752665763879209138e+00
2.964374005567451675e+00
3.158479949029330047e+00
3.337237608696475899e+00
3.502735337172833141e+00
3.656898071997870758e+00
3.801492819775222909e+00
3.938136254550630877e+00
4.068303578574741231e+00
4.193338011048363789e+00
4.314460441143213032e+00
4.432778913138216481e+00
4.549297711199222327e+00
4.664925885654358950e+00
4.780485117106613835e+00
4.896716853934897529e+00
5.014288686330769629e+00
5.133799938899541893e+00
5.255786476286163911e+00
5.380724724022877936e+00
5.509034911193071871e+00
5.641083543614832330e+00
5.777185116892033179e+00
5.917603078519004356e+00
6.062550047801240183e+00
6.212187302138362455e+00
6.366623538631973389e+00
6.525912921435484293e+00
6.690052428158643316e+00
6.858978513390103338e+00
7.032563114438112883e+00
7.210609034162906106e+00
7.392844748749356931e+00
7.578918704912325666e+00
7.768393191787887453e+00
7.960737898038676263e+00
8.155323294792372835e+00
8.351414020085320189e+00
8.548162480414369213e+00
8.744602929402226721e+00
8.939646331617142394e+00
9.132076369867133891e+00
9.320547004744256014e+00
9.503582042956757903e+00
9.679577212285639831e+00
9.846805271105946389e+00
1.000342469364528597e+01
1.014749246200998378e+01
1.027698145542996322e+01
1.038980284897889739e+01
1.048383381157747429e+01
1.055695062116028105e+01
1.060706709074540832e+01
1.063217792376054938e+01
1.063040629626767952e+01
1.060005460965049018e+01
1.053965698860838351e+01
1.044803174150722036e+01
1.032433168486463693e+01
1.016808999668717917e+01
9.979259141191525018e+00
9.758240433565390504e+00
9.505902013128487482e+00
9.223583378619224504e+00
8.913085204936013639e+00
8.576643880924333274e+00
8.216891036829849781e+00
7.836799204508348105e+00
7.439615598598738444e+00
7.028786744835056943e+00
6.607877241535247137e+00
6.180486267510216791e+00
5.750165513697748310e+00
5.320342014586543655e+00
4.894248915204673089e+00
4.474866580612196110e+00
4.064875704679062451e+00
3.666623277864266672e+00
3.282101501608759353e+00
2.912939050770805949e+00
2.560403529529165390e+00
2.225413565264739546e+00
1.908558745045295213e+00
1.610125510268198390e+00
1.330127164736999879e+00
1.068336291012249584e+00
8.243180780322594270e-01
5.974633099440043171e-01
3.870200260795937375e-01
1.921231148186082482e-01
1.182133535844079320e-02
-1.548985376067500419e-01
-3.090905846899194009e-01
-4.518316346716797494e-01
-5.842060868282650254e-01
-7.072934999217441732e-01
-8.221587393031235536e-01
-9.298444476632874434e-01
-1.031365594473883762e+00
-1.127705860163599416e+00
-1.219815620239339760e+00
-1.308611309164485537e+00
-1.394975961701343081e+00
-1.479760748971593154e+00
-1.563787346468094919e+00
-1.647850990780373337e+00
-1.732724100246873622e+00
-1.819160351677065357e+00
-1.907899120378655944e+00
-1.999670203737875740e+00
-2.095198759326438509e+00
-2.195210396738349612e+00
-2.300436367851756536e+00
-2.411618802662378602e+00
-2.529515936851292057e+00
-2.654907272314436906e+00
-2.788598602320276232e+00
-2.931426817904885240e+00
-3.084264390446911808e+00
-3.248023395679834557e+00
-3.423658904933568614e+00
-3.612171517972844637e+00
-3.814608745757007924e+00
-4.032064867590376522e+00
-4.265678781700176003e+00
-4.516629236948583426e+00
-4.786126671371628838e+00
-5.075400685527845290e+00
-5.385681940459126515e+00
-5.718176987703982306e+00
-6.074034210985470139e+00
-6.454298689268251898e+00
-6.859853390147171659e+00
-7.291343695202369801e+00
-7.749081889206436813e+00
-8.232927986737502479e+00
-8.742143239035526037e+00
-9.275213034901543807e+00
-9.829636931021392243e+00
-1.040168555810768325e+01
-1.098612758408380330e+01
-1.157593528744072842e+01
-1.216198513472963150e+01
-1.273278048211214220e+01
-1.327423718726399215e+01
-1.376958882989304911e+01
-1.419948441589071741e+01
-1.454236400761712389e+01
-1.477520045702393325e+01
-1.487467987553583271e+01
-1.481885035959399843e+01
-1.458919094348165402e+01
-1.417294175558717129e+01
-1.356540715791460805e+01
-1.277182996856090291e+01
-1.180838576243702143e+01
-1.070191109152016118e+01
-9.488181894911280168e+00
-8.208869997485923165e+00
-6.907638621415340907e+00
-5.626071883512467231e+00
-4.400171372656389579e+00
-3.257975812069326516e+00
-2.218540347539557089e+00
-1.292176405161419961e+00
-4.816147690870846709e-01
2.163353330718791323e-01
8.090173186356572899e-01
1.306319880085103913e+00
1.719373466601108680e+00
2.059588445345441166e+00
2.338006812391886236e+00
2.564908497348892258e+00
2.749606856505318664e+00
2.900374831328494274e+00
3.024455306230315443e+00
3.128121626181377568e+00
3.216764811336297658e+00
3.294992100823436409e+00
3.366727234370320510e+00
3.435306797106153720e+00
3.503569502873709052e+00
3.573936893140731819e+00
3.648484897949949790e+00
3.729006263985804814e+00
3.817064150733448624e+00
3.914037323979699057e+00
4.021157395959408021e+00
4.139538509586183856e+00
4.270199762330229021e+00
4.414080526723025422e+00
4.572048657721313525e+00
4.744901388693621769e+00
4.933358514028900466e+00
5.138047245670776420e+00
5.359477925707121670e+00
5.598009596659710319e+00
5.853804304459720775e+00
6.126768979313530039e+00
6.416483868191160234e+00
6.722116863737535475e+00
7.042323798198758311e+00
7.375135983245792559e+00
7.717838131132488400e+00
8.066842440843339901e+00
8.417568183361622047e+00
8.764340570119166784e+00
9.100327821273301865e+00
9.417540600661071792e+00
9.706922293613073904e+00
9.958560315960562903e+00
1.016204553404482880e+01
1.030699645477606552e+01
1.038374505642189582e+01
1.038415151523053304e+01
1.030247821210126524e+01
1.013621604349330951e+01
9.886729141577975000e+00
9.559580529499585921e+00
9.164431204437340384e+00
8.714470232899282465e+00
8.225422326542776830e+00
7.714268636506164789e+00
7.197878201831471756e+00
6.691760808154794127e+00
6.209113097377301216e+00
5.760253623753046170e+00
5.352455718334200085e+00
4.990115460909004597e+00
4.675151237800815096e+00
4.407523158178447531e+00
4.185776701676209299e+00
4.007543179818691570e+00
3.869959193494205252e+00
3.769991615074943070e+00
3.704671212621621912e+00
3.671247226049894952e+00
3.667278738532187887e+00
3.690678571668452257e+00
3.739723366585827158e+00
3.813040686137838531e+00
3.909581103069974528e+00
4.028580687100761892e+00
4.169517202495230279e+00
4.332061680629559319e+00
4.516025784218919092e+00
4.721304460535254321e+00
4.947812728097823687e+00
5.195415014997438519e+00
5.463845256406912654e+00
5.752615986653127678e+00
6.060914986681503080e+00
6.387488767848108040e+00
6.730513420342424169e+00
7.087455287776927904e+00
7.454926710176328797e+00
7.828545826022318188e+00
8.202814144739623003e+00
8.571031072587480537e+00
8.925270206918522575e+00
9.256446894965243644e+00
9.554508548462255391e+00
9.808776202017053691e+00
1.000845524724811320e+01
1.014331312867764012e+01
1.020449173792746045e+01
1.018538513648815425e+01
1.008247614351905952e+01
9.895999290355266709e+00
9.630295244960963785e+00
9.293752396516797631e+00
8.898295327307240044e+00
8.458465368486871583e+00
7.990222438035917918e+00
7.509653853792298328e+00
7.031786579033154183e+00
6.569662329344802210e+00
6.133764963238758305e+00
5.731810925266859869e+00
5.368849132855132211e+00
5.047579782574140417e+00
4.768793356723506349e+00
4.531844253029216674e+00
4.335097386951360043e+00
4.176311613329220407e+00
4.052945134961508877e+00
3.962382957207948753e+00
3.902095087328874889e+00
3.869737938046235559e+00
3.863211924782543605e+00
3.880686967716696412e+00
3.920605546164868560e+00
3.981670740436166422e+00
4.062824674527195867e+00
4.163221083691269087e+00
4.282194400582714167e+00
4.419226750915042246e+00
4.573913520726819115e+00
4.745927646490684104e+00
4.934982438046799480e+00
5.140792535764603599e+00
5.363032502752640873e+00
5.601292547233839514e+00
5.855030956565284050e+00
6.123523008723450012e+00
6.405806422181681725e+00
6.700623828191996978e+00
7.006363318767134807e+00
7.320998853424315556e+00
7.642033201381693175e+00
7.966447136536285001e+00
8.290659741483546341e+00
8.610505820481096251e+00
8.921237418953644749e+00
9.217557083659407624e+00
9.493690496317420013e+00
9.743505157336459277e+00
9.960679574561087435e+00
1.013892369663295234e+01
1.027224607943248280e+01
1.035525674450613032e+01
1.038348752984961187e+01
1.035370501232818441e+01
1.026418618896315493e+01
1.011492551882903079e+01
9.907744839649568647e+00
9.646285562516872858e+00
9.335874841738494467e+00
8.983272395420293321e+00
8.596319708864431419e+00
8.183525589304199599e+00
7.753629040232836722e+00
7.315180932318708251e+00
6.876180208713074116e+00
6.443789980495857606e+00
6.024146271561805932e+00
5.622259893615292548e+00
5.242001971516296877e+00
4.886157104549875285e+00
4.556525219571870622e+00
4.254053313717448326e+00
3.978980579389087779e+00
3.730983862864109213e+00
3.509314187139755070e+00
3.312918577155214539e+00
3.140544329116431221e+00
2.990825046386445862e+00
2.862349248428099457e+00
2.753713252647312260e+00
2.663560467576226998e+00
2.590609353109716295e+00
2.533672213496391823e+00
2.491666780003005233e+00
2.463622276115328358e+00
2.448681381025123560e+00
2.446099242711153643e+00
2.455240454006113904e+00
2.475574699495206143e+00
2.506671608717633504e+00
2.548195209829685393e+00
2.599898264057850739e+00
2.661616670795731387e+00
2.733264061954792545e+00
2.814826648342895865e+00
2.906358337030256589e+00
3.007976103959905778e+00
3.119855578016634379e+00
3.242226769344800363e+00
3.375369854218027044e+00
3.519610909830435563e+00
3.675317473869990081e+00
3.842893784734024987e+00
4.022775538027513420e+00
4.215423972995511193e+00
4.421319078413609382e+00
4.640951681030485609e+00
4.874814151011223728e+00
5.123389428374631294e+00
5.387138042975740504e+00
5.666482769528239594e+00
5.961790530580253211e+00
6.273351137265442468e+00
6.601352444238148820e+00
6.945851497109488903e+00
7.306741275331247287e+00
7.683712690275798174e+00
8.076211598967759642e+00
8.483390752656532641e+00
8.904056832534946508e+00
9.336613050443256512e+00
9.778998228884532296e+00
1.022862383909042450e+01
1.068231118039297201e+01
1.113623173147104950e+01
1.158585468102502247e+01
1.202590671521022081e+01
1.245035023199679713e+01
1.285238715679171229e+01
1.322449628826671386e+01
1.355851239628823457e+01
1.384575486917596088e+01
1.407721228704302696e+01
1.424378662181458566e+01
1.433659665277067319e+01
1.434733461927116593e+01
1.426866333785176089e+01
1.409463354042666694e+01
1.382109395062577484e+01
1.344606082364966859e+01
1.297001070980698145e+01
1.239606134295569717e+01
1.173001164638937865e+01
1.098022295972629792e+01
1.015733878601148099e+01
9.273857689295017082e+00
8.343590752471586214e+00
7.381048347932054554e+00
6.400808471197628080e+00
5.416919218845518635e+00
4.442381265456278427e+00
3.488743904277531449e+00
2.565832825543403750e+00
1.681612102492872518e+00
8.421692940211904510e-01
5.180280339564713454e-02
-6.868146935026645528e-01
-1.372424074951174466e+00
-2.004944015280075043e+00
-2.585232508093048498e+00
-3.114861271981499868e+00
-3.595913345960869645e+00
-4.030809496387266044e+00
-4.422165315072655645e+00
-4.772678180191443964e+00
-5.085041502418219395e+00
-5.361882723776976611e+00
-5.605721180406052717e+00
-5.818941995562425085e+00
-6.003782477555140495e+00
-6.162327937417595436e+00
-6.296514327214853601e+00
-6.408135576513810605e+00
-6.498853939787744949e+00
-6.570212046233438130e+00
-6.623645661595882750e+00
-6.660496431768509140e+00
-6.682024086353622216e+00
-6.689417744642651265e+00
-6.683806094335932535e+00
-6.666266311867894423e+00
-6.637831668560743026e+00
-6.599497824044322947e+00
-6.552227851462124164e+00
-6.496956071027285340e+00
-6.434590791827395684e+00
-6.366016078124551392e+00
-6.292092667018502006e+00
-6.213658170163880889e+00
-6.131526693959044039e+00
-6.046488010813283687e+00
-5.959306409230342716e+00
-5.870719342962745557e+00
-5.781435989827278910e+00
-5.692135819365399030e+00
-5.603467255828297411e+00
-5.516046509411412835e+00
-5.430456634695293161e+00
-5.347246861285310793e+00
-5.266932228063576638e+00
-5.189993539607190343e+00
-5.116877651465984833e+00
-5.047998080345070804e+00
-4.983735925951632950e+00
-4.924441083424397014e+00
-4.870433718888560470e+00
-4.822005975732824190e+00
-4.779423875604146055e+00
-4.742929375735990938e+00
-4.712742542913211707e+00
-4.689063803956431187e+00
-4.672076232893869197e+00
-4.661947835787330519e+00
-4.658833795301511316e+00
-4.662878638368581186e+00
-4.674218291530118918e+00
-4.692981989575573110e+00
-4.719294003794383130e+00
-4.753275156386322919e+00
-4.795044087215118545e+00
-4.844718238042434955e+00
-4.902414517556485052e+00
-4.968249607841112692e+00
-5.042339869363945404e+00
-5.124800797063207014e+00
-5.215745974674547369e+00
-5.315285468086993426e+00
-5.423523591319511894e+00
-5.540555970793285212e+00
-5.666465825143401247e+00
-5.801319369173497442e+00
-5.945160242148332941e+00
-6.098002853056458505e+00
-6.259824529593661424e+00
-6.430556354531129948e+00
-6.610072574295510428e+00
-6.798178471868029149e+00
-6.994596611855679491e+00
-7.198951392694395324e+00
-7.410751882898836129e+00
-7.629372979159737334e+00
-7.854035008530376061e+00
-8.083782009937495516e+00
-8.317459076861014822e+00
-8.553689327851177637e+00
-8.790851297926204566e+00
-9.027057812735524323e+00
-9.260137715630051503e+00
-9.487622156454220246e+00
-9.706737502689065877e+00
-9.914407270464366206e+00
-1.010726575373495706e+01
-1.028168619874535317e+01
-1.043382635745352260e+01
-1.055969397601198345e+01
-1.065523414651154610e+01
-1.071643939387675637e+01
-1.073948183340932161e+01
-1.072086471635660843e+01
-1.065758825542439503e+01
-1.054732196296722968e+01
-1.038857312686393364e+01
-1.018083888149704386e+01
-9.924728058651693274e+00
-9.622039075869533775e+00
-9.275781884519012976e+00
-8.890135589065247146e+00
-8.470338587926962148e+00
-8.022514451707509764e+00
-7.553443414937694556e+00
-7.070295303698005185e+00
-6.580343968956180234e+00
-6.090685107938541343e+00
-5.607978426232824276e+00
-5.138231622605121451e+00
-4.686638325320354959e+00
-4.257475824428680333e+00
-3.854062246728544583e+00
-3.478767574648950145e+00
-3.133069179873992915e+00
-2.817640533107106382e+00
-2.532461349964794994e+00
-2.276938306301918402e+00
-2.050027169575704189e+00
-1.850349314800829426e+00
-1.676297767205925382e+00
-1.526129888981676563e+00
-1.398045463184503845e+00
-1.290250172870579748e+00
-1.201005340578875202e+00
-1.128665332541920030e+00
-1.071704309859000892e+00
-1.028734093168057750e+00
-9.985148588127934488e-01
-9.799602528197943752e-01
-9.721383321282245360e-01
-9.742695476979237323e-01
-9.857227897301358288e-01
-1.006010332752098169e+00
-1.034782354154293094e+00
-1.071821556765386818e+00
-1.117038304623189759e+00
-1.170466580092562658e+00
-1.232260987742281655e+00
-1.302694963158644637e+00
-1.382160289987188762e+00
-1.471167982499922200e+00
-1.570350550123394973e+00
-1.680465620466676135e+00
-1.802400853700041328e+00
-1.937180028021378453e+00
-2.085970106508756139e+00
-2.250089001210124895e+00
-2.431013619724999852e+00
-2.630387598347403877e+00
-2.850027875285082501e+00
-3.091928913213810581e+00
-3.358262911250700089e+00
-3.651373712975667374e+00
-3.973761271084776503e+00
-4.328052413769898799e+00
-4.716952210592827655e+00
-5.143168396524014696e+00
-5.609299041464081981e+00
-6.117670960268167590e+00
-6.670113365378371739e+00
-7.267648295395538582e+00
-7.910077087329236534e+00
-8.595441850522707483e+00
-9.319344663379919069e+00
-1.007411835550943024e+01
-1.084786597993822532e+01
-1.162342738967367950e+01
-1.237739676468167893e+01
-1.307940756020865081e+01
-1.369201516802185203e+01
-1.417161795577601247e+01
-1.447090997624875186e+01
-1.454326483215394461e+01
-1.434910427254995646e+01
-1.386364382641928472e+01
-1.308451564296522740e+01
-1.203698000757757036e+01
-1.077430961582450664e+01
-9.371958334020744630e+00
-7.916245458606210761e+00
-6.490582506823205478e+00
-5.163381262443936137e+00
-3.980929391227922665e+00
-2.966235971766057578e+00
-2.122570213156352192e+00
-1.439305118488090729e+00
-8.978797082692551168e-01
-4.765882747798850794e-01
-1.538035049033600332e-01
9.019945139203072726e-02
2.724376458089142750e-01
4.070550297136378837e-01
5.055066088211805919e-01
5.769001150787340659e-01
6.283819361271276716e-01
6.655075014940923239e-01
6.925690916642629480e-01
7.128725221027093495e-01
7.289637122786196688e-01
7.428105004688669855e-01
7.559465568855254780e-01
7.695842745349440461e-01
7.847028693924309461e-01
8.021170276115326958e-01
8.225305176407782248e-01
8.465783426000039746e-01
8.748602830707534750e-01
9.079680797083353738e-01
9.465080200376052577e-01
9.911203090768979651e-01
1.042496301880046161e+00
1.101394441075499664e+00
1.168655558872226941e+00
1.245218057284700919e+00
1.332133360344830653e+00
1.430581926469371545e+00
1.541890006686632564e+00
1.667547223065059425e+00
1.809224907556051809e+00
1.968794967548728403e+00
2.148348808964559709e+00
2.350215522165448601e+00
2.576978082574002737e+00
2.831485686869794627e+00
3.116859471809632076e+00
3.436487662723116010e+00
3.794004569138664351e+00
4.193245664039045195e+00
4.638168119971332715e+00
5.132722513271426479e+00
5.680656895696337472e+00
6.285229180819651873e+00
6.948798242212734344e+00
7.672259325700933275e+00
8.454287434679361724e+00
9.290356985327443695e+00
1.017152329613436201e+01
1.108299024369476982e+01
1.200256001377082349e+01
1.289917651685933286e+01
1.373193790405586157e+01
1.445014927774633762e+01
1.499515662942398464e+01
1.530472853196114791e+01
1.532045549274438123e+01
1.499784506220668412e+01
1.431749382901258194e+01
1.329428539299689227e+01
1.198083539669046971e+01
1.046235530545079939e+01
8.843013671180166568e+00
7.227568366987933146e+00
5.704280519950508221e+00
4.334292051438828786e+00
3.149320930497363946e+00
2.155998651746596551e+00
1.343427858367403083e+00
6.908512509331945495e-01
1.736773957514705646e-01
-2.325906319425096180e-01
-5.502228933572781422e-01
-7.983810726301183713e-01
-9.929848353405066330e-01
-1.146962721341020508e+00
-1.270661040407059517e+00
-1.372285069170100957e+00
-1.458310942178732361e+00
-1.533843443050496358e+00
-1.602914250146835640e+00
-1.668724346400446423e+00
-1.733837916344738828e+00
-1.800335856398088685e+00
-1.869936527191547349e+00
-1.944090371968602904e+00
-2.024053905696175715e+00
-2.110947524330338609e+00
-2.205800661323713552e+00
-2.309587043540614726e+00
-2.423252161273740324e+00
-2.547734547450232867e+00
-2.683982037493002792e+00
-2.832963832784588298e+00
-2.995678898667525125e+00
-3.173160976406224520e+00
-3.366480264025405233e+00
-3.576741612198409026e+00
-3.805078879251698076e+00
-4.052644886812164948e+00
-4.320596209845104063e+00
-4.610071819766685230e+00
-4.922164378569227061e+00
-5.257882762105254848e+00
-5.618104185478102863e+00
-6.003514136190093886e+00
-6.414532227656192909e+00
-6.851222120299088836e+00
-7.313183894424047260e+00
-7.799427798266854950e+00
-8.308229262828264794e+00
-8.836966623661476561e+00
-9.381945283983771589e+00
-9.938215249116513661e+00
-1.049939316277022172e+01
-1.105750516412152429e+01
-1.160287282695290934e+01
-1.212407056648697967e+01
-1.260798817077904310e+01
-1.304003494592620882e+01
-1.340452024525031582e+01
-1.368523647522469666e+01
-1.386625287562408282e+01
-1.393290043935930811e+01
-1.387289153809234854e+01
-1.367747678209513573e+01
