1.000000000000000000e+00
6.767982756277133305e-01
4.488539211802122786e-01
2.746676309681796435e-01
1.340600677562461540e-01
1.502251736413168226e-02
-9.031604960535100091e-02
-1.874566232410406486e-01
-2.804501388367958148e-01
-3.724275375447794190e-01
-4.659268223911216533e-01
-5.631054866836557871e-01
-6.658844689040357423e-01
-7.760495187952372032e-01
-8.953252849513809730e-01
-1.025431556179231984e+00
-1.168127651652682397e+00
-1.325248856349305226e+00
-1.498737463916872681e+00
-1.690670102303727163e+00
-1.903282394279255163e+00
-2.138991532364957315e+00
-2.400416951268008692e+00
-2.690398906935524970e+00
-3.012014376320562903e+00
-3.368589236002966558e+00
-3.763705120321832354e+00
-4.201198656259500730e+00
-4.685149872913971336e+00
-5.219855431779136801e+00
-5.809780859465198510e+00
-6.459484126927280023e+00
-7.173500660821237496e+00
-7.956177178693615737e+00
-8.811438665728090314e+00
-9.742469541623682616e+00
-1.075128700785774427e+01
-1.183818247756394904e+01
-1.300100716246021193e+01
-1.423428235366645289e+01
-1.552812665107645884e+01
-1.686701533699332245e+01
-1.822842594212035294e+01
-1.958148322528310814e+01
-2.088579819881347532e+01
-2.209079499915650757e+01
-2.313591986183193328e+01
-2.395219383645562772e+01
-2.446555046731138461e+01
-2.460222443560248351e+01
-2.429607419129370172e+01
-2.349713914695930228e+01
-2.218007181952264872e+01
-2.035059956719613083e+01
-1.804817166277778995e+01
-1.534363668875039011e+01
-1.233207065905154387e+01
-9.122280892766051252e+00
-5.825433148706503417e+00
-2.545285227579417775e+00
6.282885375736126932e-01
3.621986674996598321e+00
6.378541791348782297e+00
8.854109794658890920e+00
1.101485697873136083e+01
1.283379936785368081e+01
1.428859384611878980e+01
1.536061783623860677e+01
1.603536083594374517e+01
1.630389721857642726e+01
1.616501370148598582e+01
1.562743576766278331e+01
1.471155860780425151e+01
1.345016503400299612e+01
1.188781048190908507e+01
1.007884104214042864e+01
8.084313461260631328e+00
5.968318936745220071e+00
3.794307461967179051e+00
1.621947671511493549e+00
-4.951253434307769652e-01
-2.510554473332449188e+00
-4.385588328543392755e+00
-6.088724759026929334e+00
-7.594960518757993384e+00
-8.884923948665102600e+00
-9.944107397538383353e+00
-1.076233442771628113e+01
-1.133351287705040455e+01
-1.165565078589919601e+01
-1.173105505611217403e+01
-1.156659652597037713e+01
-1.117391223421608615e+01
-1.056942651628308383e+01
-9.774105014387062695e+00
-8.812903925380254577e+00
-7.713931687372867607e+00
-6.507390802106870709e+00
-5.224403396343766381e+00
-3.895838829080585874e+00
-2.551253900778880368e+00
-1.218030129343925738e+00
7.924409419003231037e-02
1.319137028649527199e+00
2.483505986488736106e+00
3.557444183686889083e+00
4.529098326956630061e+00
5.389413520365391008e+00
6.131854620610366347e+00
6.752141114811503364e+00
7.248018794881867954e+00
7.619078168116566907e+00
7.866618163332821823e+00
7.993545125958685382e+00
8.004291720320898307e+00
7.904738191512543644e+00
7.702119225204893560e+00
7.404902894667882762e+00
7.022633219432719009e+00
6.565733856089535081e+00
6.045276513275184449e+00
5.472722990468331439e+00
4.859653606494545919e+00
4.217496790726302791e+00
3.557274651197380511e+00
2.889377606266970044e+00
2.223378106164826562e+00
1.567889649503932947e+00
9.304733099905626581e-01
3.175903428391302352e-01
-2.654034944878967961e-01
-8.142283019027578561e-01
-1.325622561878777805e+00
-1.797265560066872325e+00
-2.227687002555502449e+00
-2.616170235301530589e+00
-2.962654311480849234e+00
-3.267638903374388004e+00
-3.532094850767736549e+00
-3.757382067852098384e+00
-3.945175645605818460e+00
-4.097400304633093349e+00
-4.216172868842763322e+00
-4.303752122202262775e+00
-4.362495249711310308e+00
-4.394820017204736473e+00
-4.403171880727295928e+00
-4.389995306134033548e+00
-4.357708698688901983e+00
-4.308682471077195153e+00
-4.245219901647550920e+00
-4.169540542699607499e+00
-4.083766025163876989e+00
-3.989908168457392712e+00
-3.889859342770030981e+00
-3.785385047720708496e+00
-3.678118669780856553e+00
-3.569558365430470115e+00
-3.461065992277655656e+00
-3.353867980753311162e+00
-3.249058008419867249e+00
-3.147601310645400829e+00
-3.050340437829806017e+00
-2.958002252144791733e+00
-2.871205946707858558e+00
-2.790471867420054597e+00
-2.716230921978129320e+00
-2.648834371035764690e+00
-2.588563812078475745e+00
-2.535641186091536436e+00
-2.490238659301960755e+00
-2.452488255972480324e+00
-2.422491142332331648e+00
-2.400326485304864921e+00
-2.386059831955660737e+00
-2.379750975920800204e+00
-2.381461295020119273e+00
-2.391260559485283821e+00
-2.409233222516066864e+00
-2.435484214077865417e+00
-2.470144264874508888e+00
-2.513374790193488639e+00
-2.565372362729644973e+00
-2.626372799401929470e+00
-2.696654879356711998e+00
-2.776543698453025399e+00
-2.866413649048795698e+00
-2.966690992158660389e+00
-3.077855961106268357e+00
-3.200444300443734846e+00
-3.335048099636455543e+00
-3.482315725933561090e+00
-3.642950592698654511e+00
-3.817708415608231931e+00
-4.007392506531355814e+00
-4.212846530340222273e+00
-4.434944000119272367e+00
-4.674573608413152392e+00
-4.932619284591882369e+00
-5.209933631713790092e+00
-5.507303135091483171e+00
-5.825403260466226030e+00
-6.164741294103288638e+00
-6.525584557776506145e+00
-6.907871518669304933e+00
-7.311103399011850357e+00
-7.734214304968063836e+00
-8.175418821041892770e+00
-8.632037692463903511e+00
-9.100304931276308906e+00
-9.575163744712254399e+00
-1.005006437395997665e+01
-1.051678437484680195e+01
-1.096530086176401042e+01
-1.138375396788390148e+01
-1.175854953636888567e+01
-1.207465396036202598e+01
-1.231613102793642156e+01
-1.246695475059982172e+01
-1.251209917037483699e+01
-1.243885462185567725e+01
-1.223825426309940312e+01
-1.190642754185758356e+01
-1.144564947659779008e+01
-1.086485054077155610e+01
-1.017940963190148906e+01
-9.410172205716895277e+00
-8.581792233521024826e+00
-7.720644605685062167e+00
-6.852644870617995210e+00
-6.001315551957661754e+00
-5.186355872786850618e+00
-4.422838434572570421e+00
-3.721019183528077701e+00
-3.086644522898828846e+00
-2.521589226542430673e+00
-2.024657125707898686e+00
-1.592406968240509091e+00
-1.219909558399328020e+00
-9.013848393186283392e-01
-6.307011436574487817e-01
-4.017411900635712296e-01
-2.086517446064435899e-01
-4.599879926842417865e-02
9.114966348174644017e-02
2.071935822026785001e-01
3.060070520223156509e-01
3.909680694466755035e-01
4.650021883982992654e-01
5.306331907758632394e-01
5.900360253893022211e-01
6.450889139945107376e-01
6.974227400018258027e-01
7.484667082527258763e-01
7.994898705366011438e-01
8.516385171515453711e-01
9.059696930923148983e-01
9.634812499603707669e-01
1.025138922941293940e+00
1.091900949358801443e+00
1.164740737824375261e+00
1.244668065858453687e+00
1.332749235635442897e+00
1.430126555032760871e+00
1.538037433917465835e+00
1.657833289772461249e+00
1.790998335006771525e+00
1.939168159147402815e+00
2.104147806009700528e+00
2.287928755819296889e+00
2.492703823675025632e+00
2.720878436605587147e+00
2.975075996479085383e+00
3.258134004282772889e+00
3.573086225112465542e+00
3.923124310044555862e+00
4.311529852258909834e+00
4.741564747729651863e+00
5.216303925409296660e+00
5.738390128653525046e+00
6.309685894896116309e+00
6.930794180339685084e+00
7.600418140737493111e+00
8.314535800189606363e+00
9.065382138529081146e+00
9.840267280184825438e+00
1.062032449750100582e+01
1.137938408277566360e+01
1.208330915083199031e+01
1.269028652408254487e+01
1.315268088615246000e+01
1.342102252387148376e+01
1.345036007948411338e+01
1.320846000883617499e+01
1.268425289280807000e+01
1.189393599195194184e+01
1.088197086836896510e+01
9.715472822078204729e+00
8.472980206817236848e+00
7.231046470511831359e+00
6.052934782757534826e+00
4.982368999315053060e+00
4.042813613407212792e+00
3.240730060366611820e+00
2.570568694105372920e+00
2.019692324142382756e+00
1.572278297733229691e+00
1.211963303234772527e+00
9.233943545248339824e-01
6.929838345654261156e-01
5.091538646447097971e-01
3.622883152254451344e-01
2.445393419491263265e-01
1.495783347523697293e-01
7.234162584510728244e-02
8.796206265559824988e-03
-4.426415149169274366e-02
-8.939017002807050916e-02
-1.286176921109395133e-01
-1.635813961484458290e-01
-1.956058472181925745e-01
-2.257779757188014824e-01
-2.550046287292559999e-01
-2.840582966437160684e-01
-3.136135815384012981e-01
-3.442764910329446093e-01
-3.766082290180467473e-01
-4.111448137735448372e-01
-4.484135785187718937e-01
-4.889473902501826341e-01
-5.332972502299426765e-01
-5.820438046927339792e-01
-6.358081892759662734e-01
-6.952625485011568740e-01
-7.611405064817509114e-01
-8.342478118189244896e-01
-9.154733337959527484e-01
-1.005800544134553887e+00
-1.106319574269575723e+00
-1.218239887401689314e+00
-1.342903541685402047e+00
-1.481798938596734061e+00
-1.636574839593879283e+00
-1.809054282672816871e+00
-2.001247822698021928e+00
-2.215365235079522321e+00
-2.453824435141697347e+00
-2.719255841883757796e+00
-3.014499713125161406e+00
-3.342593049294775298e+00
-3.706741448632290048e+00
-4.110269738832737829e+00
-4.556543260154181318e+00
-5.048849315042967412e+00
-5.590225582207625443e+00
-6.183219407618413932e+00
-6.829559259205927546e+00
-7.529718085083433543e+00
-8.282349260034582272e+00
-9.083581483235995790e+00
-9.926172662959352522e+00
-1.079854874632293615e+01
-1.168379629439038681e+01
-1.255874078875961430e+01
-1.339332497179866444e+01
-1.415059162577312435e+01
-1.478764484122908662e+01
-1.525796333342484701e+01
-1.551530285671849363e+01
-1.551909535836631804e+01
-1.524073258404978581e+01
-1.466953283200327895e+01
-1.381679225779620168e+01
-1.271643192372976472e+01
-1.142153420984225676e+01
-9.997323945960360447e+00
-8.512337072508181279e+00
-7.030028298727209801e+00
-5.602664804908547680e+00
-4.268331300916670124e+00
-3.050808976752241275e+00
-1.961435239821743171e+00
-1.001908897200031845e+00
-1.672158832606028822e-01
5.518166550724961095e-01
1.166536651505642785e+00
1.689060589156164749e+00
2.131355831090925523e+00
2.504694730385069068e+00
2.819370340521295315e+00
3.084584656649364209e+00
3.308443648903082845e+00
3.498013574125915515e+00
3.659408624930423404e+00
3.797891122049702695e+00
3.917973035704792828e+00
4.023512571074767230e+00
4.117802670042998159e+00
4.203650173097392972e+00
4.283445483440401880e+00
4.359223174048558747e+00
4.432714271438695341e+00
4.505391061758929894e+00
4.578505273710690382e+00
4.653120446738799210e+00
4.730139220683153845e+00
4.810326201421748493e+00
4.894326975321355633e+00
4.982683768481683373e+00
5.075848177143021722e+00
5.174191334086365224e+00
5.278011822459609981e+00
5.387541602899744930e+00
5.502950181623999626e+00
5.624347215846513315e+00
5.751783728001205631e+00
5.885252081451531225e+00
6.024684857360875334e+00
6.169952764973541726e+00
6.320861715559257910e+00
6.477149193572474317e+00
6.638480067028861065e+00
6.804441992506439441e+00
6.974540588230062177e+00
7.148194570918023238e+00
7.324731077744607965e+00
7.503381422881571616e+00
7.683277567227882798e+00
7.863449608287008452e+00
8.042824622391345102e+00
8.220227210799746942e+00
8.394382111343972497e+00
8.563919234647039858e+00
8.727381464662439470e+00
8.883235523635818254e+00
9.029886138238570226e+00
9.165693654094159371e+00
9.288995129108849724e+00
9.398128792723051461e+00
9.491461591606627834e+00
9.567419358394301909e+00
9.624518947704890692e+00
9.661401494636027820e+00
9.676865779210654495e+00
9.669900541296005514e+00
9.639714499809050707e+00
9.585762801485390838e+00
9.507768668697329062e+00
9.405739138298923052e+00
9.279973983408780214e+00
9.131067179464499972e+00
8.959900599819651035e+00
8.767629983593829834e+00
8.555663584227101381e+00
8.325634254340576135e+00
8.079366025309871802e+00
7.818836476553275183e+00
7.546136344226983539e+00
7.263427883764169479e+00
6.972903475600205958e+00
6.676745856238597732e+00
6.377091181536532538e+00
6.075995904010677684e+00
5.775408191395326796e+00
5.477144349771553067e+00
5.182870459444663958e+00
4.894089200119929650e+00
4.612131644423951293e+00
4.338153641733689447e+00
4.073136299869054788e+00
3.817889999334889595e+00
3.573061339731018027e+00
3.339142415231090233e+00
3.116481839304854784e+00
2.905296981556626523e+00
2.705686935429425066e+00
2.517645799020144626e+00
2.341075917701610720e+00
2.175800802962250202e+00
2.021577504118856172e+00
1.878108266468606180e+00
1.745051359905850141e+00
1.622031005526346714e+00
1.508646364232002046e+00
1.404479581125515741e+00
1.309102903064940149e+00
1.222084904785256665e+00
1.142995872202072327e+00
1.071412400614854654e+00
1.006921271218816694e+00
9.491226722583079312e-01
8.976328318867727862e-01
8.520861288431388347e-01
8.121367448432330605e-01
7.774599194792842782e-01
7.477528647185492927e-01
7.227353920342033389e-01
7.021503009784751947e-01
6.857635737675960019e-01
6.733644163024131712e-01
6.647651820798927691e-01
6.598012117172847857e-01
6.583306173511812576e-01
6.602340380114466445e-01
6.654143892164483542e-01
6.737966274935061062e-01
6.853275482924336970e-01
6.999756338209104367e-01
7.177309656749311095e-01
7.386052157499296555e-01
7.626317277806530237e-01
7.898657009514267191e-01
8.203844863227938156e-01
8.542880063142351821e-01
8.916993071428018780e-01
9.327652539191778613e-01
9.776573780182503670e-01
1.026572886339245372e+00
1.079735842114001532e+00
1.137398526966954648e+00
1.199842993922963341e+00
1.267382820932316134e+00
1.340365074152014113e+00
1.419172489582173347e+00
1.504225880570244644e+00
1.595986776990015343e+00
1.694960299354403954e+00
1.801698267445453361e+00
1.916802537875762935e+00
2.040928557864167381e+00
2.174789112815282532e+00
2.319158232272214626e+00
2.474875201489429966e+00
2.642848603010628405e+00
2.824060282667951949e+00
3.019569095370587597e+00
3.230514235450026028e+00
3.458117891098220653e+00
3.703686878775551250e+00
3.968612806741157684e+00
4.254370181488067004e+00
4.562511700258484737e+00
4.894659759387373299e+00
5.252492943576408280e+00
5.637725936571760244e+00
6.052080900880348224e+00
6.497247907032082992e+00
6.974831450254288967e+00
7.486279482208836988e+00
8.032790731370589299e+00
8.615195436952797436e+00
9.233804066633963359e+00
9.888218274387911677e+00
1.057709850989115097e+01
1.129788365277446971e+01
1.204646028639156619e+01
1.281678337075312513e+01
1.360045688328935576e+01
1.438629329030791304e+01
1.515988519000186940e+01
1.590324135823145291e+01
1.659456192767949290e+01
1.720825092512955123e+01
1.771528358029473083e+01
1.808405209249442436e+01
1.828179526692306212e+01
1.827666209418357113e+01
1.804035838331635233e+01
1.755118185011340515e+01
1.679708694309462302e+01
1.577828155550028022e+01
1.450880475131386405e+01
1.301662248105908226e+01
1.134202351922530028e+01
9.534453962685837780e+00
7.648289180972369650e+00
5.738281065079609888e+00
3.855450207398544826e+00
2.044015555700133380e+00
3.396479406803460943e-01
-1.230985240393505986e+00
-2.649653007963338691e+00
-3.905351121931790015e+00
-4.992825788738238124e+00
-5.911129460881407560e+00
-6.662401242354657249e+00
-7.250962422451022960e+00
-7.682737025856714475e+00
-7.964952597084657526e+00
-8.106045387289791293e+00
-8.115681975076373789e+00
-8.004811595313073624e+00
-7.785676443157517390e+00
-7.471727923409249961e+00
-7.077422146091300270e+00
-6.617894415495358729e+00
-6.108536196755152581e+00
-5.564515533532251368e+00
-5.000290695549529651e+00
-4.429166265625300802e+00
-3.862932157918988807e+00
-3.311611928190887788e+00
-2.783330620203578576e+00
-2.284297492247445938e+00
-1.818887563486844217e+00
-1.389799065715572102e+00
-9.982615024740462140e-01
-6.442702386523287972e-01
-3.268271450730298455e-01
-4.417158425388040266e-02
2.060090399216443768e-01
4.263954946280424929e-01
6.198823993450508496e-01
7.894533970880650564e-01
9.380840263850032112e-01
1.068669426893110730e+00
1.183973495765268336e+00
1.286595995106801116e+00
1.378954255170606213e+00
1.463276416234455812e+00
1.541603526803995372e+00
1.615798214101172414e+00
1.687558031088520316e+00
1.758431942754182131e+00
1.829838732732592232e+00
1.903086385407590120e+00
1.979391728044329390e+00
2.059899803934932994e+00
2.145702593724144513e+00
2.237856810960038967e+00
2.337400572197299020e+00
2.445368783772156718e+00
2.562807097908442966e+00
2.690784270258994582e+00
2.830402698216347712e+00
2.982806831777581991e+00
3.149189022278251926e+00
3.330792203134529839e+00
3.528908573497189227e+00
3.744873171835278125e+00
3.980050872890143587e+00
4.235814910229313668e+00
4.513514513721307964e+00
4.814428661155695899e+00
5.139702296576958318e+00
5.490260713052603769e+00
5.866697227735938824e+00
6.269128953985917185e+00
6.697015660138500692e+00
7.148937793495975690e+00
7.622332305496549942e+00
8.113189685427009579e+00
8.615723482822849277e+00
9.122035455209205779e+00
9.621815863956337367e+00
1.010213896504696152e+01
1.054743615958400760e+01
1.093974835965824255e+01
1.125936577099445834e+01
1.148594466892477328e+01
1.160013298505486290e+01
1.158563117752945892e+01
1.143146893254691854e+01
1.113412412530130524e+01
1.069900750738016093e+01
1.014085468358751285e+01
9.482749982210185280e+00
8.753831546953415810e+00
7.986089064855972808e+00
7.210918275824616863e+00
6.456129888042418052e+00
5.743918414938610439e+00
5.089977798144957433e+00
4.503645451472613637e+00
3.988766604540894711e+00
3.544922289695705331e+00
3.168720761177236778e+00
2.854955107938270231e+00
2.597531500382930236e+00
2.390148168596867961e+00
2.226749867167321373e+00
2.101802028685804569e+00
2.010431933150675921e+00
1.948478813052855640e+00
1.912486204532007239e+00
1.899661073431224478e+00
1.907816687680470746e+00
1.935310297251069622e+00
1.980982349707712586e+00
2.044100943493886824e+00
2.124313190058241929e+00
2.221603835589748499e+00
2.336260651651809628e+00
2.468845563054884895e+00
2.620170107823323935e+00
2.791273519635657507e+00
2.983401413837411198e+00
3.197982686954148335e+00
3.436601760843672970e+00
3.700962679454839588e+00
3.992840772023952933e+00
4.314016621087050751e+00
4.666185935636995019e+00
5.050837699391080626e+00
5.469091799096800877e+00
5.921486535924738170e+00
6.407706494117899609e+00
6.926242993680156168e+00
7.473983978385060567e+00
8.045739293189877017e+00
8.633722802081075898e+00
9.227036511043529288e+00
9.811234604656220881e+00
1.036808523753072109e+01
1.087568814854195232e+01
1.130913213947689933e+01
1.164186485077916089e+01
1.184786940219081153e+01
1.190457605867454483e+01
1.179618743015657678e+01
1.151681941093762696e+01
1.107267208537444247e+01
1.048248423255774853e+01
9.775872963427195472e+00
8.989750213679652546e+00
8.163610689518536745e+00
7.334817947436492069e+00
6.534919208531704271e+00
5.787570804139713587e+00
5.108101628061351818e+00
4.504327649356707930e+00
3.978067209241018976e+00
3.526858488950548320e+00
3.145540425701876419e+00
2.827528698638746452e+00
2.565746389456516674e+00
2.353242940167487252e+00
2.183565709942230981e+00
2.050952234163373689e+00
1.950402031280646264e+00
1.877673369576914997e+00
1.829237431779298539e+00
1.802211660642791813e+00
1.794286091745763478e+00
1.803650872748714162e+00
1.828929416600991509e+00
1.869119233722088325e+00
1.923541017653298324e+00
1.991795705424553864e+00
2.073728773565777672e+00
2.169400809368611682e+00
2.279063311983456241e+00
2.403138662176102613e+00
2.542203209972845102e+00
2.696972438519979143e+00
2.868287152726996858e+00
3.057099601296235480e+00
3.264458363103186045e+00
3.491490708813789201e+00
3.739380983738104458e+00
4.009343348794561557e+00
4.302586968042483306e+00
4.620271455328773591e+00
4.963450111555713917e+00
5.332998236048037910e+00
5.729523641196450967e+00
6.153256530570298644e+00
6.603916248541724876e+00
7.080553253631996391e+00
7.581366239204357704e+00
8.103496898927240011e+00
8.642808702541293187e+00
9.193661457995185415e+00
9.748700484691118717e+00
1.029868768461584416e+01
1.083241090289089215e+01
1.133671615143837919e+01
1.179671198404245835e+01
1.219619307022682797e+01
1.251831686491536111e+01
1.274653991415779686e+01
1.286577794467156188e+01
1.286370023256527872e+01
1.273201375717871109e+01
1.246755194835937353e+01
1.207297413131106900e+01
1.155691807411137972e+01
1.093353004982467347e+01
1.022140861518175825e+01
9.442110198614516392e+00
8.618443618526658412e+00
7.772804157441172812e+00
6.925762825375416654e+00
6.095049623532149852e+00
5.294978361037345316e+00
4.536280910401291777e+00
3.826266593981076714e+00
3.169201119833738645e+00
2.566803269424412726e+00
2.018776472933784039e+00
1.523316990258721360e+00
1.077563913730862133e+00
6.779750857612746318e-01
3.206262637302202956e-01
1.438965013379089886e-03
-2.836534572842588919e-01
-5.385905709428588928e-01
-7.671097957108385934e-01
-9.727020063321137888e-01
-1.158589811608370823e+00
-1.327722055955212532e+00
-1.482779500536597794e+00
-1.626187847858651114e+00
-1.760135260870221874e+00
-1.886592309165970871e+00
-2.007332878079790106e+00
-2.123955032211696903e+00
-2.237901162781805287e+00
-2.350476994018781518e+00
-2.462869199071276327e+00
-2.576161497940122835e+00
-2.691349192177999949e+00
-2.809352143968032678e+00
-2.931026238520987537e+00
-3.057173384379729075e+00
-3.188550110509589253e+00
-3.325874815133821105e+00
-3.469833711414350486e+00
-3.621085500898210352e+00
-3.780264788294905198e+00
-3.947984231432770663e+00
-4.124835398757282334e+00
-4.311388283950884137e+00
-4.508189403600672662e+00
-4.715758379782458931e+00
-4.934582885547759368e+00
-5.165111808372000013e+00
-5.407746465713148432e+00
-5.662829689392874677e+00
-5.930632583496922017e+00
-6.211338756461608490e+00
-6.505025835266925682e+00
-6.811644092334047329e+00
-7.130992058891431284e+00
-7.462689068243544277e+00
-7.806144775441330452e+00
-8.160525843858485118e+00
-8.524720181873854941e+00
-8.897299361454294342e+00
-9.276480160437936107e+00
-9.660086543928718683e+00
-1.004551383414204757e+01
-1.042969730084066882e+01
-1.080908791349413889e+01
-1.117963849444383762e+01
-1.153680394560167599e+01
-1.187555951717714819e+01
-1.219044115610765644e+01
-1.247561171266513291e+01
-1.272495609264755778e+01
-1.293220723050635357e+01
-1.309110297301625714e+01
-1.319557161345445095e+01
-1.323994100084192915e+01
-1.321916307315743744e+01
-1.312904264464458848e+01
-1.296645672503662716e+01
-1.272954901772146741e+01
-1.241788396064299960e+01
-1.203254604385422866e+01
-1.157617325708511835e+01
-1.105291821286812848e+01
-1.046833629405157851e+01
-9.829206393926229524e+00
-9.143295636753791200e+00
-8.419084099979500024e+00
-7.665468402440088092e+00
-6.891463766912660383e+00
-6.105922844345936795e+00
-5.317286547587551482e+00
-4.533377950118219424e+00
-3.761245617995908397e+00
-3.007058184334445272e+00
-2.276048037470675300e+00
-1.572498985751002554e+00
-8.997708035495757262e-01
-2.603526143775507506e-01
3.440630243221663997e-01
9.124929148274532054e-01
1.444569493436401064e+00
1.940445990742731164e+00
2.400704631987891080e+00
2.826270844608039567e+00
3.218335391873080820e+00
3.578285479470833863e+00
3.907645195407281502e+00
4.208025133069493329e+00
4.481080691933373217e+00
4.728478324240407815e+00
4.951868872151723444e+00
5.152867093318542757e+00
5.333036481612983160e+00
5.493878535867661839e+00
5.636825698602089929e+00
5.763237268058936991e+00
5.874397672592742481e+00
5.971516581129097112e+00
6.055730403524339778e+00
6.128104808119692493e+00
6.189637949559001484e+00
6.241264157715535887e+00
6.283857888526584112e+00
6.318237780143547866e+00
6.345170693717869348e+00
6.365375648082845395e+00
6.379527582293613719e+00
6.388260900159306921e+00
6.392172767196991678e+00
6.391826143446352582e+00
6.387752545827942718e+00
6.380454541658970413e+00
6.370407980948015414e+00
6.358063979504688490e+00
6.343850668001723037e+00
6.328174724150445130e+00
6.311422706293036811e+00
6.293962207141378329e+00
6.276142846240582607e+00
6.258297119121285057e+00
6.240741120125547603e+00
6.223775154628920170e+00
6.207684254905167620e+00
6.192738612249423014e+00
6.179193936240451102e+00
6.167291750226301161e+00
6.157259630296923802e+00
6.149311393194050623e+00
6.143647236830211078e+00
6.140453835368930413e+00
6.139904389177637256e+00
6.142158628421974242e+00
6.147362767641734393e+00
6.155649407350129998e+00
6.167137377544909427e+00
6.181931517027721590e+00
6.200122381614280087e+00
6.221785873701508152e+00
6.246982785261453230e+00
6.275758246181768030e+00
6.308141070000376160e+00
6.344142989524942600e+00
6.383757775629779196e+00
6.426960233734938299e+00
6.473705074153149219e+00
6.523925654705799992e+00
6.577532596832130984e+00
6.634412279924133848e+00
6.694425222894216709e+00
6.757404367103616138e+00
6.823153280821093070e+00
6.891444312404953365e+00
6.962016727446318498e+00
7.034574874183812554e+00
7.108786431557952312e+00
7.184280805212065246e+00
7.260647748377275335e+00
7.337436296610207798e+00
7.414154117367246499e+00
7.490267386837180297e+00
7.565201316591949166e+00
7.638341460558166318e+00
7.709035937493963431e+00
7.776598704354889868e+00
7.840314010308771842e+00
7.899442148316222934e+00
7.953226599771529237e+00
8.000902636501814769e+00
8.041707402576335539e+00
8.074891445515911315e+00
8.099731602957767507e+00
8.115545077875207625e+00
8.121704455405781786e+00
8.117653330726286143e+00
8.102922134949988475e+00
8.077143670513745377e+00
8.040067805572560289e+00
7.991574735473561120e+00
7.931686205112486121e+00
7.860574104538504692e+00
7.778565905409103642e+00
7.686146499085773520e+00
7.583956126436434353e+00
7.472784249456592143e+00
7.353559396950062776e+00
7.227335209167957686e+00
7.095273095997760571e+00
6.958622095852462053e+00
6.818696664437990940e+00
6.676853222903892160e+00
6.534466345794275988e+00
6.392905467299007327e+00
6.253512930763992728e+00
6.117584106838228841e+00
5.986350169223515927e+00
5.860963955446652385e+00
5.742489166229464814e+00
5.631892983507702510e+00
5.530042025155026408e+00
5.437701412911430943e+00
5.355536614980077381e+00
5.284117639356115781e+00
5.223925098513764631e+00
5.175357638581174591e+00
5.138740222790031176e+00
5.114332774890106847e+00
5.102338717956548919e+00
5.102912982212766124e+00
5.116169097228294937e+00
5.142185024981084318e+00
5.181007427614965799e+00
5.232654095171276332e+00
5.297114283157403847e+00
5.374346727725875184e+00
5.464275118861916525e+00
5.566780821955375380e+00
5.681692649457103172e+00
5.808773502479248840e+00
5.947703734354182536e+00
6.098061143326196643e+00
6.259297590680964696e+00
6.430712376593660018e+00
6.611422703206159213e+00
6.800331827968399523e+00
6.996095874065693110e+00
7.197090728859895314e+00
7.401381027564988280e+00
7.606693875588375064e+00
7.810400675142260773e+00
8.009511125654260155e+00
8.200684060591596491e+00
8.380260119567894961e+00
8.544321146778290910e+00
8.688780440933774329e+00
8.809506349526037283e+00
8.902479052017516992e+00
8.963976694580370719e+00
8.990782517704461796e+00
8.980399729562448030e+00
8.931256389053919165e+00
8.842879465014751972e+00
8.716016572288676656e+00
8.552686464690566481e+00
8.356145464978641968e+00
8.130766129445381907e+00
7.881835246184189181e+00
7.615288804273304457e+00
7.337409749180028307e+00
7.054518488784064623e+00
6.772685478612341825e+00
6.497490155785102139e+00
6.233842335475231700e+00
5.985872785133913077e+00
5.756890888404683437e+00
5.549400475923078169e+00
5.365160715902940858e+00
5.205277428462222744e+00
5.070310828332349473e+00
4.960387786061997595e+00
4.875309488886230724e+00
4.814648273555919289e+00
4.777829985794016743e+00
4.764200279833198159e+00
4.773074745808937536e+00
4.803773683575182751e+00
4.855642823841892053e+00
4.928061444980201600e+00
5.020439256290105234e+00
5.132203211296898715e+00
5.262775155633811153e+00
5.411540965773606437e+00
5.577811648779012366e+00
5.760776794833632586e+00
5.959450847426224662e+00
6.172612925591502986e+00
6.398741444588866401e+00
6.635945579202916278e+00
6.881896729133616830e+00
7.133764582799963172e+00
7.388164087183774598e+00
7.641121487812512214e+00
7.888069358655379837e+00
8.123881804743810164e+00
8.342961245249391311e+00
8.539386709445802026e+00
8.707129732049855519e+00
8.840337237934289050e+00
8.933671251447842465e+00
8.982683625585874410e+00
8.984192029756432163e+00
8.936613878658604904e+00
8.840210927909714300e+00
8.697201669801172486e+00
8.511712600417340013e+00
8.289561501038869906e+00
8.037891923146041506e+00
7.764702076527103536e+00
7.478327296745906239e+00
7.186939326941850226e+00
6.898117389316981374e+00
6.618528518161818752e+00
6.353733088839868870e+00
6.108111291315279523e+00
5.884891357193754224e+00
5.686252290667845877e+00
5.513472238222036914e+00
5.367096728326862021e+00
5.247106689744703623e+00
5.153072550861896417e+00
5.084286555923888784e+00
5.039870049926947537e+00
5.018855710510898405e+00
5.020246672386718956e+00
5.043055466950546517e+00
5.086325983642855597e+00
5.149141512969186429e+00
5.230621558160876816e+00
5.329909647676534412e+00
5.446153938414093787e+00
5.578482026714350894e+00
5.725971113047007677e+00
5.887614513228161428e+00
6.062285481596702219e+00
6.248699411657922198e+00
6.445375704454721522e+00
6.650600935443677919e+00
6.862395388713368405e+00
7.078485530794112357e+00
7.296285513557961622e+00
7.512891251090811018e+00
7.725090906456728135e+00
7.929395623894535561e+00
8.122093908370885629e+00
8.299332051218714312e+00
8.457221328797007942e+00
8.591970340681958973e+00
8.700037908596877756e+00
8.778298690215386557e+00
8.824210504857701309e+00
8.835969886818087815e+00
8.812641187978995205e+00
8.754245163905865823e+00
8.661795665333311689e+00
8.537277704461239125e+00
8.383566220489230503e+00
8.204291408359521753e+00
8.003662392070967968e+00
7.786265290804447403e+00
7.556853648370783993e+00
7.320148578807418538e+00
7.080663146419675869e+00
6.842561165018500979e+00
6.609555666549234765e+00
6.384847604301569390e+00
6.171101552017400849e+00
5.970452570841444206e+00
5.784537087609711747e+00
5.614540392774969746e+00
5.461253939176743621e+00
5.325136689996228689e+00
5.206376045988985624e+00
5.104945166118458388e+00
5.020654644820278456e+00
4.953197452794066535e+00
4.902186766441576360e+00
4.867186816871985400e+00
4.847737213749581997e+00
4.843371379905791585e+00
4.853629806846083028e+00
4.878068841869854566e+00
4.916265671209795407e+00
4.967820090854061732e+00
5.032353572410428022e+00
5.109506045785522588e+00
5.198930740342323276e+00
5.300287355777773435e+00
5.413233775710163620e+00
5.537416492265338164e+00
5.672459879550959982e+00
5.817954438240352744e+00
5.973444132855405542e+00
6.138412957999638486e+00
6.312270899949443681e+00
6.494339505713901950e+00
6.683837332646028528e+00
6.879865627082715207e+00
7.081394668571651785e+00
7.287251314023735382e+00
7.496108378977988984e+00
7.706476594436569627e+00
7.916699968468262405e+00
8.124955450614576691e+00
8.329257830425738973e+00
8.527470783868928095e+00
8.717324896935656042e+00
8.896443329639996733e+00
9.062375524203657662e+00
9.212639003154523110e+00
9.344768850039134378e+00
9.456373933085787442e+00
9.545198349901848900e+00
9.609185982790300784e+00
9.646545515503227364e+00
9.655812836988008740e+00
9.635907510292749834e+00
9.586179970981705267e+00
9.506446376176462820e+00
9.397008562040412016e+00
9.258657360034794337e+00
9.092658512058713782e+00
8.900721523660322987e+00
8.684952896042059223e+00
8.447796170557264617e+00
8.191962004646564210e+00
7.920352002704276195e+00
7.635980212160773384e+00
7.341896066473269755e+00
7.041112151287744148e+00
6.736539553803360114e+00
6.430932809815689488e+00
6.126845672193365289e+00
5.826598164354431120e+00
5.532254712004251118e+00
5.245612604995013584e+00
4.968199647067859992e+00
4.701279604795290723e+00
4.445863954862118383e+00
4.202728428694352480e+00
3.972432938986549811e+00
3.755343617155848968e+00
3.551655869797165188e+00
3.361417555443134475e+00
3.184551574615358760e+00
3.020877345186152141e+00
2.870130794482752101e+00
2.731982635793113179e+00
2.606054809007392503e+00
2.491935053919128507e+00
2.389189652253881579e+00
2.297374423471047589e+00
2.216044092721801917e+00
2.144760169936344329e+00
2.083097489542768965e+00
2.030649563168092975e+00
1.987032894871514799e+00
1.951890401692158772e+00
1.924894072910060094e+00
1.905746990476582470e+00
1.894184821371076799e+00
1.889976880773756696e+00
1.892926853325965109e+00
1.902873248654861627e+00
1.919689656937964894e+00
1.943284860658105906e+00
1.973602849872155618e+00
2.010622780261010156e+00
2.054358905882512687e+00
2.104860511826203151e+00
2.162211865762526219e+00
2.226532201567720914e+00
2.297975742654569054e+00
2.376731767201852641e+00
2.463024711992771287e+00
2.557114305871581728e+00
2.659295717718892504e+00
2.769899697120358883e+00
2.889292678328684527e+00
3.017876809435119156e+00
3.156089858582566521e+00
3.304404937240499773e+00
3.463329966655038561e+00
3.633406797176728098e+00
3.815209870802629855e+00
4.009344294458674796e+00
4.216443164773826524e+00
4.437163953828789253e+00
4.672183729085935155e+00
4.922192938976097665e+00
5.187887448119536060e+00
5.469958452819621009e+00
5.769079848600724425e+00
6.085892558067220293e+00
6.420985261002916111e+00
6.774870902401971762e+00
7.147958292713699535e+00
7.540518064972055789e+00
7.952642225643392848e+00
8.384196543761603948e+00
8.834765084731117213e+00
9.303586335117154604e+00
9.789480613034744039e+00
1.029076885190084312e+01
1.080518342526067244e+01
1.132977249204109071e+01
1.186080042790209710e+01
1.239364830211112789e+01
1.292272007037629145e+01
1.344136215139566026e+01
1.394180624393510293e+01
1.441514743765514517e+01
1.485137157527717022e+01
1.523944700532576846e+01
1.556749576640153521e+01
1.582305722346725041e+01
1.599345260086336751e+01
1.606625125871000037e+01
1.602982885191254070e+01
1.587399422442827479e+01
1.559064736642752180e+01
1.517441719962396540e+01
1.462321822069209354e+01
1.393866214433053230e+01
1.312626704066111394e+01
1.219542294681184558e+01
1.115909826058560839e+01
1.003330178187711219e+01
8.836345707226286095e+00
7.587979380240946981e+00
6.308477412408112883e+00
5.017766562937165276e+00
3.734664118256001863e+00
2.476279674983649315e+00
1.257606964021963591e+00
9.130756283638175042e-02
-1.012332095753897487e+00
-2.045302893751173468e+00
-3.001673702900094831e+00
-3.877330564355136122e+00
-4.669690481757815093e+00
-5.377419287324940456e+00
-6.000175241510547153e+00
-6.538392281830011754e+00
-6.993109905044482488e+00
-7.365850926957485001e+00
-7.658543920102111713e+00
-7.873483923906442250e+00
-8.013322924306915951e+00
-8.081080466677635243e+00
-8.080164469832073593e+00
-8.014392743827496446e+00
-7.888006786064551079e+00
-7.705671038942337958e+00
-7.472452816417597177e+00
-7.193780393043242682e+00
-6.875379113770227590e+00
-6.523187624353673719e+00
-6.143258242745106124e+00
-5.741646923473275876e+00
-5.324299096207103510e+00
-4.896937844063811163e+00
-4.464960460418353705e+00
-4.033348486646423758e+00
-3.606595038115476992e+00
-3.188651746170620527e+00
-2.782896151378340122e+00
-2.392119024246201153e+00
-2.018529970343010405e+00
-1.663778857391151167e+00
-1.328990098527539798e+00
-1.014806618291461682e+00
-7.214403705301106751e-01
-4.487265112587878191e-01
-1.961786921851869647e-01
3.695662585872519501e-02
2.516484845914490620e-01
4.490335692180970617e-01
6.303729821573046399e-01
7.970141075219360216e-01
9.503577400725793378e-01
1.091830429344782694e+00
1.222861823492265465e+00
1.344866681225679095e+00
1.459231146076476637e+00
1.567302836953608169e+00
1.670384294952019344e+00
1.769729331822415652e+00
1.866541844615462242e+00
1.961976688959768733e+00
2.057142236327598184e+00
2.153104275383279642e+00
2.250890951643480076e+00
2.351498471255894174e+00
2.455897322139575678e+00
2.565038787682109689e+00
2.679861543438756044e+00
2.801298134633376957e+00
2.930281130459071015e+00
3.067748738804193298e+00
3.214649640445996326e+00
3.371946763028650373e+00
3.540619660011023129e+00
3.721665085624886071e+00
3.916095260820358082e+00
4.124933204124238806e+00
4.349204352349191005e+00
4.589923516844182316e+00
4.848076010618133758e+00
5.124591542165887859e+00
5.420309210015211043e+00
5.735931662626119198e+00
6.071966238225924961e+00
6.428650713405698269e+00
6.805861238388163592e+00
7.203000226063353217e+00
7.618862540892767043e+00
8.051479504934842879e+00
8.497942258604059163e+00
8.954209183446408815e+00
9.414906718726451018e+00
9.873139213708588713e+00
1.032033146718561589e+01
1.074613689428835528e+01
1.113845368360848553e+01
1.148359868889529523e+01
1.176669073213277805e+01
1.197228698558919824e+01
1.208529337558744743e+01
1.209212920541134295e+01
1.198206827221235216e+01
1.174861156826343134e+01
1.139068676093652854e+01
1.091344020521226099e+01
1.032841086054384938e+01
9.652962903432342756e+00
8.908993481231915368e+00
8.121087866199696137e+00
7.314416634439412590e+00
6.512716458462300295e+00
5.736653468879540085e+00
5.002755954274104688e+00
4.322964451278692444e+00
3.704726727979577916e+00
3.151491016290626668e+00
2.663428656437683451e+00
2.238235288088576525e+00
1.871899096377359406e+00
1.559368488290358012e+00
1.295089153373289559e+00
1.073407301922542079e+00
8.888519644607747461e-01
7.363167846011871021e-01
6.111635111466833248e-01
5.092678253725444470e-01
4.270250016120973324e-01
3.613293239837339632e-01
3.095377975013894334e-01
2.694257869280840545e-01
2.391398765012555383e-01
2.171514440637704046e-01
2.022131112346599036e-01
1.933192795947484277e-01
1.896713072164919744e-01
1.906474470163611323e-01
1.957773984456271099e-01
2.047211699213226099e-01
2.172518753298283145e-01
2.332420673627298435e-01
2.526532241532654099e-01
2.755280401003424307e-01
3.019852175637984804e-01
3.322165070699816258e-01
3.664857957924784193e-01
4.051300949307368171e-01
4.485623247910332512e-01
4.972758410999481571e-01
5.518506868815203914e-01
6.129615906805222503e-01
6.813877633861307181e-01
7.580245713045872247e-01
8.438971805663768588e-01
9.401762743606206785e-01
1.048195935040171278e+00
1.169473750462383999e+00
1.305733136981594766e+00
1.458927753989924359e+00
1.631267693015039599e+00
1.825246823713813527e+00
2.043670220355374489e+00
2.289679905695845896e+00
2.566776136743099457e+00
2.878829984278242993e+00
3.230080844330962542e+00
3.625109530177624162e+00
4.068773438370896223e+00
4.566084636413004105e+00
5.122004281799674708e+00
5.741117417697967795e+00
6.427141224130006769e+00
7.182208566948730777e+00
8.005860460408680268e+00
8.893682535646824761e+00
9.835543851869280374e+00
1.081346074719495221e+01
1.179924061668682889e+01
1.275228877914592118e+01
1.361829681922359825e+01
1.432992605217017257e+01
1.481088874826675550e+01
1.498467648169505217e+01
1.478813959923327204e+01
1.418792506369868356e+01
1.319494273174931642e+01
1.187027019181956966e+01
1.031750409220765796e+01
8.662185632309064687e+00
7.025651887456348277e+00
5.503477415808021078e+00
4.155276651134482080e+00
3.006060874827339191e+00
2.054614069569696611e+00
1.283632352127071385e+00
6.682657897236312650e-01
1.819241349126429208e-01
-2.004205000050353069e-01
-5.007169166236833391e-01
-7.374048122985905618e-01
-9.255606285168160863e-01
-1.077299455594390887e+00
-1.202253775851461093e+00
-1.308038784828809309e+00
-1.400665168078632172e+00
-1.484887407944954107e+00
-1.564488975895519607e+00
-1.642511440163194170e+00
-1.721436262763123004e+00
-1.803327911514962079e+00
-1.889945954540507289e+00
-1.982832587764380872e+00
-2.083380833323678960e+00
-2.192887550105006689e+00
-2.312594451319007760e+00
-2.443719525128616343e+00
-2.587480583343563012e+00
-2.745112094645211887e+00
-2.917875966603418636e+00
-3.107066500566440403e+00
-3.314009333962466108e+00
-3.540053787915359962e+00
-3.786557641088859505e+00
-4.054862945892703685e+00
-4.346261091237952456e+00
-4.661944909138905579e+00
-5.002945249627225976e+00
-5.370049162599848991e+00
-5.763696712407329059e+00
-6.183853641095170772e+00
-6.629857773709900925e+00
-7.100238470292397075e+00
-7.592510879649484679e+00
-8.102950581458225443e+00
-8.626359734897700804e+00
-9.155843267021252174e+00
-9.682622793917285975e+00
-1.019592614930681407e+01
-1.068299998103699799e+01
-1.112929909013493557e+01
-1.151890506300474115e+01
-1.183521360067871342e+01
-1.206190064531376116e+01
-1.218413052720850409e+01
-1.218990889668312150e+01
-1.207142063478568517e+01
-1.182614685410228894e+01
-1.145754679333535364e+01
-1.097513530594005537e+01
-1.039388464502163245e+01
-9.733009526818927171e+00
-9.014319829369899395e+00
-8.260406357962656543e+00
-7.492937599518608494e+00
-6.731290673544878089e+00
-5.991642407594703457e+00
-5.286541341164001651e+00
-4.624897887856571188e+00
-4.012282567213884654e+00
-3.451410661175830619e+00
-2.942705754825031050e+00
-2.484861611639636259e+00
-2.075351143595518533e+00
-1.710856421844032749e+00
-1.387612128454885685e+00
-1.101666556348339876e+00
-8.490704931738366490e-01
-6.260066988399057841e-01
-4.288726707494626700e-01
-2.543280977390748321e-01
-9.931658045160063342e-02
3.893070801171433226e-02
1.629034939674025573e-01
2.748285679821693694e-01
3.766904092892532363e-01
4.702539801546560816e-01
5.570881186359881720e-01
6.385884918910159636e-01
7.159994605159560876e-01
7.904344810307950553e-01
8.628948662356235033e-01
9.342868536408004410e-01
1.005437017433461699e+00
1.077106112282802286e+00
1.150001467239498698e+00
1.224788062048768111e+00
1.302098421437337006e+00
1.382541458962536662e+00
1.466710393352574471e+00
1.555189848643281580e+00
1.648562235958130007e+00
1.747413500178176315e+00
1.852338299376289577e+00
1.963944668873080168e+00
2.082858205052663614e+00
2.209725786451480101e+00
2.345218830779525199e+00
2.490036066024045702e+00
2.644905771101536018e+00
2.810587416059005417e+00
2.987872602894563911e+00
3.177585174913662325e+00
3.380580324348133825e+00
3.597742483897930832e+00
3.829981737081140647e+00
4.078228424050811540e+00
4.343425553300670039e+00
4.626518555225759499e+00
4.928441831189689815e+00
5.250101462826322951e+00
5.592353353336732447e+00
5.955975979988553881e+00
6.341636851969172817e+00
6.749851700821092315e+00
7.180935397182812707e+00
7.634943608646097779e+00
8.111604317555094923e+00
8.610238541099446863e+00
9.129669984479766853e+00
9.668123964879805854e+00
1.022311682883524142e+01
1.079133830788649995e+01
1.136853086685725067e+01
1.194937211972757041e+01
1.252736879534089631e+01
1.309477342613670459e+01
1.364253769153975782e+01
1.416031881010385973e+01
1.463655700781888314e+01
1.505864219693535233e+01
1.541318577417437474e+01
1.568640810029967092e+01
1.586464319143170876e+01
1.593494937796115174e+01
1.588579891591636262e+01
1.570780254145925880e+01
1.539440955344460171e+01
1.494251371407492179e+01
1.435289358629026779e+01
1.363042536308645758e+01
1.278402720628739431e+01
1.182632430007165425e+01
1.077305833207157448e+01
9.642297450091540156e+00
8.453526518625178454e+00
7.226708228160079628e+00
5.981401925587251256e+00
4.736010892541665740e+00
3.507204640591490730e+00
2.309536066667658538e+00
1.155248961714179012e+00
5.425277454110277731e-02
-9.857698451482097557e-01
-1.959161613099497323e+00
-2.862032993485927435e+00
-3.691981180730857126e+00
-4.447811602601646541e+00
-5.129280528931421834e+00
-5.736870543152152280e+00
-6.271604863913991856e+00
-6.734901991900426488e+00
-7.128468873698002639e+00
-7.454228566223599195e+00
-7.714277050256055368e+00
-7.910863180628576963e+00
-8.046385602098037992e+00
-8.123400668996868745e+00
-8.144635883428758660e+00
-8.113004038172425325e+00
-8.031614061689040795e+00
-7.903775467980312719e+00
-7.732994270478980248e+00
-7.522959182624670227e+00
-7.277517852483971872e+00
-7.000643718929725701e+00
-6.696394790231525285e+00
-6.368866197890416636e+00
-6.022138746271094689e+00
-5.660225853469196267e+00
-5.287021267568485783e+00
-4.906249765853416989e+00
-4.521422734885242711e+00
-4.135800126188898140e+00
-3.752359827928919422e+00
-3.373775027982930830e+00
-3.002399703518398688e+00
-2.640261983972464144e+00
-2.289064816611141140e+00
-1.950193125945694383e+00
-1.624726501477283147e+00
-1.313456367319870033e+00
-1.016906572437584977e+00
-7.353563790784521936e-01
-4.688649060626560172e-01
-2.172961898235375999e-01
1.965585225192020835e-02
2.424431444549719483e-01
4.516403246719266074e-01
6.479231118068620177e-01
8.320484094278943754e-01
1.004836294521343376e+00
1.167153962846044113e+00
1.319901639217891498e+00
1.464000411227590170e+00
1.600381907078121113e+00
1.729979710872108889e+00
1.853722390159765920e+00
1.972527999287452705e+00
2.087299916582774806e+00
2.198923872337721352e+00
2.308266026732201048e+00
2.416171961265317858e+00
2.523466453072316540e+00
2.630953907978801354e+00
2.739419334672973605e+00
2.849629748446974808e+00
2.962335898126872369e+00
3.078274213684825789e+00
3.198168874245265858e+00
3.322733896412199517e+00
3.452675140708561852e+00
3.588692129068562942e+00
3.731479558374106276e+00
3.881728383560596907e+00
4.040126328388589094e+00
4.207357662112912067e+00
4.384102055496908790e+00
4.571032299451799119e+00
4.768810633632788232e+00
4.978083390340307446e+00
5.199473611059052480e+00
5.433571239341445924e+00
5.680920435578782346e+00
5.942003498542649531e+00
6.217220818853605557e+00
6.506866236121959801e+00
6.811097132432965218e+00
7.129898581642135191e+00
7.463040902616000949e+00
7.810030056639442719e+00
8.170050512746446003e+00
8.541900514860035543e+00
8.923920163435081321e+00
9.313913419196532928e+00
9.709066096288585967e+00
1.010586317914232879e+01
1.050001039518020107e+01
1.088636688986629508e+01
1.125889800377286676e+01
1.161065937027990991e+01
1.193382553581046146e+01
1.221977759617920434e+01
1.245926432850001220e+01
1.264264924542489688e+01
1.276025116304306373e+01
1.280277769227887141e+01
1.276183942904758162e+01
1.263051819607039583e+01
1.240394717758496057e+01
1.207984697760119630e+01
1.165895310298283860e+01
1.114527073963348336e+01
1.054610447193287115e+01
9.871834013569884547e+00
9.135439223616391047e+00
8.351812907472359271e+00
7.536930743318031034e+00
6.706967206752328714e+00
5.877450331726007171e+00
5.062536299276428231e+00
4.274460884095699242e+00
3.523194940328694624e+00
2.816302042524949645e+00
2.158973341604102369e+00
1.554200385303599941e+00
1.003041288365762673e+00
5.049375720073663310e-01
5.804569815554450063e-02
-3.404437465139893981e-01
-6.940171366336118641e-01
-1.006589068222755401e+00
-1.282297414597699525e+00
-1.525341366729047188e+00
-1.739858866038972662e+00
-1.929838370062804564e+00
-2.099059370804232660e+00
-2.251056185642425156e+00
-2.389100002732541750e+00
-2.516194799902036205e+00
-2.635083443495329636e+00
-2.748260935604923905e+00
-2.857992373669284270e+00
-2.966333697655658685e+00
-3.075153723257938676e+00
-3.186156298812135912e+00
-3.300901686695081771e+00
-3.420826465650926629e+00
-3.547261387281427147e+00
-3.681446705323601076e+00
-3.824544536580032794e+00
-3.977647812581018183e+00
-4.141785345516415973e+00
-4.317922464578013653e+00
-4.506956583795492577e+00
-4.709706945142650980e+00
-4.926897649025048231e+00
-5.159132950309200716e+00
-5.406863680338252820e+00
-5.670343581771408736e+00
-5.949574354341775617e+00
-6.244238363359197130e+00
-6.553618337288804163e+00
-6.876504077529311587e+00
-7.211087346444742252e+00
-7.554847827211661482e+00
-7.904435494586298461e+00
-8.255557989866519009e+00
-8.602885640911829057e+00
-8.939991395820403142e+00
-9.259347617775967265e+00
-9.552405451889960375e+00
-9.809783840064072891e+00
-1.002159227902066085e+01
-1.017790196764233102e+01
-1.026936241396528793e+01
-1.028793467421209762e+01
-1.022768061685739482e+01
-1.008551587408853223e+01
-9.861811660057702156e+00
-9.560727865156110283e+00
-9.190184650996886973e+00
-8.761432874305864260e+00
-8.288255633081414331e+00
-7.785905634054303803e+00
-7.269934509432856906e+00
-6.755084901852084656e+00
-6.254390832778619291e+00
-5.778576941636973885e+00
-5.335781443501294241e+00
-4.931570054030549599e+00
-4.569170924487090168e+00
-4.249846909028402564e+00
-3.973326982043513755e+00
-3.738235586784696807e+00
-3.542479505170152088e+00
-3.383571056501044172e+00
-3.258881275959497170e+00
-3.165826532304530261e+00
-3.101997428809894153e+00
-3.065240921710137290e+00
-3.053706544976165560e+00
-3.065866397935316900e+00
-3.100516804996941822e+00
-3.156767714391816693e+00
-3.234024192605556181e+00
-3.331962889733788291e+00
-3.450505115355373409e+00
-3.589787148875690725e+00
-3.750127568147399337e+00
-3.931990667455094179e+00
-4.135944408264738748e+00
-4.362610773119028451e+00
-4.612605861998626544e+00
-4.886466593032075423e+00
-5.184560490795803389e+00
-5.506974856698325205e+00
-5.853381769879484331e+00
-6.222876095740035751e+00
-6.613785308934902574e+00
-7.023452891813299459e+00
-7.448001842243630932e+00
-7.882091899966777504e+00
-8.318693776881149304e+00
-8.748915764987998500e+00
-9.161931469887104384e+00
-9.545069467085422588e+00
-9.884131845029219932e+00
-1.016400238235446452e+01
-1.036957912194871589e+01
-1.048701478193289383e+01
-1.050517246249550851e+01
-1.041711535627746876e+01
-1.022137319861399618e+01
-9.922699967166206392e+00
-9.532087789211526996e+00
-9.065938716577729650e+00
-8.544488949728666682e+00
-7.989765747331464496e+00
-7.423465516429814670e+00
-6.865132003964548701e+00
-6.330897164587206305e+00
-5.832878344632176137e+00
-5.379169473038110105e+00
-4.974265856989786627e+00
-4.619732683646019744e+00
-4.314950260236792623e+00
-4.057817927167450378e+00
-3.845350605870002880e+00
-3.674143838336323409e+00
-3.540710701225516566e+00
-3.441708511888085020e+00
-3.374078414382087665e+00
-3.335120465293899716e+00
-3.322523610000240879e+00
-3.334365811487818299e+00
-3.369095592539909756e+00
-3.425502837513021426e+00
-3.502683997649004954e+00
-3.600004809792581195e+00
-3.717062159630453611e+00
-3.853645670581593574e+00
-4.009698864279455321e+00
-4.185279226837822719e+00
-4.380516159984789937e+00
-4.595565554098457461e+00
-4.830559568727880837e+00
-5.085550142396369822e+00
-5.360444793194769630e+00
-5.654933449463755757e+00
-5.968405419192648331e+00
-6.299856239149210779e+00
-6.647785126364811781e+00
-7.010085177791335553e+00
-7.383930410662175703e+00
-7.765666249553018652e+00
-8.150713107916256916e+00
-8.533496103881457628e+00
-8.907417306975414562e+00
-9.264889579431933697e+00
-9.597452102348563940e+00
-9.895985870259968564e+00
-1.015104154956324933e+01
-1.035328118348573767e+01
-1.049401917406547646e+01
-1.056582807239441912e+01
-1.056315406421583170e+01
-1.048287046016427659e+01
-1.032469061840312641e+01
-1.009136927971725939e+01
-9.788645024905806125e+00
-9.424913619104767548e+00
-9.010664840512493612e+00
-8.557753672338906270e+00
-8.078600776910457526e+00
-7.585421401950680043e+00
-7.089566728514053118e+00
-6.601033013512418890e+00
-6.128160363673599065e+00
-5.677512822150751148e+00
-5.253910051631284439e+00
-4.860570042318723694e+00
-4.499320761606133701e+00
-4.170843658856686176e+00
-3.874920291818866325e+00
-3.610662457477882281e+00
-3.376714403735772585e+00
-3.171422153563032253e+00
-2.992969516780436656e+00
-2.839483201655123690e+00
-2.709110937809017461e+00
-2.600077075088025769e+00
-2.510720070336600163e+00
-2.439515877477222539e+00
-2.385090699802468350e+00
-2.346225965466729679e+00
-2.321857817208320629e+00
-2.311072900709402855e+00
-2.313101806179634679e+00
-2.327311165168626683e+00
-2.353195122729432764e+00
-2.390366684215729176e+00
-2.438549265748859884e+00
-2.497568647766150285e+00
-2.567345433177003144e+00
-2.647888037929171379e+00
-2.739286185938320628e+00
-2.841704837245555559e+00
-2.955378443832339386e+00
-3.080605398468081901e+00
-3.217742515700124706e+00
-3.367199358577034118e+00
-3.529432198334545134e+00
-3.704937365868426369e+00
-3.894243722529777685e+00
-4.097903943137154670e+00
-4.316484266062118991e+00
-4.550552324290974227e+00
-4.800662628655539166e+00
-5.067339232014075989e+00
-5.351055064280600071e+00
-5.652207397605240047e+00
-5.971088885403102786e+00
-6.307853627426295517e+00
-6.662477757667381262e+00
-7.034714147858286637e+00
-7.424040985490638178e+00
-7.829604243815589726e+00
-8.250154436980363215e+00
-8.683978571991778139e+00
-9.128828893950357681e+00
-9.581850888053640602e+00
-1.003951405268664132e+01
-1.049755016955385400e+01
-1.095090510994375599e+01
-1.139371152220924444e+01
-1.181929087493001163e+01
-1.222019404678171028e+01
-1.258828966036393737e+01
-1.291490831810446949e+01
-1.319104848986006395e+01
-1.340764578740382973e+01
-1.355590169139895629e+01
-1.362766071735669371e+01
-1.361581714451271985e+01
-1.351472481484912969e+01
-1.332057748990207457e+01
-1.303172429356132511e+01
-1.264888611863248435e+01
-1.217524519126032878e+01
-1.161639102105332810e+01
-1.098012043177262598e+01
-1.027610510069261807e+01
-9.515454418842072215e+00
-8.710212066648841400e+00
-7.872829789693962077e+00
-7.015660920388924637e+00
-6.150509899199364305e+00
-5.288264020603609339e+00
-4.438621937947687890e+00
-3.609922115189949654e+00
-2.809064949748343309e+00
-2.041515577490706779e+00
-1.311370612822497561e+00
-6.214709645986959963e-01
2.645620888485544775e-02
6.316410958450922042e-01
1.194112156642292977e+00
1.714543105171850268e+00
2.194111836445708619e+00
2.634374776412303110e+00
3.037158218640392704e+00
3.404466800582270025e+00
3.738408305526047748e+00
4.041133377000839744e+00
4.314788417028055711e+00
4.561479830926985279e+00
4.783247813707031781e+00
4.982047994151216130e+00
5.159739423171041395e+00
5.318077584783932110e+00
5.458711302145154320e+00
5.583182595485968847e+00
5.692928716745877971e+00
5.789285733925507493e+00
5.873493165923512116e+00
5.946699276564311631e+00
6.009966726252724989e+00
6.064278353213462758e+00
6.110542915730453828e+00
6.149600674288888236e+00
6.182228729985545179e+00
6.209146064749685223e+00
6.231018251323744650e+00
6.248461817885811342e+00
6.262048264744399795e+00
6.272307739605763821e+00
6.279732384248835508e+00
6.284779369648787473e+00
6.287873639156662087e+00
6.289410380662002531e+00
6.289757249050751398e+00
6.289256359969320087e+00
6.288226075112365088e+00
6.286962598118475576e+00
6.285741398802676017e+00
6.284818481968021509e+00
6.284431515489970366e+00
6.284800830808737970e+00
6.286130307435467302e+00
6.288608151606291052e+00
6.292407577824779885e+00
6.297687400732349339e+00
6.304592543547817840e+00
6.313254468228094218e+00
6.323791531526150145e+00
6.336309270262697524e+00
6.350900618386263297e+00
6.367646057774043022e+00
6.386613704224668453e+00
6.407859329715913432e+00
6.431426321748099362e+00
6.457345580471324453e+00
6.485635354306476863e+00
6.516301014922263768e+00
6.549334772730532883e+00
6.584715334518287833e+00
6.622407505456524568e+00
6.662361738523343568e+00
6.704513635362402191e+00
6.748783403777903978e+00
6.795075278453472478e+00
6.843276913082198654e+00
6.893258753913649173e+00
6.944873406761370660e+00
6.997955011766180178e+00
7.052318642663462533e+00
7.107759749934168703e+00
7.164053669994519424e+00
7.220955225449358750e+00
7.278198444332383943e+00
7.335496429097292825e+00
7.392541408799767844e+00
7.449005010290220774e+00
7.504538786166082609e+00
7.558775038530877843e+00
7.611327978073513023e+00
7.661795257395017877e+00
7.709759915638512595e+00
7.754792768085324361e+00
7.796455269238324881e+00
7.834302870819203513e+00
7.867888886898623646e+00
7.896768866960127475e+00
7.920505464060745737e+00
7.938673769495396826e+00
7.950867067734458615e+00
7.956702946274200272e+00
7.955829674974830290e+00
7.947932749188538537e+00
7.932741471390627908e+00
7.910035428151282133e+00
7.879650704254760107e+00
7.841485664761866481e+00
7.795506129966649489e+00
7.741749768551813737e+00
7.680329541624613121e+00
7.611436045241904758e+00
7.535338621652104329e+00
7.452385139487173404e+00
7.363000379739201406e+00
7.267683006278221391e+00
7.167001145191913558e+00
7.061586644274893132e+00
6.952128130249229265e+00
6.839363024357417942e+00
6.724068714518409706e+00
6.607053112217620594e+00
6.489144843067809809e+00
6.371183330423416002e+00
6.254009031070609126e+00
6.138454071013126345e+00
6.025333508517904058e+00
5.915437422210324314e+00
5.809523985881338781e+00
5.708313650834997866e+00
5.612484513233812145e+00
5.522668900123893110e+00
5.439451165597247950e+00
5.363366649538289010e+00
5.294901716896841748e+00
5.234494766306390545e+00
5.182538073576113291e+00
5.139380318180262641e+00
5.105329629047653306e+00
5.080656979128354678e+00
5.065599755581049912e+00
5.060365333042531333e+00
5.065134480307083464e+00
5.080064434859956179e+00
5.105291484143341663e+00
5.140932896371229077e+00
5.187088046502445593e+00
5.243838584188771357e+00
5.311247489949265876e+00
5.389356863596177050e+00
5.478184285524585029e+00
5.577717587781487296e+00
5.687907869275479200e+00
5.808660590130587664e+00
5.939824586838327924e+00
6.081178866226419011e+00
6.232417067076524653e+00
6.393129529359729446e+00
6.562782989565236313e+00
6.740698034602560895e+00
6.926024605150006508e+00
7.117716051095617225e+00
7.314502514818720158e+00
7.514864757591759314e+00
7.717009949987952311e+00
7.918851409542570607e+00
8.117994765409619617e+00
8.311733519602599429e+00
8.497057394086192872e+00
8.670677113248931533e+00
8.829069257810006732e+00
8.968544406483195175e+00
9.085340820968063724e+00
9.175744318113318698e+00
9.236232663465477444e+00
9.263639874352875836e+00
9.255332451209390854e+00
9.209386153301226230e+00
9.124749056117147816e+00
9.001374931416968650e+00
8.840311114944759296e+00
8.643727418507296534e+00
8.414877384818199246e+00
8.157989870592537329e+00
7.878096675667825899e+00
7.580809456721146589e+00
7.272065131322458242e+00
6.957862295747201387e+00
6.644011284377897120e+00
6.335917498702700712e+00
6.038412259204731569e+00
5.755638811799635768e+00
5.490994471903238860e+00
5.247124239018341463e+00
5.025957208649870722e+00
4.828774961259957976e+00
4.656300667850426400e+00
4.508798530007988248e+00
4.386174886531161832e+00
4.288074409028328482e+00
4.213966908625991437e+00
4.163222139311763215e+00
4.135171479703025454e+00
4.129156464714253794e+00
4.144564843869751769e+00
4.180855220332118982e+00
4.237571443728406884e+00
4.314347859436984400e+00
4.410906317667673271e+00
4.527045566786267017e+00
4.662623335575278638e+00
4.817531078970355374e+00
4.991661047241161775e+00
5.184865065418946095e+00
5.396904208446391848e+00
5.627388468076660821e+00
5.875705584543026383e+00
6.140938532799984806e+00
6.421771804170400166e+00
6.716387723399845910e+00
7.022355712466612943e+00
7.336519768578813050e+00
7.654892525580680562e+00
7.972568060675167878e+00
8.283669830988038996e+00
8.581354200978108082e+00
8.857892959126221655e+00
9.104858569775071686e+00
9.313431858232618765e+00
9.474841575347934253e+00
9.580927690328666202e+00
9.624795797408928877e+00
9.601501775922416826e+00
9.508679987150193469e+00
9.347013399643147480e+00
9.120448749918372400e+00
8.836089178716534320e+00
8.503748450665890246e+00
8.135213848597768305e+00
7.743321904208703366e+00
7.340985089988459222e+00
6.940308491691097537e+00
6.551904823722315641e+00
6.184465798647990731e+00
5.844594294318264716e+00
5.536859196047735132e+00
5.264010694169709126e+00
5.027288294608449171e+00
4.826761961321567540e+00
4.661662072998487893e+00
4.530670532867105749e+00
4.432159762529065183e+00
4.364376851408764857e+00
4.325576723628408615e+00
4.314111519250467985e+00
4.328484416140175206e+00
4.367375726597195751e+00
4.429647973916096326e+00
4.514335252886490402e+00
4.620620785226229543e+00
4.747805343816571266e+00
4.895268202208707287e+00
5.062421486024619277e+00
5.248658258916674590e+00
5.453294363535690081e+00
5.675503960781692392e+00
5.914248883892879505e+00
6.168202375604897369e+00
6.435668543247420992e+00
6.714499984370222663e+00
7.002017524354668510e+00
7.294937847724449753e+00
7.589316904735230906e+00
7.880519131767700358e+00
8.163224386509048358e+00
8.431485542377799902e+00
8.678849226529980143e+00
8.898549455769206418e+00
9.083778247485920332e+00
9.228028341306368176e+00
9.325491341564164927e+00
9.371481261862125933e+00
9.362841108044545280e+00
9.298282090128672905e+00
9.178604679708477931e+00
9.006760287399888654e+00
8.787731775745461604e+00
8.528237333682984200e+00
8.236289840032220866e+00
7.920666136756770115e+00
7.590352189978257336e+00
7.254028572166098421e+00
6.919647462491910872e+00
6.594131855247422180e+00
6.283205527495942633e+00
5.991343472530192393e+00
5.721819899656238384e+00
5.476825213653865987e+00
5.257623551651937177e+00
5.064726522351453042e+00
4.898064728809403690e+00
4.757144844101971692e+00
4.641185429952538577e+00
4.549228875248131132e+00
4.480229717105753018e+00
4.433121355188733403e+00
4.406864038837081665e+00
4.400477262161181180e+00
4.413059572310175760e+00
4.443798454361303385e+00
4.491972523545521234e+00
4.556947808938142330e+00
4.638169496846466622e+00
4.735150139217375376e+00
4.847455030792854558e+00
4.974685218885302795e+00
5.116458428204578190e+00
5.272388055740433899e+00
5.442060313388101811e+00
5.625009566241229386e+00
5.820691931349376347e+00
6.028457265887192662e+00
6.247519786884252468e+00
6.476927729078374441e+00
6.715532664518979900e+00
6.961959376471504868e+00
7.214577496022076097e+00
7.471476461173226724e+00
7.730445724816816799e+00
7.988962488055045164e+00
8.244189524053023632e+00
8.492985826597513110e+00
8.731932797061011442e+00
8.957378397996471620e+00
9.165501079808178631e+00
9.352394276464462308e+00
9.514170852034645520e+00
9.647085104058348293e+00
9.747667908127452208e+00
9.812868517202202767e+00
9.840194678173261877e+00
9.827841409694944019e+00
9.774798305868353410e+00
9.680925825759324255e+00
9.546992798005160097e+00
9.374670225730048045e+00
9.166480131894068961e+00
8.925702182633045823e+00
8.656244617998508417e+00
8.362489071917508454e+00
8.049120764435564013e+00
7.720956090266264837e+00
7.382778833461324908e+00
7.039194344674791104e+00
6.694508404411602775e+00
6.352634596060354966e+00
6.017031227412295458e+00
5.690666474689402676e+00
5.376008659545325585e+00
5.075037463772366308e+00
4.789271395098552375e+00
4.519806831704080707e+00
4.267364354130466886e+00
4.032338681123976976e+00
3.814849238723571290e+00
3.614789115386349394e+00
3.431870825770667821e+00
3.265667884501183948e+00
3.115651662800108745e+00
2.981223364578251100e+00
2.861741223413816204e+00
2.756543201914865016e+00
2.664965586191573532e+00
2.586357926132342833e+00
2.520094790851060473e+00
2.465584799831322282e+00
2.422277363397880023e+00
2.389667528476319358e+00
2.367299282536428073e+00
2.354767623955956068e+00
2.351719663344009614e+00
2.357854979226616354e+00
2.372925413814307216e+00
2.396734460731151817e+00
2.429136366626972965e+00
2.470035042330232855e+00
2.519382856296490836e+00
2.577179363153012659e+00
2.643470002681251874e+00
2.718344789150429097e+00
2.801936997056472478e+00
2.894421836583614294e+00
2.996015100060465564e+00
3.106971748915587028e+00
3.227584398753111650e+00
3.358181647785163815e+00
3.499126180606608294e+00
3.650812564824859052e+00
3.813664642026010299e+00
3.988132396655668543e+00
4.174688166342765072e+00
4.373822034779176526e+00
4.586036223356925845e+00
4.811838270359353409e+00
5.051732756795993318e+00
5.306211306429001517e+00
5.575740555007328680e+00
5.860747751566122155e+00
6.161603624914343769e+00
6.478602124073578494e+00
6.811936626541493567e+00
7.161672208354785241e+00
7.527713592257578412e+00
7.909768444078724592e+00
8.307305784133198756e+00
8.719509433813980692e+00
9.145226643335020000e+00
9.582912362075768797e+00
1.003057003559404947e+01
1.048569035855691212e+01
1.094519009069948723e+01
1.140535385349408948e+01
1.186178275218653511e+01
1.230935467095375735e+01
1.274220209554662020e+01
1.315371421519838080e+01
1.353657068606371539e+01
1.388281460035999260e+01
1.418397166439845414e+01
1.443122110336968866e+01
1.461562117532258043e+01
1.472838828106127629e+01
1.476122355718293022e+01
1.470667482823310657e+01
1.455851544368879402e+01
1.431211568459098515e+01
1.396477813796425593e+01
1.351600678175864445e+01
1.296768137369206286e+01
1.232411450789333252e+01
1.159197813723943504e+01
1.078009845069260209e+01
9.899131095545580905e+00
8.961140851313325939e+00
7.979119080384951879e+00
6.966477195167705361e+00
5.936554405548844393e+00
4.902173470653488963e+00
3.875270176507913167e+00
2.866612359420304124e+00
1.885614138662007999e+00
9.402420045127131143e-01
3.700246009528274094e-02
-8.190035551997041363e-01
-1.623976280803937300e+00
-2.375279612579228150e+00
-3.071285772478517195e+00
-3.711215082309820001e+00
-4.294980922588472083e+00
-4.823047106010899476e+00
-5.296302287413292120e+00
-5.715953815643073810e+00
-6.083441663383989173e+00
-6.400371741188135566e+00
-6.668466966790740358e+00
-6.889533857902506497e+00
-7.065442080502324806e+00
-7.198114254824894864e+00
-7.289523346734331000e+00
-7.341695112360198117e+00
-7.356713287596796214e+00
-7.336725497755448799e+00
-7.283948188071962981e+00
-7.200669227893747859e+00
-7.089247206742546936e+00
-6.952106806070857736e+00
-6.791729983399771520e+00
-6.610643032740268765e+00
-6.411399874508511232e+00
-6.196562168778012136e+00
-5.968677029285523794e+00
-5.730253236928902538e+00
-5.483736909093196665e+00
-5.231487577437745173e+00
-4.975755567854312389e+00
-4.718661471303535748e+00
-4.462178354463232743e+00
-4.208117197008016674e+00
-3.958115870364721456e+00
-3.713631802508863267e+00
-3.475938314645070637e+00
-3.246124476100240575e+00
-3.025098208653585363e+00
-2.813592283600329758e+00
-2.612172794653707442e+00
-2.421249656052412824e+00
-2.241088665288915038e+00
-2.071824680121173046e+00
-1.913475485912111695e+00
-1.765955967694296858e+00
-1.629092247715048680e+00
-1.502635500019478432e+00
-1.386275205848828129e+00
-1.279651664831863433e+00
-1.182367625280927870e+00
-1.093998941074942000e+00
-1.014104201807315864e+00
-9.422333166921217362e-01
-8.779350610758566154e-01
-8.207636174594471479e-01
-7.702841610356608859e-01
-7.260775533450531949e-01
-6.877442172686430988e-01
-6.549072727534813732e-01
-6.272150159515897938e-01
-6.043428253636163872e-01
-5.859945775993599115e-01
-5.719036529366147148e-01
-5.618336073670944231e-01
-5.555785836034259351e-01
-5.529635288757679401e-01
-5.538442825162955829e-01
-5.581075915184088299e-01
-5.656711076309076658e-01
-5.764834152377702470e-01
-5.905241353841237384e-01
-6.078041479154012716e-01
-6.283659708540084710e-01
-6.522843338810565550e-01
-6.796669811374205228e-01
-7.106557375101499874e-01
-7.454278721128732021e-01
-7.841977927715078067e-01
-8.272191059393607659e-01
-8.747870775149461098e-01
-9.272415314172365308e-01
-9.849702243408198221e-01
-1.048412736665321976e+00
-1.118064920749265001e+00
-1.194483948410556717e+00
-1.278293998747942917e+00
-1.370192624849658092e+00
-1.470957832346396099e+00
-1.581455892790962992e+00
-1.702649898558161512e+00
-1.835609040714958562e+00
-1.981518553507477964e+00
-2.141690213841714652e+00
-2.317573204748851090e+00
-2.510765039350698391e+00
-2.723022084238508445e+00
-2.956269002415019553e+00
-3.212606134863550178e+00
-3.494313428806792299e+00
-3.803848964406499888e+00
-4.143839385646917783e+00
-4.517058551577143533e+00
-4.926389428825647343e+00
-5.374762579592039735e+00
-5.865062502913398923e+00
-6.399990532627516160e+00
-6.981870026323713674e+00
-7.612376381998666730e+00
-8.292171439081382545e+00
-9.020419941547622500e+00
-9.794166535062952761e+00
-1.060755781083048355e+01
-1.145090907684031478e+01
-1.230964513006627037e+01
-1.316319454356764851e+01
-1.398399321482638769e+01
-1.473685549731620270e+01
-1.537908819159941665e+01
-1.586181959137151765e+01
-1.613302689602735640e+01
-1.614257635413923353e+01
-1.584915041920907974e+01
-1.522821122885402900e+01
-1.427930428081513270e+01
-1.303043497652332050e+01
-1.153746026104289868e+01
-9.877704137732850498e+00
-8.138994550635588965e+00
-6.407069982984783252e+00
-4.754809989008775162e+00
-3.235730670318817115e+00
-1.882338405416539739e+00
-7.083174872568192004e-01
2.872005213250716782e-01
1.114900535601622611e+00
1.791118004830790422e+00
2.334679233417928046e+00
2.764769335734624800e+00
3.099646126167710847e+00
3.355964950231507427e+00
3.548503797929124293e+00
3.690129071640447123e+00
3.791893214041658577e+00
3.863195729925417155e+00
3.911967407404928654e+00
3.944855749135799616e+00
3.967400571183075986e+00
3.984194906218984311e+00
3.999029612405506473e+00
4.015021685070258251e+00
4.034726970431046666e+00
4.060238239335085098e+00
4.093269636658797950e+00
4.135228497322842145e+00
4.187275463217915217e+00
4.250373763098154178e+00
4.325328431745045776e+00
4.412816143576118399e+00
4.513406218465803477e+00
4.627573225818990110e+00
4.755701472257788609e+00
4.898081517569715437e+00
5.054898735552135314e+00
5.226213838207590889e+00
5.411935235875961148e+00
5.611783141303122058e+00
5.825245478827231871e+00
6.051525975156051729e+00
6.289485336604874632e+00
6.537577212801314097e+00
6.793781756553261886e+00
7.055541040951871956e+00
7.319702371273529629e+00
7.582477538713323639e+00
7.839428098998857841e+00
8.085488462191520398e+00
8.315039414344001401e+00
8.522043958412826470e+00
8.700254282751105350e+00
8.843492564320539984e+00
8.945998904910638316e+00
9.002827446861497052e+00
9.010258156668063734e+00
8.966179610391137089e+00
8.870390921317088839e+00
8.724772248753458470e+00
8.533285313835097696e+00
8.301787576956700221e+00
8.037672463134969192e+00
7.749376809350745354e+00
7.445818282265616261e+00
7.135834319216870725e+00
6.827688381889239544e+00
6.528691494192497835e+00
6.244962807496252211e+00
5.981328814321623000e+00
5.741341996157228955e+00
5.527388731864379956e+00
5.340853171004100730e+00
5.182306654824310854e+00
5.051698617089861010e+00
4.948532388214016642e+00
4.872016305354642363e+00
4.821186110598426389e+00
4.794998533846266398e+00
4.792398337786436535e+00
4.812362269548171589e+00
4.853923679968820792e+00
4.916181360248246257e+00
4.998295658435161215e+00
5.099474351493965329e+00
5.218950177124224155e+00
5.355951441997165219e+00
5.509666758892939775e+00
5.679204746499442180e+00
5.863549466029549073e+00
6.061512478414926797e+00
6.271682692593564035e+00
6.492375643354873382e+00
6.721584481519793819e+00
6.956935758273029791e+00
7.195653990150839618e+00
7.434539912855245625e+00
7.669968131161938985e+00
7.897910351944632978e+00
8.113990298449555993e+00
8.313575467672656316e+00
8.491908849180211050e+00
8.644280408422856610e+00
8.766233579355569461e+00
8.853796531643283174e+00
8.903722255966894039e+00
8.913716566647776673e+00
8.882630175289049745e+00
8.810591193630353146e+00
8.699058499698541169e+00
8.550784298952159190e+00
8.369684931930635230e+00
8.160630676685119766e+00
7.929175690831205436e+00
7.681256240961140236e+00
7.422887668290981011e+00
7.159887973119460014e+00
6.897649422677183395e+00
6.640970904106985984e+00
6.393954764060333140e+00
6.159964193206958427e+00
5.941631795671185934e+00
5.740907108621853716e+00
5.559130232118254966e+00
5.397119800384694521e+00
5.255265589651406444e+00
5.133618507332064596e+00
5.031973096051661543e+00
4.949939744391081753e+00
4.887005405670495684e+00
4.842582775508510018e+00
4.816048620663139879e+00
4.806772366687275699e+00
4.814136225949932957e+00
4.837548157690573447e+00
4.876448860592971890e+00
4.930313852965928056e+00
4.998651529150515138e+00
5.080997915147877464e+00
5.176908695206310362e+00
5.285948951918813421e+00
5.407680959183451819e+00
5.541650291848966958e+00
5.687370468513686106e+00
5.844306324774247052e+00
6.011856323097592103e+00
6.189334042235679512e+00
6.375949153372997280e+00
6.570788281170439227e+00
6.772796263764335301e+00
6.980758463223090793e+00
7.193284931245521818e+00
7.408797395160550359e+00
7.625520183837416255e+00
7.841476344809470866e+00
8.054490291102622379e+00
8.262198333340558420e+00
8.462068371653252541e+00
8.651429815037909421e+00
8.827514439776630084e+00
8.987508379592254570e+00
9.128614760330794553e+00
9.248125674452477796e+00
9.343501284641993365e+00
9.412452927592180885e+00
9.453026258243264479e+00
9.463679845633107490e+00
9.443354317633117390e+00
9.391527247051104865e+00
9.308249529681454248e+00
9.194160022703284696e+00
9.050476620344870327e+00
8.878963610915342031e+00
8.681876905913480158e+00
8.461890358247904587e+00
8.222007704979773735e+00
7.965465536034550986e+00
7.695633025789958559e+00
7.415913966866880536e+00
7.129655982995774188e+00
6.840070791688803276e+00
6.550168186786367031e+00
6.262705166609435992e+00
5.980150475834339119e+00
5.704663853832142806e+00
5.438088544037550598e+00
5.181955134361920123e+00
4.937494553034938782e+00
4.705658001695745440e+00
4.487141721209395584e+00
4.282414706346768796e+00
4.091747767811012793e+00
3.915242646415617589e+00
3.752860185974436380e+00
3.604446849189419488e+00
3.469759103033499326e+00
3.348485401720115107e+00
3.240265655896069852e+00
3.144708198864115456e+00
3.061404348913942641e+00
2.989940726506611579e+00
2.929909521526071092e+00
2.880916924160332737e+00
2.842589937700858105e+00
2.814581786457798440e+00
2.796576120182480363e+00
2.788290200308628286e+00
2.789477234828184216e+00
2.799928009069316825e+00
2.819471940000223498e+00
2.847977662576187452e+00
2.885353238460932612e+00
2.931546060377636209e+00
2.986542509429210401e+00
3.050367407917882634e+00
3.123083296364129957e+00
3.204789550397570963e+00
3.295621340757024953e+00
3.395748427561544158e+00
3.505373768054510730e+00
3.624731904929046511e+00
3.754087089865658644e+00
3.893731083809322424e+00
4.043980561553511599e+00
4.205174033176222181e+00
4.377668178616041850e+00
4.561833474066049554e+00
4.758048969857736843e+00
4.966696059173638211e+00
5.188151055486144969e+00
5.422776374500240415e+00
5.670910094290379178e+00
5.932853646348727139e+00
6.208857371967944516e+00
6.499103664944344771e+00
6.803687415947363704e+00
7.122593479926626614e+00
7.455670910578281685e+00
7.802603751367344742e+00
8.162878248438135032e+00
8.535746465809506134e+00
8.920186447575815691e+00
9.314859296177385062e+00
9.718063830840584671e+00
1.012768986528162074e+01
1.054117160458584834e+01
1.095544320751801592e+01
1.136689918232635321e+01
1.177136295720225512e+01
1.216406764789302386e+01
1.253965366807324777e+01
1.289218829992332438e+01
1.321521254316076366e+01
1.350182034889422056e+01
1.374477456885576920e+01
1.393666247128193980e+01
1.407009139526373964e+01
1.413792202088105654e+01
1.413353293120078291e+01
1.405110590006820637e+01
1.388591709394887630e+01
1.363461571565162700e+01
1.329546921773765433e+01
1.286855372444637347e+01
1.235587020589241014e+01
1.176137141616735704e+01
1.109089138580648815e+01
1.035197764877865900e+01
9.553635315858883814e+00
8.706000324344504548e+00
7.819965503159639120e+00
6.906786605257357436e+00
5.977695777006788447e+00
5.043547208912412927e+00
4.114514578679154155e+00
3.199853304307184843e+00
2.307733614768090913e+00
1.445143953469790077e+00
6.178589379994001707e-01
-1.695376222183068160e-01
-9.135862311665051694e-01
-1.611853922090516811e+00
-2.262816810554863167e+00
-2.865733246150222513e+00
-3.420516006658674613e+00
-3.927610003765331204e+00
-4.387880057063307859e+00
-4.802511585238021574e+00
-5.172925634822741259e+00
-5.500708540992391704e+00
-5.787555679395632424e+00
-6.035228190053125275e+00
-6.245521191351484092e+00
-6.420241809966637625e+00
-6.561195290236661037e+00
-6.670177478935487514e+00
-6.748972080066829804e+00
-6.799351217082995724e+00
-6.823078010259802539e+00
-6.821910062688046672e+00
-6.797602940643353797e+00
-6.751912926437012352e+00
-6.686598509183333761e+00
-6.603420257096467516e+00
-6.504138880340939899e+00
-6.390511442866286806e+00
-6.264285812179465118e+00
-6.127193545230556815e+00
-5.980941494701627725e+00
-5.827202481963508873e+00
-5.667605420672231276e+00
-5.503725289257076270e+00
-5.337073343204378872e+00
-5.169087931725937501e+00
-5.001126241472372058e+00
-4.834457236234225519e+00
-4.670256000107849026e+00
-4.509599626389726446e+00
-4.353464729226958596e+00
-4.202726593048963899e+00
-4.058159918683653444e+00
-3.920441076781213230e+00
-3.790151739984918056e+00
-3.667783735782434995e+00
-3.553744942124609008e+00
-3.448366037195758071e+00
-3.351907912262762856e+00
-3.264569561160887368e+00
-3.186496270384283402e+00
-3.117787948580240442e+00
-3.058507452170270646e+00
-3.008688783600788952e+00
-2.968345059255732554e+00
-2.937476164391731981e+00
-2.916076031794060608e+00
-2.904139498565884825e+00
-2.901668711064099071e+00
-2.908679061113280451e+00
-2.925204646992081603e+00
-2.951303260089033653e+00
-2.987060902402216556e+00
-3.032595841055243824e+00
-3.088062203548301632e+00
-3.153653111339693726e+00
-3.229603339269433437e+00
-3.316191473901300313e+00
-3.413741524557743379e+00
-3.522623915988587928e+00
-3.643255760416121092e+00
-3.776100268118676606e+00
-3.921665108548195722e+00
-4.080499476847416318e+00
-4.253189552033222576e+00
-4.440351951498637817e+00
-4.642624690432036516e+00
-4.860655043219339611e+00
-5.095083576648384849e+00
-5.346523482978339459e+00
-5.615534188247574221e+00
-5.902588054852988542e+00
-6.208028850273662691e+00
-6.532020536675990030e+00
-6.874484881034008232e+00
-7.235026439301892154e+00
-7.612843697224962902e+00
-8.006625643820012073e+00
-8.414433926134122999e+00
-8.833572124348597399e+00
-9.260445748365981444e+00
-9.690419437589895324e+00
-1.011768164330360698e+01
-1.053513177015133984e+01
-1.093431011636834249e+01
-1.130539640574165539e+01
-1.163730719568404659e+01
-1.191792435473155187e+01
-1.213448397475809948e+01
-1.227414510788989332e+01
-1.232473856719092709e+01
-1.227566709474662865e+01
-1.211889157433451025e+01
-1.184989951584321588e+01
-1.146852150662352088e+01
-1.097945064586171604e+01
-1.039233950588962685e+01
-9.721402636361148097e+00
-8.984533055252363454e+00
-8.202030432268138327e+00
-7.395112406411929129e+00
-6.584417055094660576e+00
-5.788693924946128888e+00
-5.023828878890510552e+00
-4.302272573557238466e+00
-3.632866344739665188e+00
-3.021000997610187699e+00
-2.469012332569012980e+00
-1.976711386713017271e+00
-1.541960245265104223e+00
-1.161226815545068680e+00
-8.300763807258579874e-01
-5.435790459126890184e-01
-2.966281109737246569e-01
-8.417472654561358736e-02
9.861020373626974700e-02
2.562337456556390558e-01
3.928252010370168468e-01
5.121151234490686210e-01
6.174391219997867886e-01
7.117584413558427636e-01
7.976911272445723622e-01
8.775491656116527484e-01
9.533782852321190937e-01
1.026998146791901600e+00
1.100041436317754862e+00
1.173990974876085280e+00
1.250214387181210585e+00
1.329996172871626303e+00
1.414567224154443581e+00
1.505131955075512895e+00
1.602893268223459344e+00
1.709075596599849201e+00
1.824946229477976134e+00
1.951835064830996558e+00
2.091152826664970821e+00
2.244407638407648342e+00
2.413219643862696717e+00
2.599333100513026018e+00
2.804625015705241697e+00
3.031108927471464654e+00
3.280931814348051034e+00
3.556361311503311029e+00
3.859759367595240853e+00
4.193537151634425086e+00
4.560084375832301973e+00
4.961664234268674534e+00
5.400262931576108372e+00
5.877380483921724519e+00
6.393747536872999682e+00
6.948952152346274502e+00
7.540962222734786558e+00
8.165535506407493926e+00
8.815523320236021476e+00
9.480099616183519373e+00
1.014398865555364893e+01
1.078682429522734232e+01
1.138284925527673153e+01
1.190123982412832326e+01
1.230738863438654285e+01
1.256544260092716847e+01
1.264220986688055781e+01
1.251217396492969947e+01
1.216281952247676301e+01
1.159895382944003472e+01
1.084450729489904575e+01
9.940710964218382628e+00
8.940618039766379255e+00
7.901258220093547280e+00
6.875597256719784944e+00
5.906407999817870902e+00
5.023219356556397841e+00
4.242290841323564266e+00
3.568696915511248235e+00
2.999356980850133692e+00
2.526073345775936563e+00
2.138044639297500993e+00
1.823679278943153070e+00
1.571754731593316690e+00
1.372063347773202491e+00
1.215700006047647719e+00
1.095123246951784868e+00
1.004087242313234096e+00
9.375101512837492601e-01
8.913197291803499622e-01
8.622997340112867892e-01
8.479493578000140142e-01
8.463609468263332269e-01
8.561172490589551431e-01
8.762072785053205415e-01
9.059588822462533164e-01
9.449857557194154545e-01
9.931466721969673950e-01
1.050514888893782972e+00
1.117355956495109881e+00
1.194112430171219152e+00
1.281394225724942215e+00
1.379973567884448693e+00
1.490783630795311510e+00
1.614920068903005212e+00
1.753644675484835602e+00
1.908390380247242613e+00
2.080766697605919369e+00
2.272564550032152741e+00
2.485759097204321755e+00
2.722508776319273238e+00
2.985148169668115692e+00
3.276171524004778846e+00
3.598202709826507029e+00
3.953946086571886731e+00
4.346111104327079921e+00
4.777301531127465140e+00
5.249858026522738363e+00
5.765640598205115985e+00
6.325735715077390964e+00
6.930072298045199197e+00
7.576932781151437979e+00
8.262351938155280351e+00
8.979410010148681565e+00
9.717451316163597141e+00
1.046129842494403661e+01
1.119058685389101093e+01
1.187941304062285219e+01
1.249655637936720964e+01
1.300657721212404283e+01
1.337206314868776680e+01
1.355714387677160992e+01
1.353208468944684029e+01
1.327832687926420441e+01
1.279289769952100997e+01
1.209089285472123088e+01
1.120497479678183872e+01
1.018159474580707879e+01
9.074692430346043892e+00
7.938469665771100914e+00
6.821038218556179977e+00
5.760235382656256675e+00
4.782011211297142239e+00
3.900989303889780047e+00
3.122386911711705348e+00
2.444465767569528936e+00
1.860908772800188515e+00
1.362796505483612197e+00
9.400802944758696045e-01
5.825827931008562555e-01
2.806160890667185326e-01
2.531890877558029551e-02
-1.911974938263450441e-01
-3.758250354677921123e-01
-5.345060156413927732e-01
-6.723179856952352651e-01
-7.935745494950303680e-01
-9.019288881339995179e-01
-1.000472507944219158e+00
-1.091825385808504079e+00
-1.178215961087138552e+00
-1.261550768821923185e+00
-1.343474254283687275e+00
-1.425419678080405150e+00
-1.508652161504639100e+00
-1.594304928733828008e+00
-1.683409735948206309e+00
-1.776922374360375034e+00
-1.875744016584974361e+00
-1.980739056215960359e+00
-2.092749975429018860e+00
-2.212609667684376724e+00
-2.341151542715065759e+00
-2.479217648160788379e+00
-2.627664954904787464e+00
-2.787369869448897752e+00
-2.959230954406588676e+00
-3.144169755273012345e+00
-3.343129546019248277e+00
-3.557071715965360426e+00
-3.786969424424899255e+00
-4.033798047025439537e+00
-4.298521828598954819e+00
-4.582076043728584125e+00
-4.885343851117644576e+00
-5.209126918497043235e+00
-5.554108801378626836e+00
-5.920809997483281961e+00
-6.309533591876662406e+00
-6.720300486991757083e+00
-7.152773418062625232e+00
-7.606169340183523531e+00
-8.079160400840486034e+00
-8.569764651530888955e+00
-9.075228975001962795e+00
-9.591908469987295405e+00
-1.011514877040206883e+01
-1.063918044666390550e+01
-1.115703760914903597e+01
-1.166051582975569545e+01
-1.214018705394354924e+01
-1.258549062202184565e+01
-1.298491899820579576e+01
-1.332631336949127032e+01
-1.359727707280062248e+01
-1.378570338213512336e+01
-1.388039884323768369e+01
-1.387176549163850581e+01
-1.375248760953602023e+01
-1.351815491887739817e+01
-1.316774841329775825e+01
-1.270392079717233180e+01
-1.213302206911018999e+01
-1.146485045543435533e+01
-1.071214476758768441e+01
-9.889869220948575901e+00
-9.014368436208950897e+00
-8.102483311749642425e+00
-7.170715810733813811e+00
-6.234514451255110501e+00
-5.307727357963553771e+00
-4.402242223370106622e+00
-3.527807871181980914e+00
-2.692013870737993031e+00
-1.900394141357346633e+00
-1.156617150703604491e+00
-4.627274506992196113e-01
1.805911782072261440e-01
7.737536972620111531e-01
1.318028565737423108e+00
1.815318748251906644e+00
2.267973492117499656e+00
2.678631784682640848e+00
3.050095999152412141e+00
3.385232818410386813e+00
3.686897843306949696e+00
3.957880119281743880e+00
4.200862968129422725e+00
4.418397850104623714e+00
4.612888406253124352e+00
4.786582276280610948e+00
4.941568713362900489e+00
5.079780402212392687e+00
5.202998220876538404e+00
5.312857968369947059e+00
5.410858312107786006e+00
5.498369396355482053e+00
5.576641701625046466e+00
5.646814861297173138e+00
5.709926231489282245e+00
5.766919078436112400e+00
5.818650298787490627e+00
5.865897625925230230e+00
5.909366302665302939e+00
5.949695219970169369e+00
5.987462534483553256e+00
6.023190786339424285e+00
6.057351543976555064e+00
6.090369605527349961e+00
6.122626787447270402e+00
6.154465330941889079e+00
6.186190955833039240e+00
6.218075590081397763e+00
6.250359801469373089e+00
6.283254956104413758e+00
6.316945126542443667e+00
6.351588770533835415e+00
6.387320199714631386e+00
6.424250856039688706e+00
6.462470412404660358e+00
6.502047712743393326e+00
6.543031565922695414e+00
6.585451406989186296e+00
6.629317838751477510e+00
6.674623066301194285e+00
6.721341236882757642e+00
6.769428697507070325e+00
6.818824182859740013e+00
6.869448946369848485e+00
6.921206847768330839e+00
6.973984411061022293e+00
7.027650867552726943e+00
7.082058199363908457e+00
7.137041199755187471e+00
7.192417567486227625e+00
7.247988053348479731e+00
7.303536677883341710e+00
7.358831040079484076e+00
7.413622737479663272e+00
7.467647918555712749e+00
7.520627988361803240e+00
7.572270488276346967e+00
7.622270170014034285e+00
7.670310282951637859e+00
7.716064092085480830e+00
7.759196641550616391e+00
7.799366775516087813e+00
7.836229424375418695e+00
7.869438159444115399e+00
7.898648013848977634e+00
7.923518560971527513e+00
7.943717234750636180e+00
7.958922868460994948e+00
7.968829420413752196e+00
7.973149846571542909e+00
7.971620071578486844e+00
7.964003001467984788e+00
7.950092513657774695e+00
7.929717353131733759e+00
7.902744858315611687e+00
7.869084436450957121e+00
7.828690706607496885e+00
7.781566229153660252e+00
7.727763743764850979e+00
7.667387844036633204e+00
7.600596025523181254e+00
7.527599055453870314e+00
7.448660626273504448e+00
7.364096271151103323e+00
7.274271537228552020e+00
7.179599431044140445e+00
7.080537169592354019e+00
6.977582289143402505e+00
6.871268181502177441e+00
6.762159143121245108e+00
6.650845035747149581e+00
6.537935667528810058e+00
6.424055010341477079e+00
6.309835372227692751e+00
6.195911643246794220e+00
6.082915728747135375e+00
5.971471276383424787e+00
5.862188792491004108e+00
5.755661230210717072e+00
5.652460116625020348e+00
5.553132269756710926e+00
5.458197139243298857e+00
5.368144787454371070e+00
5.283434511332353978e+00
5.204494089795188572e+00
5.131719627532075556e+00
5.065475953732962999e+00
5.006097523890983503e+00
4.953889764369495019e+00
4.909130792897164142e+00
4.872073443423653671e+00
4.842947520639406811e+00
4.821962207682600976e+00
4.809308549829103718e+00
4.805161936964766234e+00
4.809684508037880057e+00
4.823027401146536164e+00
4.845332773104291668e+00
4.876735511940906598e+00
4.917364564554302930e+00
4.967343799394145165e+00
5.026792320432442729e+00
5.095824143627845082e+00
5.174547140558535929e+00
5.263061145920903350e+00
5.361455116329591597e+00
5.469803217633989689e+00
5.588159707324010128e+00
5.716552468347192217e+00
5.854975041967724003e+00
6.003377001784294009e+00
6.161652510867909882e+00
6.329626912048053278e+00
6.507041221342298343e+00
6.693534430992188256e+00
6.888623587137940874e+00
7.091681694431986926e+00
7.301913623302670686e+00
7.518330363067733835e+00
7.739722183394863286e+00
7.964631544108951466e+00
8.191326932394204619e+00
8.417779204909219715e+00
8.641642459477477445e+00
8.860241933652110546e+00
9.070571885822992897e+00
9.269306798513335721e+00
9.452829470346268081e+00
9.617279528398807287e+00
9.758625476444775515e+00
9.872762475549071937e+00
9.955636531894979768e+00
1.000339359696681285e+01
1.001254931435168061e+01
9.980171952756981213e+00
9.904067778231585351e+00
9.782955222522211614e+00
9.616612285510877101e+00
9.405981262091090755e+00
9.153216571713723937e+00
8.861665373296624182e+00
8.535776544848138414e+00
8.180940824073056561e+00
7.803272399218689870e+00
7.409348787078935850e+00
7.005930311589974480e+00
6.599682143962129821e+00
6.196920478761838602e+00
5.803400384058854833e+00
5.424157030448514050e+00
5.063405462566172410e+00
4.724497889406830353e+00
4.409932455298045895e+00
4.121404071351650877e+00
3.859886229857927731e+00
3.625732591500039348e+00
3.418788151940097997e+00
3.238501526215697091e+00
3.084031934481050286e+00
2.954346514349330377e+00
2.848305410990470854e+00
2.764733591560327941e+00
2.702479458555198111e+00
2.660461113675830713e+00
2.637701596820192673e+00
2.633354653908232201e+00
2.646722633107843503e+00
2.677268025891475833e+00
2.724620001424270299e+00
2.788577063355198060e+00
2.869106710072160116e+00
2.966342716734683638e+00
3.080580386204892829e+00
3.212269836573880433e+00
3.362007100776583712e+00
3.530522500646545936e+00
3.718665413020204813e+00
3.927384157241069929e+00
4.157699290162088168e+00
4.410668088063161463e+00
4.687337423514200907e+00
4.988681621520000498e+00
5.315521239370641915e+00
5.668418133101797096e+00
6.047541784387711061e+00
6.452501886119043739e+00
6.882142963935439894e+00
7.334298838483519489e+00
7.805508674971505911e+00
8.290703038947562220e+00
8.782878638732620757e+00
9.272794923935038014e+00
9.748744346407093531e+00
1.019646928773484973e+01
1.059931829017433103e+01
1.093874466094641740e+01
1.119524041994043806e+01
1.134975468500670992e+01
1.138555786704699813e+01
1.129038330102513576e+01
1.105852977858747899e+01
1.069249168487763590e+01
1.020366378640628646e+01
9.611796935176579737e+00
8.943157099414463573e+00
8.227684651976469254e+00
7.495730701119667216e+00
6.775042161080864211e+00
6.088541013193514040e+00
5.453164774658173286e+00
4.879732620145906807e+00
4.373586314762893501e+00
3.935672259784832150e+00
3.563760124047345546e+00
3.253582404425150454e+00
2.999778200591111776e+00
2.796603841648681144e+00
2.638423369644503413e+00
2.520016485539197326e+00
2.436748355317584380e+00
2.384642464178716725e+00
2.360390202916942126e+00
2.361322510020906318e+00
2.385361383811384517e+00
2.430963043323121742e+00
2.497059995184787606e+00
2.583006040081703425e+00
2.688526034305121382e+00
2.813670728708022484e+00
2.958776003537384458e+00
3.124425119118777516e+00
3.311412071652323430e+00
3.520703680734988961e+00
3.753397571117139453e+00
4.010672701413689367e+00
4.293728517291784286e+00
4.603708174958786259e+00
4.941600640354817386e+00
5.308115924463965740e+00
5.703527451825257444e+00
6.127475879479218790e+00
6.578730042299530290e+00
7.054903737477624226e+00
7.552132602112465953e+00
8.064724328484766502e+00
8.584808762754795097e+00
9.102032399145059571e+00
9.603363540663337972e+00
1.007309682836569031e+01
1.049316245933432334e+01
1.084384575262602901e+01
1.110499331485316254e+01
1.125771042306164915e+01
1.128643673023867677e+01
1.118113943736973859e+01
1.093922636477905819e+01
1.056671894808415146e+01
1.007829735904791946e+01
9.496055565952042699e+00
8.847129939305553137e+00
8.160672745900379610e+00
7.464803470628412541e+00
6.784121571822821828e+00
6.138140358320632650e+00
5.540713576859918277e+00
5.000289747260847406e+00
4.520707799250767600e+00
4.102239673576479895e+00
3.742649634952958770e+00
3.438128107352597329e+00
3.184036544130576463e+00
2.975454906227688046e+00
2.807554181665172788e+00
2.675828884705795385e+00
2.576225628270315759e+00
2.505199324994155763e+00
2.459722041205837151e+00
2.437263040717421614e+00
2.435753019314838230e+00
2.453541199996331024e+00
2.489350763364857055e+00
2.542235830604789637e+00
2.611541678368203723e+00
2.696868848763863014e+00
2.798041164675159287e+00
2.915077250444249923e+00
3.048164902983590885e+00
3.197637496837309357e+00
3.363951496155903165e+00
3.547664058637149509e+00
3.749409633230292638e+00
3.969874364652018706e+00
4.209767019864926851e+00
4.469785047095391484e+00
4.750574275852490480e+00
5.052680683896714875e+00
5.376492621427234830e+00
5.722171933871292637e+00
6.089572618134873494e+00
6.478146056628771632e+00
6.886832591359826061e+00
7.313940335765255263e+00
7.757013791239272038e+00
8.212697143863840310e+00
8.676600126313671169e+00
9.143178007532251073e+00
9.605641422312928057e+00
1.005591593241213388e+01
1.048467465489545880e+01
1.088146887427051368e+01
1.123497983496013752e+01
1.153340835058779135e+01
1.176500624096295944e+01
1.191873462296087993e+01
1.198501008061989204e+01
1.195647422862156439e+01
1.182870079433770094e+01
1.160074387761405568e+01
1.127543751388537885e+01
1.085938277188656365e+01
1.036260171475144531e+01
9.797889256810153213e+00
9.179942116557384679e+00
8.524376711478108604e+00
7.846757359233249574e+00
7.161741896876491431e+00
6.482419850141289075e+00
5.819878515116329254e+00
5.182994791720088479e+00
4.578422441406786447e+00
4.010728561019113236e+00
3.482628703489922817e+00
2.995274228566366048e+00
2.548554461020030804e+00
2.141386858364264789e+00
1.771978418713289649e+00
1.438049795064330283e+00
1.137019636523301180e+00
8.661506729801720095e-01
6.226613713135493722e-01
4.038080609382574959e-01
2.069426619916391874e-01
2.955087835344294422e-02
-1.307248206863111384e-01
-2.760737508861830225e-01
-4.085140674230477442e-01
-5.298958966522836489e-01
-6.419086448671221801e-01
-7.460910263722596580e-01
-8.438427151849743346e-01
-9.364368140642959082e-01
-1.025032561585212942e+00
-1.110687873112187862e+00
-1.194371444522262848e+00
-1.276974246912450539e+00
-1.359320313490696597e+00
-1.442176772295193476e+00
-1.526263115055597863e+00
-1.612259717149487015e+00
-1.700815639136568747e+00
-1.792555749012373356e+00
-1.888087207806417700e+00
-1.988005360714534042e+00
-2.092899072511286818e+00
-2.203355540170239379e+00
-2.319964607841421778e+00
-2.443322599834107933e+00
-2.574035676122787386e+00
-2.712722702110465622e+00
-2.860017609822461893e+00
-3.016571211157998089e+00
-3.183052405017348097e+00
-3.360148698712019932e+00
-3.548565939673065550e+00
-3.749027125691501539e+00
-3.962270130348926056e+00
-4.189044144557435345e+00
-4.430104594948955921e+00
-4.686206255124833575e+00
-4.958094216658995634e+00
-5.246492333820351739e+00
-5.552088700430206636e+00
-5.875517661149494586e+00
-6.217337806038702119e+00
-6.578005351285214353e+00
-6.957842277467000791e+00
-7.356998589183977089e+00
-7.775408089161718550e+00
-8.212737142689251257e+00
-8.668326065485215892e+00
-9.141123025269521918e+00
-9.629610734000136674e+00
-1.013172675617957985e+01
-1.064477900100754226e+01
-1.116535892966183852e+01
-1.168925620834850676e+01
-1.221137996449717988e+01
-1.272569341192831516e+01
-1.322517030155257345e+01
-1.370178325683588483e+01
-1.414653531289400412e+01
-1.454954655107511918e+01
-1.490020718944927225e+01
-1.518740640426242727e+01
-1.539984211570302008e+01
-1.552641073469316169e+01
-1.555666750548238753e+01
-1.548133811298544060e+01
-1.529285172226431122e+01
-1.498585618145788168e+01
-1.455766970564014251e+01
-1.400862191906611542e+01
-1.334224211183704867e+01
-1.256526438068306817e+01
-1.168743699637930433e+01
-1.072114447274899618e+01
-9.680871974657986101e+00
-8.582559195306599165e+00
-7.442901599616017272e+00
-6.278659323160816541e+00
-5.106028158204167333e+00
-3.940114692229713000e+00
-2.794541572694625220e+00
-1.681192102357279117e+00
-6.100885271712972457e-01
4.106128245119100573e-01
1.374533264492766360e+00
2.276916768140679448e+00
3.114434088888234697e+00
3.884968764036859312e+00
4.587403513662470900e+00
5.221420790647034238e+00
5.787326671653200805e+00
6.285903263866849500e+00
6.718291516220435966e+00
7.085903797771317514e+00
7.390363782931490988e+00
7.633469963796758684e+00
7.817178383882263937e+00
7.943599853730793470e+00
8.015006883050750375e+00
8.033845780908665191e+00
8.002749785279595685e+00
7.924549646481867882e+00
7.802278770891872384e+00
7.639170797028734583e+00
7.438648287845628815e+00
7.204302039350039877e+00
6.939861282543645871e+00
6.649155749708651086e+00
6.336071148363770611e+00
6.004500006473388218e+00
5.658290102430531654e+00
5.301192768685329071e+00
4.936813268663337695e+00
4.568565215532425228e+00
4.199630660799443582e+00
3.832927068635959333e+00
3.471081947529201184e+00
3.116415470926703790e+00
2.770931013762429451e+00
2.436313185062542797e+00
2.113932662553016595e+00
1.804856939317611708e+00
1.509865973855066823e+00
1.229471686540310138e+00
9.639402569256404485e-01
7.133162349473834984e-01
4.774475718795350154e-01
2.560107914445154398e-01
4.853564699256465720e-02
-1.455712618274875025e-01
-3.270043168002948475e-01
-4.965384441432529883e-01
-6.550106032910750775e-01
-8.033033058543649352e-01
-9.423301975886114734e-01
-1.073023678736031439e+00
-1.196324493627874519e+00
-1.313173187532098884e+00
-1.424503305807786058e+00
-1.531236195858534321e+00
-1.634277264597719048e+00
-1.734513541701361738e+00
-1.832812400528586405e+00
-1.930021293090691925e+00
-2.026968361854184053e+00
-2.124463798614026899e+00
-2.223301828430532812e+00
-2.324263204039039188e+00
-2.428118102635641762e+00
-2.535629321975986450e+00
-2.647555675774238892e+00
-2.764655488921807347e+00
-2.887690090489619887e+00
-3.017427196200177075e+00
-3.154644061333784499e+00
-3.300130269030605135e+00
-3.454689996691696408e+00
-3.619143573535785308e+00
-3.794328104032552496e+00
-3.981096883439177780e+00
-4.180317271405118440e+00
-4.392866615894067017e+00
-4.619625730861177004e+00
-4.861469325836526245e+00
-5.119252663024214556e+00
-5.393793578089669971e+00
-5.685848846770488407e+00
-5.996083716197567526e+00
-6.325033257466546210e+00
-6.673054051612522741e+00
-7.040264621629024333e+00
-7.426473008948356380e+00
-7.831090022024796760e+00
-8.253027037684637079e+00
-8.690577918970141980e+00
-9.141285759645686682e+00
-9.601796931530980572e+00
-1.006770746115648585e+01
-1.053341023982445712e+01
-1.099195604295250916e+01
-1.143494670686788517e+01
-1.185248471212868182e+01
-1.223320906101511518e+01
-1.256445137026570080e+01
-1.283254657401808885e+01
-1.302332709686250389e+01
-1.312281529013989889e+01
-1.311810456054767116e+01
-1.299838517302454477e+01
-1.275602972279708069e+01
-1.238761348859430278e+01
-1.189471778156936566e+01
-1.128436266672173538e+01
-1.056894832028441122e+01
-9.765652362182605017e+00
-8.895322295526206346e+00
-7.980995521391149872e+00
-7.046248239536091695e+00
-6.113598943506740824e+00
-5.203166505693140209e+00
-4.331717639436147849e+00
-3.512155506379448511e+00
-2.753423864220443384e+00
-2.060746259110452616e+00
-1.436093696246366624e+00
-8.787739128642415576e-01
-3.860524184099834999e-01
4.625956358975025218e-02
4.232897302574576970e-01
7.506800959839117215e-01
1.034255901974083125e+00
1.279781098959970276e+00
1.492788437025945436e+00
1.678470476870201677e+00
1.841618183099304584e+00
1.986595213172387409e+00
2.117337918866741386e+00
2.237373028746621362e+00
2.349846764267018440e+00
2.457560665179158388e+00
2.563010640669949769e+00
2.668426738158393707e+00
2.775811865388171373e+00
2.886978250952991765e+00
3.003580818869216795e+00
3.127146914346187856e+00
3.259101974716236416e+00
3.400790810217434679e+00
3.553494157789172547e+00
3.718440107170607245e+00
3.896809879466247573e+00
4.089737269388038499e+00
4.298300848830667320e+00
4.523507778246195876e+00
4.766267794788245915e+00
5.027355661778944551e+00
5.307360105201342826e+00
5.606617081949472947e+00
5.925125202105846256e+00
6.262441382366784381e+00
6.617555506724803749e+00
6.988744235147996697e+00
7.373406404892109300e+00
7.767886016095597590e+00
8.167293861265376265e+00
8.565345589128583015e+00
8.954242211139362695e+00
9.324628009173814291e+00
9.665668841957396396e+00
9.965298178636148307e+00
1.021067484048316842e+01
1.038888078879336163e+01
1.048785549155668306e+01
1.049751470724325308e+01
1.041094128800283869e+01
1.022547735631888344e+01
9.943511773169859680e+00
9.572766491535137590e+00
9.125953479661507828e+00
8.619793788099325837e+00
8.073531431766525657e+00
7.507191161074191044e+00
6.939879521512168914e+00
6.388396435994422973e+00
5.866326435773563830e+00
5.383654321359652606e+00
4.946841706208287448e+00
4.559235308976143486e+00
4.221659937605183543e+00
3.933067278942870892e+00
3.691148051366219374e+00
3.492854223090597898e+00
3.334810378859015767e+00
3.213615460823813663e+00
3.126048534179040495e+00
3.069197275274762049e+00
3.040528197080988537e+00
3.037915408025520847e+00
3.059641465404682403e+00
3.104380541870004784e+00
3.171171130360093571e+00
3.259383038386175713e+00
3.368681473635130263e+00
3.498989528567527874e+00
3.650449234360622519e+00
3.823380477325541982e+00
4.018236371463927092e+00
4.235553097581107096e+00
4.475891715058034848e+00
4.739769017474603885e+00
5.027574161352942994e+00
5.339467613280526770e+00
5.675259052167522356e+00
6.034261413938847518e+00
6.415119537098028069e+00
6.815614202718507819e+00
7.232446170016903153e+00
7.661010505273841531e+00
8.095179387563771201e+00
8.527121611448118088e+00
8.947198481245880686e+00
9.343986886622829502e+00
9.704487736310944967e+00
1.001457663386556263e+01
1.025973765177739594e+01
1.042608489117411530e+01
1.050161857620270922e+01
1.047758885352653024e+01
1.034976809608072479e+01
1.011938782736244136e+01
9.793507679560830681e+00
9.384667165098480979e+00
8.909816285264305691e+00
8.388687650647487004e+00
7.841903375686454680e+00
7.289156767726702846e+00
6.747758282618846692e+00
6.231714105910046264e+00
5.751364524333018480e+00
5.313495548233206023e+00
4.921776251001116265e+00
4.577365556797744262e+00
4.279558944125959385e+00
4.026387163662210611e+00
3.815119791971481877e+00
3.642657958212600633e+00
3.505820827645320215e+00
3.401540944867860183e+00
3.326987173591776870e+00
3.279633474789291459e+00
3.257289236762370699e+00
3.258103665347202860e+00
3.280553617500119312e+00
3.323421565959546520e+00
3.385768221334926054e+00
3.466902687899371394e+00
3.566351812750431005e+00
3.683829513012381263e+00
3.819206246735840971e+00
3.972478358907559848e+00
4.143736729763465299e+00
4.333133939283437819e+00
4.540849014137035233e+00
4.767048728522207846e+00
5.011844386492095182e+00
5.275243029249508275e+00
5.557092105710591312e+00
5.857016848142833076e+00
6.174349946929264199e+00
6.508053668613151821e+00
6.856635364145526879e+00
7.218058423376475297e+00
7.589652187944968098e+00
7.968026146829783052e+00
8.348995858043716467e+00
8.727530326444707498e+00
9.097732754782843045e+00
9.452868250220744173e+00
9.785452626080417105e+00
1.008741517788931574e+01
1.035034450539817108e+01
1.056581954471332807e+01
1.072581786046444563e+01
1.082318056747051038e+01
1.085209961610378393e+01
1.080858116857370632e+01
1.069083160718785308e+01
1.049951338076863649e+01
1.023782823523040086e+01
9.911405032677970794e+00
9.527995366181519543e+00
9.097007386981083243e+00
8.628930733960647359e+00
8.134718264530292231e+00
7.625191073490642069e+00
7.110522889669324442e+00
6.599841864900088062e+00
6.100966820150445002e+00
5.620275724276924123e+00
5.162689669458429442e+00
4.731747147614298932e+00
4.329740687963187007e+00
3.957889545176115131e+00
3.616526436594369009e+00
3.305281762828943926e+00
3.023254155650144437e+00
2.769160884962201141e+00
2.541465318145087249e+00
2.338481229161970099e+00
2.158455428047209246e+00
1.999631117010142178e+00
1.860294778501209167e+00
1.738809440215148605e+00
1.633636982554583117e+00
1.543351858404436339e+00
1.466648253386267253e+00
1.402342371590618031e+00
1.349371212846333101e+00
1.306788925675224977e+00
1.273761579633353236e+00
1.249561001146428429e+00
1.233558154834548670e+00
1.225216423049005465e+00
1.224085034922359538e+00
1.229792817857213283e+00
1.242042384701593560e+00
1.260604825102349613e+00
1.285314936502296668e+00
1.316067006312696464e+00
1.352811139800218720e+00
1.395550116445476219e+00
1.444336749575912737e+00
1.499271718849760182e+00
1.560501841796479106e+00
1.628218748405121152e+00
1.702657921131773167e+00
1.784098061205637409e+00
1.872860740353602393e+00
1.969310294681995588e+00
2.073853914119832886e+00
2.186941876211504265e+00
2.309067866806175484e+00
2.440769321955775784e+00
2.582627714691497101e+00
2.735268696835374769e+00
2.899361989091619130e+00
3.075620891755157071e+00
3.264801262804006399e+00
3.467699779171448338e+00
3.685151259833454596e+00
3.918024785181500658e+00
4.167218295190607158e+00
4.433651288452943540e+00
4.718255174773147154e+00
5.021960755668151144e+00
5.345682220407619312e+00
5.690296951829398431e+00
6.056620339249726648e+00
6.445374700715324146e+00
6.857151331975825492e+00
7.292364637291843366e+00
7.751197275200135905e+00
8.233535294915952818e+00
8.738892378424532481e+00
9.266322580843063150e+00
9.814321428170041273e+00
1.038071594649876239e+01
1.096254522488300331e+01
1.155593451846983122e+01
1.215596772883465526e+01
1.275656537192288731e+01
1.335037781901883847e+01
1.392870653819748661e+01
1.448146900663668468e+01
1.499722547419538188e+01
1.546328721408081996e+01
1.586592550267443968e+01
1.619069743499369807e+01
1.642289797120233175e+01
1.654813679752372479e+01
1.655302377509721268e+01
1.642592900014688340e+01
1.615776503068848413e+01
1.574272297898107809e+01
1.517888490325794315e+01
1.446863598923856209e+01
1.361881369970834044e+01
1.264055716569479060e+01
1.154885527544058199e+01
1.036183013598775204e+01
9.099826421693833822e+00
7.784399809417907434e+00
6.437305028712946076e+00
5.079575519848221532e+00
3.730765386366388547e+00
2.408395747556144606e+00
1.127617883037031365e+00
-9.892011582335547004e-02
-1.261034914797688700e+00
-2.350839635689019325e+00
-3.362490259631367273e+00
-4.291888249691656831e+00
-5.136374257050652758e+00
-5.894439481018839189e+00
-6.565472797899160717e+00
-7.149554104137862964e+00
-7.647297912891344751e+00
-8.059746235704077222e+00
-8.388306100516279784e+00
-8.634724535312219729e+00
-8.801092295005348731e+00
-8.889866861805417741e+00
-8.903905178126803932e+00
-8.846497081535105167e+00
-8.721391427602908308e+00
-8.532808333622147856e+00
-8.285432763003779399e+00
-7.984386680784282042e+00
-7.635179103079186902e+00
-7.243635378624968091e+00
-6.815808818808570813e+00
-6.357879192833730819e+00
-5.876043524142087193e+00
-5.376405012481070500e+00
-4.864865770990245863e+00
-4.347028472145749056e+00
-3.828111046186952304e+00
-3.312877402135214311e+00
-2.805585882181205637e+00
-2.309955940849586220e+00
-1.829152461688074771e+00
-1.365786254500161334e+00
-9.219286495269800596e-01
-4.991377249740178712e-01
-9.849355026280987024e-02
2.793601373097712726e-01
6.341702250138430141e-01
9.660266106260748664e-01
1.275314472436941404e+00
1.562667860228462713e+00
1.828925698325563509e+00
2.075090973325750543e+00
2.302293599846331418e+00
2.511757223301939845e+00
2.704770030279449955e+00
2.882659492112011446e+00
3.046770861273723874e+00
3.198449167639364710e+00
3.339024416565879783e+00
3.469799667430628620e+00
3.592041664498347053e+00
3.706973697265056877e+00
3.815770380971176934e+00
3.919554066748121901e+00
4.019392612492205252e+00
4.116298268258560711e+00
4.211227452434936680e+00
4.305081216283265455e+00
4.398706214027027883e+00
4.492896013151540302e+00
4.588392594784007628e+00
4.685887906870249253e+00
4.786025343397341203e+00
4.889401031226278782e+00
4.996564812350139384e+00
5.108020813783235248e+00
5.224227500067594399e+00
5.345597104866962823e+00
5.472494338693253191e+00
5.605234269963007776e+00
5.744079276927106292e+00
5.889234969334419034e+00
6.040844981962544047e+00
6.198984548608059697e+00
6.363652776301302438e+00
6.534763557259343436e+00
6.712135082646322637e+00
6.895477960180637744e+00
7.084381989972061255e+00
7.278301722911743710e+00
7.476541016791808048e+00
7.678236920221664263e+00
7.882343355818671071e+00
8.087615243285144473e+00
8.292593898901353455e+00
8.495594766476413540e+00
8.694698767154786623e+00
8.887748786923967970e+00
9.072353029078039199e+00
9.245897113733404282e+00
9.405566868627778021e+00
9.548383678283862253e+00
9.671253991389438198e+00
9.771034079811887096e+00
9.844610358501427072e+00
9.888994497494426383e+00
9.901431205082262821e+00
9.879515003723463806e+00
9.821310684253168333e+00
9.725470594897883458e+00
9.591340731664026009e+00
9.419046996938927663e+00
9.209553211102138093e+00
8.964683649382630293e+00
8.687105058388247869e+00
8.380266147146100408e+00
8.048296142131322384e+00
7.695867705893776112e+00
7.328032840928257130e+00
6.950042859833864384e+00
6.567164749458896722e+00
6.184506136401471288e+00
5.806859643483972988e+00
5.438574982310257155e+00
5.083464062336083167e+00
4.744741166509239605e+00
4.424997263030501671e+00
4.126205103625836479e+00
3.849750075814994510e+00
3.596480868953282339e+00
3.366773809960398545e+00
3.160605081778894210e+00
2.977625781683538531e+00
2.817235735858538259e+00
2.678653014333959970e+00
2.560977075778493983e+00
2.463244342379454999e+00
2.384475722806737696e+00
2.323716154557769364e+00
2.280066632988932529e+00
2.252709451481421876e+00
2.240927519189906736e+00
2.244118674414003589e+00
2.261805895792955212e+00
2.293644249928679990e+00
2.339425318398678844e+00
2.399079731069155841e+00
2.472678303961134194e+00
2.560432142988370963e+00
2.662691930928782647e+00
2.779946462534058416e+00
2.912820327785260233e+00
3.062070459744780759e+00
3.228581052858814360e+00
3.413356109514988468e+00
3.617508574926716403e+00
3.842244659443821320e+00
4.088841509326964996e+00
4.358615859716132412e+00
4.652880680100514255e+00
4.972886107590412941e+00
5.319740182567580078e+00
5.694304117463665271e+00
6.097056164648266829e+00
6.527917817255080912e+00
6.986036423374323512e+00
7.469519845213539178e+00
7.975122297825069317e+00
8.497886936176270112e+00
9.030761266992463732e+00
9.564217119185251192e+00
1.008592822510859044e+01
1.058058450938957762e+01
1.102994927610280662e+01
1.141328572080849035e+01
1.170827947050591078e+01
1.189254687905560992e+01
1.194572803536519956e+01
1.185201337866067206e+01
1.160276310613048700e+01
1.119870461061653444e+01
1.065112036052270028e+01
9.981548918997660280e+00
9.219838636783181940e+00
8.400837542901907540e+00
7.560403685818195108e+00
6.731599567181199006e+00
5.941814384040282171e+00
5.211210148433315759e+00
4.552482920712640713e+00
3.971630246723520052e+00
3.469293562543410481e+00
3.042277488635468430e+00
2.684965055835216496e+00
2.390479447189135076e+00
2.151547406521136629e+00
1.961084485127050137e+00
1.812552807577257452e+00
1.700149304828383334e+00
1.618877057151891341e+00
1.564542056034825546e+00
1.533706704173640967e+00
1.523621781962564370e+00
1.532151080942796284e+00
1.557697394953176051e+00
1.599134735753488634e+00
1.655749104115218806e+00
1.727188537496884058e+00
1.813422178254756378e+00
1.914707539791650426e+00
2.031564830356080709e+00
2.164757009884664019e+00
2.315274121879089542e+00
2.484320299407195787e+00
2.673301645003736571e+00
2.883812888867550939e+00
3.117620301758286860e+00
3.376637742916725582e+00
3.662891925344141875e+00
3.978471952924725219e+00
4.325456913878826803e+00
4.705813824693829694e+00
5.121256595272472900e+00
5.573055132328244454e+00
6.061782606863862277e+00
6.586988968423430180e+00
7.146791097361341549e+00
7.737376189836821183e+00
8.352427299569663788e+00
8.982501067421640784e+00
9.614420002880134319e+00
1.023078606513399436e+01
1.080977538991127140e+01
1.132542470551418567e+01
1.174864573040191651e+01
1.204916992897276629e+01
1.219849286913179398e+01
1.217363151284033407e+01
1.196115532751904986e+01
1.156061019100631526e+01
1.098630423127459288e+01
1.026664541856408341e+01
9.440850904440576841e+00
8.553685605843460493e+00
7.649545784316994279e+00
6.767343693289092244e+00
5.937221009929722015e+00
5.179389470266379192e+00
4.504745522815118974e+00
3.916572414454909890e+00
3.412639804981983271e+00
2.987202805588487387e+00
2.632637764703215311e+00
2.340638818313958147e+00
2.103010349935363621e+00
1.912137927284467853e+00
1.761227630818841705e+00
1.644391591070222702e+00
1.556639297783631859e+00
1.493816663494494268e+00
1.452520562817717575e+00
1.430006064657235454e+00
1.424096328797459732e+00
1.433100391429834808e+00
1.455741097797860872e+00
1.491093678861766358e+00
1.538534490108077524e+00
1.597698940522398026e+00
1.668447441719538515e+00
1.750838173661786179e+00
1.845105513541406950e+00
1.951643058332344527e+00
2.070990258987418287e+00
2.203821757206859466e+00
2.350938563300080553e+00
2.513260229120245270e+00
2.691817148638773194e+00
2.887742056594804207e+00
3.102259689262629294e+00
3.336673417421725851e+00
3.592347457429529545e+00
3.870683010858763318e+00
4.173086378799533591e+00
4.500926752049756452e+00
4.855481011555936810e+00
5.237862519010046292e+00
5.648930593474675632e+00
6.089177247857453068e+00
6.558587935745533670e+00
7.056473728426098546e+00
7.581273763711910973e+00
8.130329307716319676e+00
8.699634718117065901e+00
9.283576351717663044e+00
9.874678256824282130e+00
1.046338326005081143e+01
1.103790914765304620e+01
1.158423049665985793e+01
1.208624456483840248e+01
1.252618042706120960e+01
1.288529924991655484e+01
1.314490547886289207e+01
1.328764141676735733e+01
1.329897405996235982e+01
1.316871368305615952e+01
1.289234710785436100e+01
1.247194775972561587e+01
1.191645847801659919e+01
1.124123622960788715e+01
1.046688350420133951e+01
9.617532827392736294e+00
8.718855321738784525e+00
7.796099923402488585e+00
6.872430387207078439e+00
5.967732791336722187e+00
5.097952234120869619e+00
4.274917904725260343e+00
3.506551443804996282e+00
2.797328678456874940e+00
2.148871387538755950e+00
1.560570654413362401e+00
1.030174402941182343e+00
5.543005521081061371e-01
1.288597530517552880e-01
-2.506130347178662787e-01
-5.887099216548168368e-01
-8.899720147334226894e-01
-1.158768423228139444e+00
-1.399219636258277166e+00
-1.615154215175362395e+00
-1.810089686083600213e+00
-1.987230410346585652e+00
-2.149476886091087557e+00
-2.299442330881737551e+00
-2.439473514288342137e+00
-2.571673677724207074e+00
-2.697926037441209068e+00
-2.819916855643260778e+00
-2.939157421154946714e+00
-3.057004536050930366e+00
-3.174679283242033190e+00
-3.293283971930545118e+00
-3.413817238209601701e+00
-3.537187328300889000e+00
-3.664223620505357548e+00
-3.795686455156637606e+00
-3.932275344308956644e+00
-4.074635627905746738e+00
-4.223363633195631017e+00
-4.379010380970689731e+00
-4.542083867126089913e+00
-4.713049932109369067e+00
-4.892331714893404460e+00
-5.080307672941080988e+00
-5.277308136005699701e+00
-5.483610350375330178e+00
-5.699431962301917842e+00
-5.924922886026636526e+00
-6.160155504427917705e+00
-6.405113160557358576e+00
-6.659676918165565951e+00
-6.923610601021181310e+00
-7.196544166912056006e+00
-7.477955535374249507e+00
-7.767151071117972094e+00
-8.063245030268838320e+00
-8.365138405782476028e+00
-8.671497762501260809e+00
-8.980734830368112043e+00
-9.290987822868535417e+00
-9.600105660039128352e+00
-9.905636490256496174e+00
-1.020482210624713737e+01
-1.049460001632612283e+01
-1.077161503393025832e+01
-1.103224225409730330e+01
-1.127262315846120089e+01
-1.148871629448693277e+01
-1.167636347901323290e+01
-1.183137176120738943e+01
-1.194961044536269057e+01
-1.202712134591761384e+01
-1.206023918491490576e+01
-1.204571774089643910e+01
-1.198085614622147155e+01
-1.186361875893386397e+01
-1.169274146402980641e+01
-1.146781722864924191e+01
-1.118935434373446114e+01
-1.085880205940251919e+01
-1.047854020461101321e+01
-1.005183172526282398e+01
-9.582739652704997724e+00
-9.076012552174347547e+00
-8.536944716158366475e+00
-7.971219016144326375e+00
-7.384741239344252861e+00
-6.783474847311943279e+00
-6.173284440258517414e+00
-5.559794926706631557e+00
-4.948271679585344529e+00
-4.343525031584271723e+00
-3.749840541271356908e+00
-3.170934727334699055e+00
-2.609934547615881506e+00
-2.069377859286860577e+00
-1.551231448875024732e+00
-1.056922935028945520e+00
-5.873828635678517429e-01
-1.430935600062799296e-01
2.758582960407249263e-01
6.697279260686427316e-01
1.039059576792332518e+00
1.384636054869979649e+00
1.707431760029764600e+00
2.008569910964641103e+00
2.289284332604557104e+00
2.550885915298118700e+00
2.794733661278745895e+00
3.022210094013602522e+00
3.234700712848390225e+00
3.433577119821674462e+00
3.620183419234862754e+00
3.795825486090717682e+00
3.961762710553367928e+00
4.119201846997386340e+00
4.269292623955366572e+00
4.413124802262705870e+00
4.551726400676033180e+00
4.686062839621500054e+00
4.817036783458783944e+00
4.945488489086839579e+00
5.072196493539663287e+00
5.197878495324165904e+00
5.323192303700439609e+00
5.448736747074003794e+00
5.575052446414994201e+00
5.702622372448514554e+00
5.831872116618060709e+00
5.963169815881117053e+00
6.096825680645851619e+00
6.233091084013535621e+00
6.372157179387372139e+00
6.514153022901557399e+00
6.659143187494668936e+00
6.807124867301446614e+00
6.958024484887409322e+00
7.111693830231184066e+00
7.267905779792453558e+00
7.426349666978835806e+00
7.586626402263458857e+00
7.748243472407176036e+00
7.910609983819877122e+00
8.073031954899132501e+00
8.234708105686138424e+00
8.394726439367016013e+00
8.552061957398702674e+00
8.705575895991380264e+00
8.854016913122572774e+00
8.996024688055106466e+00
9.130136414408655199e+00
9.254796667269770793e+00
9.368371098070431557e+00
9.469164351248389622e+00
9.555442497633942267e+00
9.625460135904402748e+00
9.677492122360145999e+00
9.709869651154349413e+00
9.721020126991644972e+00
9.709509960864549427e+00
9.674089093570357178e+00
9.613735734793587895e+00
9.527699526123097229e+00
9.415541126653419468e+00
9.277166112382817076e+00
9.112851104492566634e+00
8.923260217717873033e+00
8.709450256853733308e+00
8.472863579450576665e+00
8.215308160687392558e+00
7.938925099939044827e+00
7.646144541653332460e+00
7.339631681972852206e+00
7.022225133052018009e+00
6.696870363265291282e+00
6.366551182989248936e+00
6.034222282634028822e+00
5.702745655323589347e+00
5.374833376061276091e+00
5.052998704830973686e+00
4.739516886371390569e+00
4.436396391467662070e+00
4.145360737284276453e+00
3.867840482236502897e+00
3.604974546255201862e+00
3.357619678143090702e+00
3.126366682801570374e+00
2.911561925969327280e+00
2.713332638092116333e+00
2.531614622416917371e+00
2.366181113809103564e+00
2.216671713072607908e+00
2.082620517906184521e+00
1.963482770531787658e+00
1.858659531655128427e+00
1.767520062564558181e+00
1.689421746891989873e+00
1.623727508590800950e+00
1.569820782849899565e+00
1.527118173261903911e+00
1.495079983855182926e+00
1.473218851368711890e+00
1.461106724372521537e+00
1.458380444443722945e+00
1.464746183315741357e+00
1.479982981129684516e+00
1.503945616665898211e+00
1.536567022360757262e+00
1.577860436259743704e+00
1.627921460668613207e+00
1.686930173594891835e+00
1.755153414184946747e+00
1.832947336914585668e+00
1.920760300504310347e+00
2.019136125133891291e+00
2.128717713680610135e+00
2.250250986863262970e+00
2.384589024945509728e+00
2.532696235573383081e+00
2.695652272589809773e+00
2.874655306814332789e+00
3.071024087283150905e+00
3.286198018344637095e+00
3.521734199498935514e+00
3.779300013086090537e+00
4.060659379027556248e+00
4.367650202806748538e+00
4.702149799656907270e+00
5.066024165687395886e+00
5.461055878900235250e+00
5.888844169426334929e+00
6.350669367592369774e+00
6.847312673995147314e+00
7.378821288173512016e+00
7.944208881993466420e+00
8.541083011199921415e+00
9.165195520161411480e+00
9.809920964672922850e+00
1.046568361499185329e+01
1.111937785809795720e+01
1.175386124550539435e+01
1.234764324157324999e+01
1.287494044060212239e+01
1.330630739898956350e+01
1.361005785219598962e+01
1.375463149569828225e+01
1.371190426272722895e+01
1.346117327133800678e+01
1.299320943448287302e+01
1.231347140828970055e+01
1.144348224285403326e+01
1.041963561278522832e+01
9.289337012063569432e+00
8.105196601778690280e+00
6.918617379141517532e+00
5.774255560343860338e+00
4.706417606786904351e+00
3.737739311025227718e+00
2.879822344288636593e+00
2.135128895243961988e+00
1.499392522521915794e+00
9.639780653006384536e-01
5.178661039718925885e-01
1.491452251476605984e-01
-1.539707169952656551e-01
-4.025184288422439249e-01
-6.064548821700609382e-01
-7.745298654889560819e-01
-9.142884949952054807e-01
-1.032150151666090476e+00
-1.133526971366936920e+00
-1.222957869870581860e+00
-1.304243344817004324e+00
-1.380572644551729899e+00
-1.454639069403337093e+00
-1.528741807532039809e+00
-1.604874291792658170e+00
-1.684799948315856666e+00
-1.770116636843560798e+00
-1.862311222997362403e+00
-1.962805682684253705e+00
-2.072995988114717747e+00
-2.194284805088479118e+00
-2.328108764485174564e+00
-2.475960765479650494e+00
-2.639407421644001772e+00
-2.820101363384700743e+00
-3.019787643984899628e+00
-3.240302939278355332e+00
-3.483565556068287439e+00
-3.751553443781803221e+00
-4.046266412854613748e+00
-4.369667589493283266e+00
-4.723597794846623898e+00
-5.109655095402888314e+00
-5.529030392099918423e+00
-5.982288912817727677e+00
-6.469087396997303507e+00
-6.987818500397333210e+00
-7.535178831421856849e+00
-8.105666880169209776e+00
-8.691034129284352261e+00
-9.279738999360915841e+00
-9.856490032073953245e+00
-1.040200985594186811e+01
-1.089319707993409558e+01
-1.130389224720633123e+01
-1.160643867416233910e+01
-1.177413527821975947e+01
-1.178448038828539701e+01
-1.162281172988350342e+01
-1.128563091123997175e+01
-1.078270416825565015e+01
-1.013712143111520803e+01
-9.382955631980964384e+00
-8.560884120330282343e+00
-7.712810260294578057e+00
-6.876817840318461883e+00
-6.083560302218590010e+00
-5.354584045256777891e+00
-4.702439079186368609e+00
-4.132016636996238113e+00
-3.642453955042862734e+00
-3.229074921816793342e+00
-2.885049751460350809e+00
-2.602650493861242254e+00
-2.374107264041713350e+00
-2.192133139406005515e+00
-2.050203387628649843e+00
-1.942667922158565208e+00
-1.864759577241812627e+00
-1.812543361779527240e+00
-1.782837000952522288e+00
-1.773121820933465820e+00
-1.781455127154520257e+00
-1.806389984232957602e+00
-1.846904999837852834e+00
-1.902344734569613838e+00
-1.972370244119606264e+00
-2.056918682242640628e+00
-2.156170632327923276e+00
-2.270523746414172983e+00
-2.400571260107951410e+00
-2.547083960871644681e+00
-2.710994177964186846e+00
-2.893380310534178879e+00
-3.095450299410752670e+00
-3.318522266236088036e+00
-3.564000282550237486e+00
-3.833342887159294055e+00
-4.128021544832328971e+00
-4.449465746147780010e+00
-4.798990918306646591e+00
-5.177704810029303495e+00
-5.586387634347590669e+00
-6.025341168895277377e+00
-6.494202478546535318e+00
-6.991719303725457024e+00
-7.515486936431936549e+00
-8.061651183748830718e+00
-8.624589441602292794e+00
-9.196592507456150756e+00
-9.767583683577010234e+00
-1.032492822431681745e+01
-1.085340302444380534e+01
-1.133540924776620962e+01
-1.175151250074752873e+01
-1.208137742207107479e+01
-1.230511778103861253e+01
-1.240500559797867197e+01
-1.236738009580622588e+01
-1.218449135004529182e+01
-1.185594084194263331e+01
-1.138938278481747979e+01
-1.080025220553940457e+01
-1.011047882289898681e+01
-9.346377156401723951e+00
-8.536093956931553706e+00
-7.707075001006367110e+00
-6.883960840620059862e+00
-6.087167136611686402e+00
-5.332216312525905444e+00
-4.629728768842875652e+00
-3.985890614898148776e+00
-3.403193332297602680e+00
-2.881268740206841983e+00
-2.417693536477488525e+00
-2.008690300952550523e+00
-1.649694336079605694e+00
-1.335784418693875653e+00
-1.061991721140746359e+00
-8.235080964035489393e-01
-6.158160116066238032e-01
-4.347603613132325906e-01
-2.765790254605026699e-01
-1.379054390727786350e-01
-1.575316414538847909e-02
9.251028153587369240e-02
1.891952431849273086e-01
2.763239372714751951e-01
3.556643942616977694e-01
4.287629416838134588e-01
4.969744340186681986e-01
5.614898442663341926e-01
6.233611013868031181e-01
6.835232286401340396e-01
7.428139401541818954e-01
8.019909086220808891e-01
8.617469414566206742e-01
9.227233069720902625e-01
9.855214438280317513e-01
1.050713271230746093e+00
1.118850297695994644e+00
1.190471704758200300e+00
1.266111560240220868e+00
1.346305294350480963e+00
1.431595551314692516e+00
1.522537509554244162e+00
1.619703744467533069e+00
1.723688689383026773e+00
1.835112731851919810e+00
1.954625963660318266e+00
2.082911583209879236e+00
2.220688927603585050e+00
2.368716088155894628e+00
2.527792036307065615e+00
2.698758156143402864e+00
2.882499043887301049e+00
3.079942392699038578e+00
3.292057731712151991e+00
3.519853730132938452e+00
3.764373709200180773e+00
4.026688925654108964e+00
4.307889099198637162e+00
4.609069552863093833e+00
4.931314219655801523e+00
5.275673643315506034e+00
5.643136969270994285e+00
6.034596791137006200e+00
6.450805599538570689e+00
6.892322490979593042e+00
7.359448759826404896e+00
7.852151051088712919e+00
8.369970942319708840e+00
8.911920209990448427e+00
9.476361693545094056e+00
1.006087668559438342e+01
1.066212124213962298e+01
1.127567580909671641e+01
1.189589516035124994e+01
1.251576883828075459e+01
1.312680597597346477e+01
1.371896229735192207e+01
1.428063075486929279e+01
1.479871992824260296e+01
1.525884495578469036e+01
1.564565318672610417e+01
1.594329969946648973e+01
1.613607541214407348e+01
1.620917257278216539e+01
1.614955007920502084e+01
1.594683710576986790e+01
1.559419231001922768e+01
1.508902291563848586e+01
1.443346846289988328e+01
1.363457128077642011e+01
1.270408946182640619e+01
1.165795358174491803e+01
1.051541705824297246e+01
9.297991666328158544e+00
8.028285422023543560e+00
6.728864963745019523e+00
5.421249217042374724e+00
4.125110838412565428e+00
2.857724721700888537e+00
1.633666829431647871e+00
4.647378664906718360e-01
-6.399321005367866189e-01
-1.673649900173932892e+00
-2.631847512663832767e+00
-3.511736926718399321e+00
-4.311966663416183287e+00
-5.032304763917215595e+00
-5.673363552787701991e+00
-6.236373601016063972e+00
-6.723008288688856915e+00
-7.135256123579892140e+00
-7.475335245545698726e+00
-7.745643016713247953e+00
-7.948732958978026453e+00
-8.087311299430426814e+00
-8.164245827329038363e+00
-8.182580513514251308e+00
-8.145550295995274581e+00
-8.056591521538777556e+00
-7.919344693987583561e+00
-7.737647362331333767e+00
-7.515516132329462806e+00
-7.257117851806983211e+00
-6.966730951188335297e+00
-6.648698673898790545e+00
-6.307376474150570012e+00
-5.947076176166038231e+00
-5.572009580574673215e+00
-5.186234089454524465e+00
-4.793602634999495571e+00
-4.397719782269569500e+00
-4.001905383214971579e+00
-3.609166636105979542e+00
-3.222178895515628749e+00
-2.843275118425376391e+00
-2.474443446743560759e+00
-2.117332129603501478e+00
-1.773260784353639652e+00
-1.443236879088950708e+00
-1.127976281854753182e+00
-8.279267485634245194e-01
-5.432932978992368600e-01
-2.740645318534918884e-01
-2.003909117017999009e-02
2.191484258816732977e-01
4.440026146958182540e-01
6.551438881752769117e-01
8.532868576509445857e-01
1.039220651946672680e+00
1.213791268346629204e+00
1.377885977815664909e+00
1.532419750399209191e+00
1.678323623831320388e+00
1.816534907274988786e+00
1.947989090980620341e+00
2.073613319685891465e+00
2.194321281122889378e+00
2.311009359546380537e+00
2.424553906440874318e+00
2.535809485387670037e+00
2.645607954542184892e+00
2.754758257515916853e+00
2.864046801046377766e+00
2.974238305159019546e+00
3.086077018157297402e+00
3.200288194371596173e+00
3.317579736856940631e+00
3.438643909889685268e+00
3.564159026930489027e+00
3.694791018458418730e+00
3.831194780501434138e+00
3.974015198547419470e+00
4.123887732564814002e+00
4.281438436834812400e+00
4.447283272944659416e+00
4.622026555382396928e+00
4.806258346527712000e+00
5.000550591367309394e+00
5.205451752052673520e+00
5.421479668791234552e+00
5.649112337223363589e+00
5.888776254637811292e+00
6.140831950134996831e+00
6.405556280231236244e+00
6.683121045885410894e+00
6.973567475835974250e+00
7.276776133100933741e+00
7.592431848011358397e+00
7.919983377073585018e+00
8.258597650873323204e+00
8.607108728536822184e+00
8.963961946646177736e+00
9.327154264525526983e+00
9.694172492004456743e+00
1.006193196069923168e+01
1.042671927254332687e+01
1.078414401242011422e+01
1.112910568962862889e+01
1.145578356510926454e+01
1.175765824617366384e+01
1.202757472292644181e+01
1.225785653195112168e+01
1.244047955177084752e+01
1.256731114010202788e+01
1.263041557788809754e+01
1.262241996994251636e+01
1.253692612234348047e+01
1.236894424641735846e+01
1.211531498763151404e+01
1.177507910855790918e+01
1.134975124976330640e+01
1.084345735838726554e+01
1.026290553628484936e+01
9.617176722148343515e+00
8.917342635281960028e+00
8.175940227765764234e+00
7.406350351921491715e+00
6.622139762100221816e+00
5.836427764046456801e+00
5.061331751829998282e+00
4.307531533377168209e+00
3.583974104992170950e+00
2.897722102468648586e+00
2.253933627521742089e+00
1.655950404331002490e+00
1.105465791202172809e+00
6.027434815553338598e-01
1.468605435031802298e-01
-2.640466656782263222e-01
-6.325495062345974917e-01
-9.617172949490300216e-01
-1.254936375325973907e+00
-1.515759940775499803e+00
-1.747787915744769549e+00
-1.954574523596718238e+00
-2.139560248738729964e+00
-2.306024535754073845e+00
-2.457055581044146120e+00
-2.595533817319382930e+00
-2.724126059280245205e+00
-2.845287694160218095e+00
-2.961270714428211992e+00
-3.074135772905983721e+00
-3.185766777906387404e+00
-3.297886831951918118e+00
-3.412074551927911426e+00
-3.529779993897367074e+00
-3.652339546337433962e+00
-3.780989255681360905e+00
-3.916876112007688704e+00
-4.061066854358016620e+00
-4.214553857956300220e+00
-4.378257642837239061e+00
-4.553025498536364957e+00
-4.739625656718995828e+00
-4.938736368527597342e+00
-5.150929164010149108e+00
-5.376645498939522483e+00
-5.616165946627406313e+00
-5.869571093211444435e+00
-6.136693378045552372e+00
-6.417059331604352046e+00
-6.709822060397569565e+00
-7.013684483945651138e+00
-7.326814825679340615e+00
-7.646757282883353213e+00
-7.970342721479563686e+00
-8.293606687735818994e+00
-8.611724942788899995e+00
-8.918979903723746716e+00
-9.208774398775442904e+00
-9.473711317758258588e+00
-9.705758061216258170e+00
-9.896511917178107964e+00
-1.003757533734712304e+01
-1.012103761936493207e+01
-1.014004174916638412e+01
-1.008939374082751250e+01
-9.966150413013691534e+00
-9.770105765308754187e+00
-9.504092397517402091e+00
-9.174027910337771985e+00
-8.788668243987372009e+00
-8.359075998990567413e+00
-7.897861808427215635e+00
-7.418297708007917102e+00
-6.933421767471519281e+00
-6.455247733957917511e+00
-5.994164986303949227e+00
-5.558572272873587572e+00
-5.154745634628413953e+00
-4.786906778067803181e+00
-4.457438338461804150e+00
-4.167187174315215792e+00
-3.915802643054191012e+00
-3.702068890814998348e+00
-3.524204109732996137e+00
-3.380112390908362574e+00
-3.267583657842871414e+00
-3.184443825915971527e+00
-3.128661148812382997e+00
-3.098416349524508728e+00
-3.092144297541810083e+00
-3.108554284976414728e+00
-3.146634816646388444e+00
-3.205647555609183019e+00
-3.285113827440147016e+00
-3.384795967185020960e+00
-3.504674818715769025e+00
-3.644923859899583007e+00
-3.805879704383433815e+00
-3.988008092258189308e+00
-4.191863900188381287e+00
-4.418043158183944996e+00
-4.667124551088676299e+00
-4.939597425941861353e+00
-5.235772970833086681e+00
-5.555675069735364069e+00
-5.898907523355020999e+00
-6.264495086621395536e+00
-6.650697427106972981e+00
-7.054798064377272304e+00
-7.472875080049069751e+00
-7.899567344612485442e+00
-8.327859450838575484e+00
-8.748920248526207644e+00
-9.152042694385094990e+00
-9.524744076419787930e+00
-9.853091090246481443e+00
-1.012230745501018347e+01
-1.031769571650267281e+01
-1.042585442920418437e+01
-1.043609801224517497e+01
-1.034190104984718594e+01
-1.014211650692659816e+01
-9.841691880481690191e+00
-9.451658082539223571e+00
-8.988299506068459621e+00
-8.471600768873640774e+00
-7.923244692577601000e+00
-7.364539753303326997e+00
-6.814644891749363609e+00
-6.289346097675026392e+00
-5.800474953597203331e+00
-5.355907707943167395e+00
-4.959987939646343769e+00
-4.614187036854274560e+00
-4.317838997419106484e+00
-4.068833811959691182e+00
-3.864204632180473720e+00
-3.700585045331076905e+00
-3.574539848586959057e+00
-3.482787038437596294e+00
-3.422333830872692495e+00
-3.390549060080273680e+00
-3.385191100772928507e+00
-3.404406361683034898e+00
-3.446709422670596545e+00
-3.510952492095851696e+00
-3.596289170208304853e+00
-3.702135475102679152e+00
-3.828129608619039281e+00
-3.974090885321171829e+00
-4.139977506327741530e+00
-4.325842342681305297e+00
-4.531785537341700199e+00
-4.757902503028113905e+00
-5.004225770806707274e+00
-5.270659139884861233e+00
-5.556902723182516546e+00
-5.862367828910105771e+00
-6.186081240266005921e+00
-6.526579446612201352e+00
-6.881794843287750929e+00
-7.248937949613903697e+00
-7.624382354293677722e+00
-8.003562358519708653e+00
-8.380896974220593876e+00
-8.749757644521670485e+00
-9.102500079155221968e+00
-9.430581891349811841e+00
-9.724785946193563291e+00
-9.975563058591532695e+00
-1.017349580916317464e+01
-1.030986760633478205e+01
-1.037729915436558592e+01
-1.037039173004845161e+01
-1.028629865071212102e+01
-1.012513948125342722e+01
-9.890181202202434463e+00
-9.587738450470551399e+00
-9.226787305457111898e+00
-8.818334782541764838e+00
-8.374627159677704213e+00
-7.908303730023563460e+00
-7.431603084554565974e+00
-6.955708297690436304e+00
-6.490283127630223525e+00
-6.043213829009423499e+00
-5.620539426611318667e+00
-5.226532573564634632e+00
-4.863884422485496017e+00
-4.533948117709302394e+00
-4.237002962288167751e+00
-3.972511446073704100e+00
-3.739351446951403091e+00
-3.536014463350811710e+00
-3.360767089989797896e+00
-3.211777140766933769e+00
-3.087208216856151211e+00
-2.985287585526550824e+00
-2.904352420920535138e+00
-2.842879120930084547e+00
-2.799499814300107747e+00
-2.773009480802166138e+00
-2.762366427797530388e+00
-2.766688253256305519e+00
-2.785244901132791551e+00
-2.817449983628153909e+00
-2.862851199602837404e+00
-2.921120407730835922e+00
-2.992043703978467306e+00
-3.075511693134508118e+00
-3.171510022248538618e+00
-3.280110150459436991e+00
-3.401460257026637457e+00
-3.535776131194362293e+00
-3.683331838992219609e+00
-3.844449919578080355e+00
-4.019490824693187747e+00
-4.208841277620773980e+00
-4.412901192043362286e+00
-4.632068756668422438e+00
-4.866723259789135447e+00
-5.117205201653135305e+00
-5.383793225683032091e+00
-5.666677398041804814e+00
-5.965928386652977977e+00
-6.281462145840323252e+00
-6.612999814118762032e+00
-6.960022695853393060e+00
-7.321722440323227055e+00
-7.696946873411433465e+00
-8.084142396599391489e+00
-8.481294460834284621e+00
-8.885868357196059719e+00
-9.294753436371943067e+00
-9.704214847409611266e+00
-1.010985791500195319e+01
-1.050661125568488785e+01
-1.088873552182120186e+01
-1.124986506445721268e+01
-1.158308958801930899e+01
-1.188108177989387215e+01
-1.213627470898180150e+01
-1.234108935734827739e+01
-1.248820799626454559e+01
-1.257088349545435335e+01
-1.258326860207750286e+01
-1.252074356967324675e+01
-1.238021628859064194e+01
-1.216036733495105437e+01
-1.186181397164502727e+01
-1.148717248300723170e+01
-1.104100700328518414e+01
-1.052966416385208603e+01
-9.961004787977397967e+00
-9.344054583853358409e+00
-8.688603569559790074e+00
-8.004787628784075793e+00
-7.302684800990814296e+00
-6.591954174426255086e+00
-5.881537757630031393e+00
-5.179436958101568678e+00
-4.492566752936876462e+00
-3.826683424014064805e+00
-3.186376505525571723e+00
-2.575112535731061580e+00
-1.995317124503417805e+00
-1.448482321708797205e+00
-9.352877913459081149e-01
-4.557263794429057269e-01
-9.226916321172506930e-03
4.052307628653637472e-01
7.890117291167793034e-01
1.143734439015211546e+00
1.471192270748230779e+00
1.773287789834347095e+00
2.051978884738038023e+00
2.309235603303775974e+00
2.547006379058481595e+00
2.767192312729833681e+00
2.971628228650979420e+00
3.162069327070417213e+00
3.340182378993266976e+00
3.507540544148079142e+00
3.665621024515532955e+00
3.815804889155585133e+00
3.959378517343063120e+00
4.097536204804145932e+00
4.231383561998881326e+00
4.361941404593939531e+00
4.490149895646061040e+00
4.616872747910632846e+00
4.742901334493369703e+00
4.868958588122593412e+00
4.995702594882730274e+00
5.123729808441033207e+00
5.253577826615353885e+00
5.385727684445309471e+00
5.520605627507367608e+00
5.658584336728595510e+00
5.799983582001130955e+00
5.945070287018881849e+00
6.094057992446922256e+00
6.247105709262482875e+00
6.404316159329262348e+00
6.565733406433430730e+00
6.731339888570413876e+00
6.901052871679762113e+00
7.074720356735348936e+00
7.252116486556319686e+00
7.432936516333892740e+00
7.616791433045881021e+00
7.803202333947925062e+00
7.991594703352842721e+00
8.181292759914704504e+00
8.371514083340771961e+00
8.561364769238281269e+00
8.749835402604725587e+00
8.935798182699134173e+00
9.118005572474586984e+00
9.295090881500250646e+00
9.465571218712804935e+00
9.627853266056236592e+00
9.780242321125925287e+00
9.920955030952889331e+00
1.004813618460721081e+01
1.015987984435038527e+01
1.025425496967195826e+01
1.032933552358677609e+01
1.038323484660934071e+01
1.041414384495323375e+01
1.042037227406496669e+01
1.040039211961417465e+01
1.035288180321827589e+01
1.027676969122468797e+01
1.017127518627287763e+01
1.003594555822779810e+01
9.870686646479189363e+00
9.675785657461055678e+00
9.451924499262917223e+00
9.200182438271250263e+00
8.922027317407181357e+00
8.619295115726798073e+00
8.294158218024056950e+00
7.949083356088669561e+00
7.586780732881218903e+00
7.210146301911217748e+00
6.822199509010467899e+00
6.426018986999192606e+00
6.024678714798447743e+00
5.621187016310591922e+00
5.218430500140772033e+00
4.819124659481333950e+00
4.425772399744310803e+00
4.040631279634597561e+00
3.665689777038759978e+00
3.302652456438023520e+00
2.952933543618107670e+00
2.617658121301697616e+00
2.297669952190322551e+00
1.993544812267507682e+00
1.705608169567236043e+00
1.433956060375671804e+00
1.178478082284911022e+00
9.388815274333184302e-01
7.147158062075144036e-01
5.053964498546563711e-01
3.102281201979623093e-01
1.284261885876351594e-01
-4.086343082030841067e-02
-1.985463995991974817e-01
-3.455641385594894754e-01
-4.828801125046016662e-01
-6.114681911192256791e-01
-7.323030137482110513e-01
-8.463522513682046888e-01
-9.545706355058346526e-01
-1.057895609428457728e+00
-1.157244449914247575e+00
-1.253512706721187087e+00
-1.347573810109556236e+00
-1.440279703195958216e+00
-1.532462364464821203e+00
-1.624936095525210122e+00
-1.718500459396853808e+00
-1.813943764563702876e+00
-1.912046999145702753e+00
-2.013588127254262172e+00
-2.119346665372512373e+00
-2.230108459877061744e+00
-2.346670586978713668e+00
-2.469846292698644863e+00
-2.600469882173177094e+00
-2.739401453573432121e+00
-2.887531350982379230e+00
-3.045784181147999536e+00
-3.215122199233265921e+00
-3.396547816203335568e+00
-3.591104912548490624e+00
-3.799878556346389047e+00
-4.023992614409741542e+00
-4.264604609180173256e+00
-4.522897006571092504e+00
-4.800063916675497033e+00
-5.097291946439014509e+00
-5.415733659238941122e+00
-5.756471772687902444e+00
-6.120471871265609209e+00
-6.508521043583255228e+00
-6.921149510800415072e+00
-7.358532053312631938e+00
-7.820365963140746501e+00
-8.305722493787197180e+00
-8.812869554592403176e+00
-9.339064984476850739e+00
-9.880322500580099643e+00
-1.043115677366539096e+01
-1.098432046690295216e+01
-1.153055481509055014e+01
-1.205838643403407495e+01
-1.255401592290491486e+01
-1.300135679457893900e+01
-1.338229318196631645e+01
-1.367722669088954213e+01
-1.386597024776160403e+01
-1.392901309892331518e+01
-1.384912192791649055e+01
-1.361316042317912434e+01
-1.321391617227526538e+01
-1.265164449683149250e+01
-1.193500735119368983e+01
-1.108113231149831002e+01
-1.011465281692406748e+01
-9.065793324757095206e+00
-7.967775331618690338e+00
-6.853971564962575869e+00
-5.755273151569900492e+00
-4.698049246709443239e+00
-3.702908765137843616e+00
-2.784283751122572870e+00
-1.950702415566268666e+00
-1.205538099066181035e+00
-5.480080332102850171e-01
2.576823358662350127e-02
5.217831065460212248e-01
9.473020707287388431e-01
1.310199250357536815e+00
1.618463776388904485e+00
1.879856088413739634e+00
2.101686386830614595e+00
2.290687063996351913e+00
2.452954006387813912e+00
2.593936081162114160e+00
2.718456664860799066e+00
2.830755122932127055e+00
2.934539478556286163e+00
3.033044104549234010e+00
3.129088219082568401e+00
3.225132383348550569e+00
3.323331203937838652e+00
3.425581134735833810e+00
3.533562732175643539e+00
3.648777004046726447e+00
3.772575650126547941e+00
3.906185054778005039e+00
4.050723880525926468e+00
4.207214044640361195e+00
4.376584751473235002e+00
4.559669113902002024e+00
4.757192740727584024e+00
4.969753509457429885e+00
5.197791607760467336e+00
5.441548843453117179e+00
5.701016236644285584e+00
5.975869080151040791e+00
6.265389067590775518e+00
6.568373847002199284e+00
6.883035585411486856e+00
7.206891959294264183e+00
7.536655534955087887e+00
7.868130829661579284e+00
8.196132377852871187e+00
8.514441568951299999e+00
8.815824233156394740e+00
9.092133838951141911e+00
9.334525155229773219e+00
9.533798385974350253e+00
9.680882206308179860e+00
9.767444694512017023e+00
9.786594560478045324e+00
9.733604869189500519e+00
9.606564518797483743e+00
9.406848391540338028e+00
9.139304502319006929e+00
8.812090523164782141e+00
8.436149526980445401e+00
8.024383008337018452e+00
7.590639212249239876e+00
7.148668242279867080e+00
6.711192492587660041e+00
6.289204498017533673e+00
5.891548083378303602e+00
5.524780835909889554e+00
5.193271431112430392e+00
4.899461533881072306e+00
4.644218229746481796e+00
4.427213427074135232e+00
4.247284123024578584e+00
4.102745750008659265e+00
3.991646259313728962e+00
3.911959647133099072e+00
3.861724338147133562e+00
3.839135061239534075e+00
3.842597650228261941e+00
3.870755543511182672e+00
3.922495369020752687e+00
3.996937368118840261e+00
4.093414816259010713e+00
4.211445179337244937e+00
4.350694553488994920e+00
4.510935975239254603e+00
4.692001441113950122e+00
4.893726922726447270e+00
5.115889297644359957e+00
5.358133949756640924e+00
5.619891861697005275e+00
5.900285390452872925e+00
6.198022678567763677e+00
6.511281924550479161e+00
6.837588645415560329e+00
7.173691723169543621e+00
7.515447481814314656e+00
7.857725198471506189e+00
8.194351976977184648e+00
8.518119113840361578e+00
8.820874821683201361e+00
9.093727836562525368e+00
9.327381115881454576e+00
9.512602770216338044e+00
9.640821719659149025e+00
9.704809401547469960e+00
9.699380088671627931e+00
9.622017953393223522e+00
9.473327788088793611e+00
9.257216257781697877e+00
8.980745045588847120e+00
8.653651763588584345e+00
8.287596344140641946e+00
7.895242498024195754e+00
7.489310400678841795e+00
7.081731093088480478e+00
6.682999277657343029e+00
6.301771995212041233e+00
5.944711491532036263e+00
5.616533448033321108e+00
5.320202057063178280e+00
5.057210167816899471e+00
4.827891015920437567e+00
4.631721992128718490e+00
4.467595667098597900e+00
4.334045896363659445e+00
4.229426060254357189e+00
4.152042335307587706e+00
4.100247959884472770e+00
4.072505548979915346e+00
4.067424370527436217e+00
4.083778690057916272e+00
4.120512213771329257e+00
4.176732551184965558e+00
4.251698605722581625e+00
4.344802940294041349e+00
4.455550467444911789e+00
4.583534270112813225e+00
4.728408950496648444e+00
4.889861610983011531e+00
5.067580375591886899e+00
5.261220251326848008e+00
5.470366100426266698e+00
5.694492547001283711e+00
5.932920780396539584e+00
6.184772452430458145e+00
6.448921208328375343e+00
6.723942852931645398e+00
7.008065741212504030e+00
7.299123691413599069e+00
7.594514528717705382e+00
7.891168229374860843e+00
8.185529466625492745e+00
8.473560035239003696e+00
8.750766981370309949e+00
9.012262082033435817e+00
9.252857381697106476e+00
9.467199604592032358e+00
9.649943305418103634e+00
9.795958637533338731e+00
9.900564868939321528e+00
9.959775790848160781e+00
9.970538721940368276e+00
9.930945851378245592e+00
9.840396097345450954e+00
9.699688127416724370e+00
9.511030821643734257e+00
9.277965721255208464e+00
9.005205705649109049e+00
8.698403652736327984e+00
8.363872478579596148e+00
8.008282402794643318e+00
7.638361922151521100e+00
7.260625989758895393e+00
6.881149186965877185e+00
6.505394542030111360e+00
6.138101442614639858e+00
5.783229899593417933e+00
5.443953909356327614e+00
5.122694038965939889e+00
4.821178465389164280e+00
4.540522154930818566e+00
4.281315208555047214e+00
4.043713186269637383e+00
3.827524111726015033e+00
3.632288610010361296e+00
3.457351114434324746e+00
3.301921241091983372e+00
3.165125278093499972e+00
3.046048307179241466e+00
2.943767820630148524e+00
2.857379869935975147e+00
2.786018833567920794e+00
2.728871860244975522e+00
2.685188963113390503e+00
2.654289632731509752e+00
2.635566719031021687e+00
2.628488215255637694e+00
2.632597466782479856e+00
2.647512228206934548e+00
2.672922904542818667e+00
2.708590236934194539e+00
2.754342629150280164e+00
2.810073257146046721e+00
2.875737058718306649e+00
2.951347662322799881e+00
3.036974282041876361e+00
3.132738578203976498e+00
3.238811459078254629e+00
3.355409777354600998e+00
3.482792854855140785e+00
3.621258749317396219e+00
3.771140157472713916e+00
3.932799828469561554e+00
4.106625340543349267e+00
4.293023071443620609e+00
4.492411169404809002e+00
4.705211306520808989e+00
4.931838970676422740e+00
5.172692026494051021e+00
5.428137251349758330e+00
5.698494531298497812e+00
5.984018386409525547e+00
6.284876489209731965e+00
6.601124848502635700e+00
6.932679359990856938e+00
7.279283482645002579e+00
7.640471895034504080e+00
8.015530129845798157e+00
8.403450389808735821e+00
8.802884027065184469e+00
9.212091532838666552e+00
9.628891344723735202e+00
1.005060933924522004e+01
1.047403153257661046e+01
1.089536324349345797e+01
1.131019874128818969e+01
1.171350614385102240e+01
1.209963295404388717e+01
1.246233800092015898e+01
1.279485553309889134e+01
1.308999662442629308e+01
1.334029173102853782e+01
1.353817605533892277e+01
1.367621627841462306e+01
1.374737329689312837e+01
1.374529109609181887e+01
1.366459724985551105e+01
1.350119638302190062e+01
1.325253499949517888e+01
1.291781509862467736e+01
1.249813554208543565e+01
1.199654443032664197e+01
1.141799258323355559e+01
1.076918688035510030e+01
1.005835157388511192e+01
9.294914397377148418e+00
8.489141064215463217e+00
7.651745619728449910e+00
6.793504643247237240e+00
5.924900647862924252e+00
5.055814868124087980e+00
4.195282958790005345e+00
3.351320041429636021e+00
2.530814994968790810e+00
1.739488583169157332e+00
9.819063072125003844e-01
2.615348164048361124e-01
-4.191698787570538043e-01
-1.058653591407155536e+00
-1.656144412217693596e+00
-2.211530551718150051e+00
-2.725241804696181269e+00
-3.198139061149387175e+00
-3.631414687972682742e+00
-4.026505280722274982e+00
-4.385017252345485339e+00
-4.708664969594909877e+00
-4.999220632926064667e+00
-5.258474778831248031e+00
-5.488206120826902179e+00
-5.690159396401555547e+00
-5.866029917782431546e+00
-6.017453606665791987e+00
-6.146001405757732350e+00
-6.253177087420779934e+00
-6.340417610938577475e+00
-6.409095307618048132e+00
-6.460521292663318427e+00
-6.495949612020457842e+00
-6.516581730150996066e+00
-6.523571050809695571e+00
-6.518027237806389707e+00
-6.501020167160481478e+00
-6.473583396885042696e+00
-6.436717086768750207e+00
-6.391390338826020034e+00
-6.338542960360638467e+00
-6.279086676562438463e+00
-6.213905838885654731e+00
-6.143857689737036942e+00
-6.069772253781251514e+00
-5.992451931967512024e+00
-5.912670876690006239e+00
-5.831174225796574184e+00
-5.748677269925771327e+00
-5.665864622342088985e+00
-5.583389453499672861e+00
-5.501872844425104603e+00
-5.421903304073963703e+00
-5.344036486456642976e+00
-5.268795133881334358e+00
-5.196669263417775575e+00
-5.128116604888480978e+00
-5.063563290539132566e+00
-5.003404789170658340e+00
-4.948007071026990111e+00
-4.897707984172990692e+00
-4.852818818472219853e+00
-4.813626029552340313e+00
-4.780393092263150123e+00
-4.753362450998216637e+00
-4.732757532755356600e+00
-4.718784787827853933e+00
-4.711635722411799065e+00
-4.711488887043840279e+00
-4.718511784505047935e+00
-4.732862660498901697e+00
-4.754692139897266578e+00
-4.784144670516751852e+00
-4.821359735116603318e+00
-4.866472790486716882e+00
-4.919615890021963089e+00
-4.980917942974750545e+00
-5.050504559580357267e+00
-5.128497426424574179e+00
-5.215013150771198980e+00
-5.310161506134905451e+00
-5.414043004281245075e+00
-5.526745711249401616e+00
-5.648341217220377963e+00
-5.778879662527114824e+00
-5.918383715434384129e+00
-6.066841392339759942e+00
-6.224197608875826404e+00
-6.390344352480767931e+00
-6.565109375206771070e+00
-6.748243322177353676e+00
-6.939405239029227346e+00
-7.138146444270750735e+00
-7.343892813674018250e+00
-7.555925607940937816e+00
-7.773361086521926921e+00
-7.995129294053912261e+00
-8.219952585129528089e+00
-8.446324670128316114e+00
-8.672491218967953941e+00
-8.896433345874946497e+00
-9.115855605432569675e+00
-9.328180438754529291e+00
-9.530551288844103297e+00
-9.719846814339245356e+00
-9.892708716935050717e+00
-1.004558559516226524e+01
-1.017479487519537784e+01
-1.027660417986151842e+01
-1.034733242764903061e+01
-1.038346948498408295e+01
-1.038181136096158141e+01
-1.033960583924047860e+01
-1.025470127562486411e+01
-1.012568932265554267e+01
-9.952030905659327686e+00
-9.734154215270976351e+00
-9.473514096415305730e+00
-9.172604173006108752e+00
-8.834916324184472813e+00
-8.464846457477316122e+00
-8.067550414013222593e+00
-7.648758636680581091e+00
-7.214562235461245088e+00
-6.771185693903664315e+00
-6.324762300888418842e+00
-5.881127390313687364e+00
-5.445641866165798817e+00
-5.023054764569608643e+00
-4.617409370188171991e+00
-4.231993272904967185e+00
-3.869329221002260510e+00
-3.531201018044006101e+00
-3.218707144227810790e+00
-2.932334209254241486e+00
-2.672042592714470199e+00
-2.437357468399341975e+00
-2.227459600569604348e+00
-2.041271631032317568e+00
-1.877536882104526850e+00
-1.734888872399307447e+00
-1.611910719421184801e+00
-1.507184364192466930e+00
-1.419330105281834564e+00
-1.347037296321786481e+00
-1.289087274224021584e+00
-1.244369678611264352e+00
-1.211893328222066524e+00
-1.190792764762053757e+00
-1.180331481380611169e+00
-1.179902739105080034e+00
-1.189028753037712161e+00
-1.207358909880701159e+00
-1.234667565191810201e+00
-1.270851865982942419e+00
-1.315929953241238071e+00
-1.370039819616993615e+00
-1.433439028727255593e+00
-1.506505442242193071e+00
-1.589739046379723852e+00
-1.683764917125238014e+00
-1.789337309086982408e+00
-1.907344791038038334e+00
-2.038816275180952875e+00
-2.184927688495448717e+00
-2.347008902271881858e+00
-2.526550355974477746e+00
-2.725208565644235748e+00
-2.944809371605991544e+00
-3.187347325327493319e+00
-3.454979003506881696e+00
-3.750007223645030585e+00
-4.074852067564139979e+00
-4.432003242967563317e+00
-4.823946580570461329e+00
-5.253055354343755035e+00
-5.721434665944485687e+00
-6.230704516077930855e+00
-6.781704783295758432e+00
-7.374103906933001440e+00
-8.005893972716616958e+00
-8.672760315676114828e+00
-9.367326952250619954e+00
-1.007830452026803947e+01
-1.078960994198060064e+01
-1.147959066851471377e+01
-1.212057032696797165e+01
-1.267902508521916616e+01
-1.311677004752457520e+01
-1.339352600816655503e+01
-1.347107220084961909e+01
-1.331880399359115330e+01
-1.291991447756720035e+01
-1.227676798271371084e+01
-1.141367139212336212e+01
-1.037556507107068526e+01
-9.222293826054503540e+00
-8.019707289575144671e+00
-6.830066555492862790e+00
-5.704377380994584357e+00
-4.678273897601419762e+00
-3.771595764953651120e+00
-2.990656109807645180e+00
-2.331795246051404646e+00
-1.785038156982773794e+00
-1.337160361342691672e+00
-9.739164375194895307e-01
-6.814711920880522911e-01
-4.471997239843931160e-01
-2.600450464075468315e-01
-1.105947368604399128e-01
9.003588526160677397e-03
1.052071252402414225e-01
1.832725031386061298e-01
2.474509085856948787e-01
3.011683656094190087e-01
3.471844492787131697e-01
3.877277309182723952e-01
4.246089815452885885e-01
4.593144742678881842e-01
4.930822106991405995e-01
5.269639194274523541e-01
5.618754623646865509e-01
5.986379713919939283e-01
6.380116991680777616e-01
6.807242445960712818e-01
7.274945241850008237e-01
7.790536118420249290e-01
8.361633609674130607e-01
8.996335498672572983e-01
9.703381483748028113e-01
1.049231183210285856e+00
1.137362574512154278e+00
1.235894218077759454e+00
1.346116488208076278e+00
1.469465224240931400e+00
1.607539127169967719e+00
1.762117315075696800e+00
1.935176546520523733e+00
2.128907292067628187e+00
2.345727379421276737e+00
2.588291309928917094e+00
2.859492482290385329e+00
3.162454386818507324e+00
3.500505258770587602e+00
3.877128599875584669e+00
4.295879294297403561e+00
4.760251694092762165e+00
5.273482059293709057e+00
5.838263341448476140e+00
6.456346114013939541e+00
7.127996764199028945e+00
7.851285225570640236e+00
8.621183468978346198e+00
9.428478597402822459e+00
1.025854859969718191e+01
1.109012318781481810e+01
1.189426203807507498e+01
1.263392218969760350e+01
1.326462492320887954e+01
1.373680069699967632e+01
1.400027594484303428e+01
1.401094118537005073e+01
1.373885315885067193e+01
1.317603187230444384e+01
1.234147566225827042e+01
1.128106808103007275e+01
1.006145829981077000e+01
8.759253644626999957e+00
7.448775945854390734e+00
6.192019476480931317e+00
5.033124433785338248e+00
3.997608863879993812e+00
3.095020821080470164e+00
2.323164639553797706e+00
1.672404281809497739e+00
1.129212302317954553e+00
6.787073066389648357e-01
3.062617773859197534e-01
-1.604556528925549230e-03
-2.568198648019004438e-01
-4.696593403485657126e-01
-6.488162097148356677e-01
-8.015580495216910739e-01
-9.339155576965020300e-01
-1.050873734216031030e+00
-1.156549894216995611e+00
-1.254351643925457616e+00
-1.347112918319219865e+00
-1.437208828020337004e+00
-1.526651326287250088e+00
-1.617168175101978411e+00
-1.710267722850088212e+00
-1.807291819185942616e+00
-1.909458908721207493e+00
-2.017899032356968991e+00
-2.133682158727142397e+00
-2.257840984494968506e+00
-2.391389086413366005e+00
-2.535335079428649330e+00
-2.690693229914276507e+00
-2.858490786219729518e+00
-3.039772114549524673e+00
-3.235599561359006948e+00
-3.447050799148617894e+00
-3.675212246869362431e+00
-3.921167986589904952e+00
-4.185983424033969058e+00
-4.470682764264139131e+00
-4.776219201289372052e+00
-5.103436563337432119e+00
-5.453021033121590477e+00
-5.825441503817397226e+00
-6.220877178645902283e+00
-6.639131232556430007e+00
-7.079529803892119943e+00
-7.540806365514318266e+00
-8.020972746660063990e+00
-8.517179851560946702e+00
-9.025573546330925012e+00
-9.541154311161669455e+00
-1.005765303104316111e+01
-1.056743950967875456e+01
-1.106148447878527108e+01
-1.152939926449257513e+01
-1.195957874376390073e+01
-1.233947136754986396e+01
-1.265599335025677341e+01
-1.289609144534439444e+01
-1.304743975558237246e+01
