1.000000000000000000e+00
9.757598706720784776e-01
9.534291785336079794e-01
9.325735620209791854e-01
9.130066664030538348e-01
8.946138097868742145e-01
8.773226423616343750e-01
8.610952769043954680e-01
8.459258874725461563e-01
8.318407946750390192e-01
8.189003890970670829e-01
8.072027932190678490e-01
7.968893509025927191e-01
7.881521449025128412e-01
7.812438413655200531e-01
7.764902632258299242e-01
7.743062083664788986e-01
7.752151573853479638e-01
7.798736630225532318e-01
7.891013813738588789e-01
8.039178954969510293e-01
8.255876946379715475e-01
8.556749036638784389e-01
8.961095988694570691e-01
9.492677815071908221e-01
1.018067279960080285e+00
1.106081967174651348e+00
1.217676635215348968e+00
1.358164545847398319e+00
1.533988898681323931e+00
1.752927969610311720e+00
2.024321107341000570e+00
2.359308633456559168e+00
2.771072309841247527e+00
3.275053590321097552e+00
3.889113415949419394e+00
4.633578926640423035e+00
5.531098579737378174e+00
6.606198200517516383e+00
7.884398898080046791e+00
9.390729695955846168e+00
1.114745512023792351e+01
1.317086090685616107e+01
1.546702857841174783e+01
1.802671726876979363e+01
2.081978944557557298e+01
2.379006819129311268e+01
2.685203350687513435e+01
2.989118303440745095e+01
3.276990913808951689e+01
3.534003985533841075e+01
3.746155892990986302e+01
3.902468604686587383e+01
3.997029476232671641e+01
4.030281264173873268e+01
4.009123158187650660e+01
3.945746093859293779e+01
3.855542057529683575e+01
3.754692620616548737e+01
3.658038762016359868e+01
3.577607354648900184e+01
3.521874401501972329e+01
3.495626874595997435e+01
3.500202117758126263e+01
3.533911163220916052e+01
3.592530795111096609e+01
3.669827753091816902e+01
3.758129349517010809e+01
3.848969745815462318e+01
3.933823492493290530e+01
4.004897766334374865e+01
4.055907419158140925e+01
4.082721454013697837e+01
4.083763629954763985e+01
4.060082554024820922e+01
4.015071723118894909e+01
3.953896443630593183e+01
3.882745035218659524e+01
3.808045757764900685e+01
3.735774449157570842e+01
3.670933347199635222e+01
3.617229370188427851e+01
3.576937962623682665e+01
3.550915115823305257e+01
3.538714692242189130e+01
3.538774535853570313e+01
3.548645696775388814e+01
3.565248769332576018e+01
3.585146825497226075e+01
3.604825141793980947e+01
3.620965049637653266e+01
3.630694998176659283e+01
3.631798839738337392e+01
3.622861584969079729e+01
3.603337550382249788e+01
3.573534604219791078e+01
3.534519339472574018e+01
3.487958801954123800e+01
3.435922225861878587e+01
3.380669353315123260e+01
3.324450059596266982e+01
3.269334276066731348e+01
3.217083524052308263e+01
3.169067748020350450e+01
3.126225044243971496e+01
3.089058010751237049e+01
3.057658756385865217e+01
3.031754592136809734e+01
3.010767405150747678e+01
2.993881060625904666e+01
2.980112444821143569e+01
2.968382719872378317e+01
2.957585956237177882e+01
2.946652617103471883e+01
2.934605534777354663e+01
2.920606200370057337e+01
2.903989515449812231e+01
2.884285700496490890e+01
2.861228820923857796e+01
2.834752308769283502e+01
2.804972807818214164e+01
2.772164512274132520e+01
2.736726777983307812e+01
2.699148077200108986e+01
2.659969318743342370e+01
2.619749200987108395e+01
2.579033687701351951e+01
2.538331002537265846e+01
2.498092833131087431e+01
2.458701807228333536e+01
2.420464807466946056e+01
2.383611352640826198e+01
2.348296087876976657e+01
2.314604371583195075e+01
2.282559990878352352e+01
2.252134145308303914e+01
2.223254980462269970e+01
2.195817104713969314e+01
2.169690667176815424e+01
2.144729703288708222e+01
2.120779561808964075e+01
2.097683312785748200e+01
2.075287101932603306e+01
2.053444465692481558e+01
2.032019656252354167e+01
2.010890049898588572e+01
1.989947727915053122e+01
1.969100328721366111e+01
1.948271274611253290e+01
1.927399477338653355e+01
1.906438624658848724e+01
1.885356145310382914e+01
1.864131943260733237e+01
1.842756983734036780e+01
1.821231803990995957e+01
1.799565011451528207e+01
1.777771820961674365e+01
1.755872672223272701e+01
1.733891958015180279e+01
1.711856884175545446e+01
1.689796473655152553e+01
1.667740719482659273e+01
1.645719885311742914e+01
1.623763947377140937e+01
1.601902168131464776e+01
1.580162789471829754e+01
1.558572832158873567e+01
1.537157987620166288e+01
1.515942588644920264e+01
1.494949646349136962e+01
1.474200942063672493e+01
1.453717164334468670e+01
1.433518082909175284e+01
1.413622753326351500e+01
1.394049747454759469e+01
1.374817407005158820e+01
1.355944118628813655e+01
1.337448610714899289e+01
1.319350273404925744e+01
1.301669504667105137e+01
1.284428086534090419e+01
1.267649596823282288e+01
1.251359862849259130e+01
1.235587464818737935e+01
1.220364297778876228e+01
1.205726202167721972e+01
1.191713674172999760e+01
1.178372668200861284e+01
1.165755504715945712e+01
1.153921897419405695e+01
1.142940114001986451e+01
1.132888284280133284e+01
1.123855868016093495e+01
1.115945291607935808e+01
1.109273757382464254e+01
1.103975220444809757e+01
1.100202514617798499e+01
1.098129589225283098e+01
1.097953790146939035e+01
1.099898078985598282e+01
1.104213030113164429e+01
1.111178373168972300e+01
1.121103754565815258e+01
1.134328272580089525e+01
1.151218195291928481e+01
1.172162101356160946e+01
1.197562499447224837e+01
1.227822803472815849e+01
1.263328404382653147e+01
1.304420546189190411e+01
1.351361873795731761e+01
1.404292995322196802e+01
1.463180338238012368e+01
1.527757122162938508e+01
1.597461512160000119e+01
1.671378900245145616e+01
1.748198468378513937e+01
1.826197002174660966e+01
1.903264197162154403e+01
1.976981963003093057e+01
2.044764139504950862e+01
2.104052122543716052e+01
2.152547450682422436e+01
2.188447987048944299e+01
2.210645251498980457e+01
2.218841843275872350e+01
2.213561909189426657e+01
2.196051355763697188e+01
2.168090336453057887e+01
2.131759315188735471e+01
2.089205523930840869e+01
2.042448556535633131e+01
1.993247201860976858e+01
1.943031589434358608e+01
1.892891037547579458e+01
1.843601074370857873e+01
1.795672302949052579e+01
1.749406851717396449e+01
1.704952709132730249e+01
1.662350594878182974e+01
1.621571345713212509e+01
1.582543922639167100e+01
1.545175264255484571e+01
1.509363622753761902e+01
1.475007009184520612e+01
1.442008157156684511e+01
1.410277126274037762e+01
1.379732384691466152e+01
1.350300969200085177e+01
1.321918131631398552e+01
1.294526739718949138e+01
1.268076601070520759e+01
1.242523811493941466e+01
1.217830185217442640e+01
1.193962797684480570e+01
1.170893656341247890e+01
1.148599507382520457e+01
1.127061784163777425e+01
1.106266704208442242e+01
1.086205525381501147e+01
1.066874977278722803e+01
1.048277890939457713e+01
1.030424058605336235e+01
1.013331365547082186e+01
9.970272481926981456e+00
9.815505471759260914e+00
9.669538407142981740e+00
9.533063630134755329e+00
9.406976339675919618e+00
9.292419495020087794e+00
9.190839047055280986e+00
9.104051409737428102e+00
9.034325175764848836e+00
8.984478969446689334e+00
8.957996845721419632e+00
8.959161520308809301e+00
8.993203545254626619e+00
9.066460729816668618e+00
9.186535812799046852e+00
9.362430522310512870e+00
9.604619417868788034e+00
9.925006064473182121e+00
1.033667661612552813e+01
1.085333330800363605e+01
1.148825859914876268e+01
1.225264368185490937e+01
1.315313889928055602e+01
1.418858900268594780e+01
1.534615294053819312e+01
1.659741114271505324e+01
1.789560089589701164e+01
1.917561622255865927e+01
2.035849086569417210e+01
2.136127116742536103e+01
2.211123582814200361e+01
2.256084892602489589e+01
2.269813119568828341e+01
2.254799439973057673e+01
2.216377266639204535e+01
2.161264545934993109e+01
2.096088832329510510e+01
2.026366510263500231e+01
1.956086107653062456e+01
1.887769591227181820e+01
1.822781282792092128e+01
1.761690738548184143e+01
1.704582781203268027e+01
1.651280825140647934e+01
1.601489790545591418e+01
1.554878967478379970e+01
1.511125394172167269e+01
1.469933555749552134e+01
1.431041979181495627e+01
1.394223188346325237e+01
1.359280700236067574e+01
1.326045022965411313e+01
1.294369620031144663e+01
1.264127259950881665e+01
1.235206888957201343e+01
1.207511029913563938e+01
1.180953654169167599e+01
1.155458455900569703e+01
1.130957459631068396e+01
1.107389900215310163e+01
1.084701325303593755e+01
1.062842880764392639e+01
1.041770748840922955e+01
1.021445716763123279e+01
1.001832860264716984e+01
9.829013322223966398e+00
9.646242517271096162e+00
9.469786935953727891e+00
9.299457828933684667e+00
9.135109037240983554e+00
8.976640365543227418e+00
8.824002439673037657e+00
8.677203311571444644e+00
8.536317149751923239e+00
8.401495441478829207e+00
8.272981236530371874e+00
8.151127083858273892e+00
8.036417453165199731e+00
7.929496593516443426e+00
7.831202958163993699e+00
7.742611511988048534e+00
7.665085421314836722e+00
7.600338779739254313e+00
7.550512104347215647e+00
7.518262273446915778e+00
7.506868258198347910e+00
7.520353256855086599e+00
7.563622421453043643e+00
7.642612915486394876e+00
7.764449067983244746e+00
7.937589259949529463e+00
8.171942137007839335e+00
8.478917012033758027e+00
8.871356366555252393e+00
9.363277401745172313e+00
9.969326534520304151e+00
1.070383061258147173e+01
1.157932149869652605e+01
1.260443350405397922e+01
1.378115012333249823e+01
1.510153499048283088e+01
1.654433968688537249e+01
1.807222115070172563e+01
1.963063822370533273e+01
2.114965094327333262e+01
2.254956987836160920e+01
2.375050206375489381e+01
2.468438874525162063e+01
2.530664774819011598e+01
2.560388501962582453e+01
2.559502079098718852e+01
2.532545319621135960e+01
2.485643893182780673e+01
2.425330898846166150e+01
2.357581809376179649e+01
2.287235854119834499e+01
2.217804108179875655e+01
2.151556894647265494e+01
2.089756851692973783e+01
2.032930697092949401e+01
1.981116033436516588e+01
1.934056579985467650e+01
1.891342549748143043e+01
1.852504066845089525e+01
1.817068868051677910e+01
1.784594912519921550e+01
1.754686422513630362e+01
1.726999586860780056e+01
1.701242207856885003e+01
1.677170093824736696e+01
1.654581954268346067e+01
1.633313849922007321e+01
1.613233792131834221e+01
1.594236798019446333e+01
1.576240532733423905e+01
1.559181567854783168e+01
1.543012228738740355e+01
1.527697975533812347e+01
1.513215251415473972e+01
1.499549729992750358e+01
1.486694897414377792e+01
1.474650910695703665e+01
1.463423680601796306e+01
1.453024134147395152e+01
1.443467617931714919e+01
1.434773408897719982e+01
1.426964303627376296e+01
1.420066260980864747e+01
1.414108075831415512e+01
1.409121063935940299e+01
1.405138739724842445e+01
1.402196470108080462e+01
1.400331088398304580e+01
1.399580453269092040e+01
1.399982938425608658e+01
1.401576839501866445e+01
1.404399685756715499e+01
1.408487445571732444e+01
1.413873616717168957e+01
1.420588195009264432e+01
1.428656518492220684e+01
1.438097988785946946e+01
1.448924676863093630e+01
1.461139827325759377e+01
1.474736283243626112e+01
1.489694862695286304e+01
1.505982728103794166e+01
1.523551799906925197e+01
1.542337276512841093e+01
1.562256332143101112e+01
1.583207072164309359e+01
1.605067830821277752e+01
1.627696897788931807e+01
1.650932756545606139e+01
1.674594908256085191e+01
1.698485338937303624e+01
1.722390664901655200e+01
1.746084962163617860e+01
1.769333250696941917e+01
1.791895565949105062e+01
1.813531510392647661e+01
1.834005140236476805e+01
1.853090010172316582e+01
1.870574175592885524e+01
1.886264940034983084e+01
1.899993137744585070e+01
1.911616758078866596e+01
1.921023749355375188e+01
1.928133882659605902e+01
1.932899607656520757e+01
1.935305888312153400e+01
1.935369061883255881e+01
1.933134814979984029e+01
1.928675412029061320e+01
1.922086341242312457e+01
1.913482559756138102e+01
1.902994522877870764e+01
1.890764173541374049e+01
1.876941049298780939e+01
1.861678638227070692e+01
1.845131084996438986e+01
1.827450316893465754e+01
1.808783629281629501e+01
1.789271742716714897e+01
1.769047320985523797e+01
1.748233921359775778e+01
1.726945335476389687e+01
1.705285271177042716e+01
1.683347321783206141e+01
1.661215168903415673e+01
1.638962967164633255e+01
1.616655863449340202e+01
1.594350608602609221e+01
1.572096225557003990e+01
1.549934703938475700e+01
1.527901697115180468e+01
1.506027203094891220e+01
1.484336215520453806e+01
1.462849335186595034e+01
1.441583335992221038e+01
1.420551682077383582e+01
1.399764995126908040e+01
1.379231472521917645e+01
1.358957258261246004e+01
1.338946769432387640e+01
1.319202981557596033e+01
1.299727676439940538e+01
1.280521656243619155e+01
1.261584927511362508e+01
1.242916858689987336e+01
1.224516314536137074e+01
1.206381770534292031e+01
1.188511410198673701e+01
1.170903207865182161e+01
1.153554999320366292e+01
1.136464542369721187e+01
1.119629569222825261e+01
1.103047832371480830e+01
1.086717145461154388e+01
1.070635420506635960e+01
1.054800702680278590e+01
1.039211203805366956e+01
1.023865335617865746e+01
1.008761743816793377e+01
9.938993439067139946e+00
9.792773598455902118e+00
9.648953665481474928e+00
9.507533373601301463e+00
9.368516977141176483e+00
9.231913863053581082e+00
9.097739252895625128e+00
8.966015012078644375e+00
8.836770585922678833e+00
8.710044085040390627e+00
8.585883546150821388e+00
8.464348398671672769e+00
8.345511172462929395e+00
8.229459488014839508e+00
8.116298377327602509e+00
8.006152991875840286e+00
7.899171763564210913e+00
7.795530095655661462e+00
7.695434673500129996e+00
7.599128499727271446e+00
7.506896775608766781e+00
7.419073769741908464e+00
7.336050837208498265e+00
7.258285776986750371e+00
7.186313742556062145e+00
7.120759950015065343e+00
7.062354458946460412e+00
7.011949332473134788e+00
6.970538512418237964e+00
6.939280770002352661e+00
6.919526107222373490e+00
6.912845981773703130e+00
6.921067698696734993e+00
6.946313240056953831e+00
6.991042669216422922e+00
7.058102020165549106e+00
7.150775226501392190e+00
7.272839108026096788e+00
7.428619649740935138e+00
7.623046695672275774e+00
7.861702639262465375e+00
8.150858610957333994e+00
8.497488928239214090e+00
8.909251091066535011e+00
9.394414347633794904e+00
9.961714927898597693e+00
1.062011079811488301e+01
1.137840398737687586e+01
1.224469554929093817e+01
1.322563926562381553e+01
1.432546851988229086e+01
1.554479062791422272e+01
1.687917911730228937e+01
1.831765106535650389e+01
1.984119447732243913e+01
2.142160359438886985e+01
2.302097011076386579e+01
2.459223272438172359e+01
2.608116015483924599e+01
2.742998596525449528e+01
2.858260207559553479e+01
2.949078163425834376e+01
3.012044951856471897e+01
3.045672631084314119e+01
3.050651829018134009e+01
3.029789089556841475e+01
2.987624308218450153e+01
2.929812085824763557e+01
2.862405103226796754e+01
2.791184796409370605e+01
2.721147801110725339e+01
2.656197171209186436e+01
2.599030944192225689e+01
2.551184306830758786e+01
2.513169244241320044e+01
2.484661182777466948e+01
2.464696463792257219e+01
2.451859765381196254e+01
2.444452477119877187e+01
2.440640212097429540e+01
2.438580640399235122e+01
2.436532954059208578e+01
2.432948947607986767e+01
2.426544141755505990e+01
2.416346474312311798e+01
2.401720314592482453e+01
2.382364982857955482e+01
2.358289244125909434e+01
2.329765795877066381e+01
2.297271904197983616e+01
2.261423518951106715e+01
2.222910164288609280e+01
2.182436745971114078e+01
2.140676502881050070e+01
2.098237142915701980e+01
2.055640196207315284e+01
2.013312100383472725e+01
1.971584629218849827e+01
1.930701954446900714e+01
1.890831757717225514e+01
1.852078216597594462e+01
1.814495218357225781e+01
1.778098689813906219e+01
1.742877397844733167e+01
1.708801939841119122e+01
1.675831901412611913e+01
1.643921321863961893e+01
1.613022695841735299e+01
1.583089772870876466e+01
1.554079413885450478e+01
1.525952740191404011e+01
1.498675776504302881e+01
1.472219753165050804e+01
1.446561197903368878e+01
1.421681917054851674e+01
1.397568940972411866e+01
1.374214488627590214e+01
1.351615991671106265e+01
1.329776207861710091e+01
1.308703447043936130e+01
1.288411929044649895e+01
1.268922291319714901e+01
1.250262264351040287e+01
1.232467534174571711e+01
1.215582813552966535e+01
1.199663145726079705e+01
1.184775466841884040e+01
1.171000454405607627e+01
1.158434688450758010e+01
1.147193148315262867e+01
1.137412059031199796e+01
1.129252084776575948e+01
1.122901838942476793e+01
1.118581636181401073e+01
1.116547344774426875e+01
1.117094099451302469e+01
1.120559495355116830e+01
1.127325691974643540e+01
1.137819600904951223e+01
1.152510006530483011e+01
1.171900077703604559e+01
1.196513295496875706e+01
1.226870408007136781e+01
1.263454746886232272e+01
1.306663303109195162e+01
1.356741663986813506e+01
1.413702657464403600e+01
1.477231763411349874e+01
1.546587332239221801e+01
1.620510258237485957e+01
1.697164978408184766e+01
1.774139212760093898e+01
1.848530099127962600e+01
1.917135172907214979e+01
1.976745478357001318e+01
2.024507094061717538e+01
2.058285499698662591e+01
2.076949021324902844e+01
2.080496517493499553e+01
2.069993417302432448e+01
2.047336104135918688e+01
2.014913338951497224e+01
1.975253792891052385e+01
1.930735448090035078e+01
1.883397533890845921e+01
1.834858048363782146e+01
1.786314284455477264e+01
1.738594371334264110e+01
1.692230796047843455e+01
1.647535588909588711e+01
1.604666040981879505e+01
1.563676803959199013e+01
1.524558447706342967e+01
1.487264545606336874e+01
1.451729928531788261e+01
1.417882578428542750e+01
1.385651173240258771e+01
1.354969792981725618e+01
1.325780861706775760e+01
1.298037064165072607e+01
1.271702734733606555e+01
1.246755051999233999e+01
1.223185265460535298e+01
1.201000114155293730e+01
1.180223557326296913e+01
1.160898914631373735e+01
1.143091500486256784e+01
1.126891827975912008e+01
1.112419446957600577e+01
1.099827462661876432e+01
1.089307748093634665e+01
1.081096806378362807e+01
1.075482145168956727e+01
1.072808877462957255e+01
1.073486040156515919e+01
1.077991797665025153e+01
1.086876245644152128e+01
1.100759926900218844e+01
1.120325414096828531e+01
1.146298440606701874e+01
1.179414192042032461e+01
1.220363763108170119e+01
1.269715894051856608e+01
1.327810631908611327e+01
1.394625436596563794e+01
1.469621406068332092e+01
1.551588162651923319e+01
1.638519558812146570e+01
1.727565236877986621e+01
1.815108521782219952e+01
1.897010278028223595e+01
1.969024295553389337e+01
2.027334463526325692e+01
2.069104379603217581e+01
2.092895969591974037e+01
2.098832847325750706e+01
2.088460063839524139e+01
2.064353322330809704e+01
2.029607339076868655e+01
1.987349188041126880e+01
1.940380396238129279e+01
1.890984103228548463e+01
1.840876925293810729e+01
1.791257289175066703e+01
1.742900596536917135e+01
1.696264503354979070e+01
1.651583438336788490e+01
1.608944013424449437e+01
1.568340615103708835e+01
1.529714060275861343e+01
1.492977249284218288e+01
1.458031511722914431e+01
1.424776622637361179e+01
1.393116688003331838e+01
1.362963433916253031e+01
1.334237928545821639e+01
1.306871407145117914e+01
1.280805627350007114e+01
1.255993022984515051e+01
1.232396823496041272e+01
1.209991243576062381e+01
1.188761809882478993e+01
1.168705869880875348e+01
1.149833315571272507e+01
1.132167548227713638e+01
1.115746706503959551e+01
1.100625177348375949e+01
1.086875405479320378e+01
1.074590011123098598e+01
1.063884215580789494e+01
1.054898557901621281e+01
1.047801860940057495e+01
1.042794368187899323e+01
1.040110920152049623e+01
1.040023966218567786e+01
1.042846110059828568e+01
1.048931759090869598e+01
1.058677288033292996e+01
1.072518933425474685e+01
1.090927416511343040e+01
1.114398063910613423e+01
1.143434993379578124e+01
1.178527814446167454e+01
1.220119350144507031e+01
1.268563239787886232e+01
1.324071084946597310e+01
1.386650207465071460e+01
1.456035210016128012e+01
1.531619347944567089e+01
1.612394975988089740e+01
1.696915409505932715e+01
1.783292414102835011e+01
1.869242883838003166e+01
1.952193812600038569e+01
2.029445807127219581e+01
2.098382941017565528e+01
2.156703373519337319e+01
2.202635062259257026e+01
2.235098470367384849e+01
2.253785901671739111e+01
2.259143873500449828e+01
2.252265861385789236e+01
2.234721033418962222e+01
2.208354588244884198e+01
2.175094954408194425e+01
2.136794359990814485e+01
2.095116568565133619e+01
2.051473453934029223e+01
2.007003495686674910e+01
1.962581071818317469e+01
1.918844889832000433e+01
1.876235643382942087e+01
1.835035662572237314e+01
1.795406000678511660e+01
1.757418580381705908e+01
1.721082564344981947e+01
1.686365072494523076e+01
1.653206876515124435e+01
1.621533905328821490e+01
1.591265413964913478e+01
1.562319589326942548e+01
1.534617246571369975e+01
1.508084142496721647e+01
1.482652314913518410e+01
1.458260756848015482e+01
1.434855653319645441e+01
1.412390345068229536e+01
1.390825135475953722e+01
1.370127021197904860e+01
1.350269401013412818e+01
1.331231798835305824e+01
1.312999623782199166e+01
1.295563981244272789e+01
1.278921542812490131e+01
1.263074478931062572e+01
1.248030455528410698e+01
1.233802694204791628e+01
1.220410094450554261e+01
1.207877415572064805e+01
1.196235515309383857e+01
1.185521641378999647e+01
1.175779771230453541e+01
1.167060994045810496e+01
1.159423927319444125e+01
1.152935158115907655e+01
1.147669696195216460e+01
1.143711422492194529e+01
1.141153511811062415e+01
1.140098802921862209e+01
1.140660082407489284e+01
1.142960240522722337e+01
1.147132247954395012e+01
1.153318891762769560e+01
1.161672197113203531e+01
1.172352449032463895e+01
1.185526715956602040e+01
1.201366765223493083e+01
1.220046251275557658e+01
1.241737052066989122e+01
1.266604630499173645e+01
1.294802308753866171e+01
1.326464367868054772e+01
1.361697926949667803e+01
1.400573620329883617e+01
1.443115180485268390e+01
1.489288152221614681e+01
1.538988109384049885e+01
1.592028915312523374e+01
1.648131752976011910e+01
1.706915833871124732e+01
1.767891852332918035e+01
1.830459352532207262e+01
1.893909182706671501e+01
1.957432088245850110e+01
2.020134212046071909e+01
2.081059812965871814e+01
2.139220892792424067e+01
2.193632683691915730e+01
2.243353172122413852e+01
2.287524131905460933e+01
2.325410633124587534e+01
2.356435799568884093e+01
2.380207782831101682e+01
2.396536521298112277e+01
2.405438798025895508e+01
2.407131274184401093e+01
2.402012379532337860e+01
2.390635003849431683e+01
2.373672699287823562e+01
2.351882480854605717e+01
2.326067284757843012e+01
2.297040767582148035e+01
2.265596508989598945e+01
2.232482943877088744e+01
2.198384616693001448e+01
2.163909713523734979e+01
2.129583342120787393e+01
2.095845715157411249e+01
2.063054237454908346e+01
2.031488474960560708e+01
2.001357055077109592e+01
1.972805677860239726e+01
1.945925574279716130e+01
1.920761907570018323e+01
1.897321761048931421e+01
1.875581481974033693e+01
1.855493252681845107e+01
1.836990837696257373e+01
1.819994511155482186e+01
1.804415206285528939e+01
1.790157951501684863e+01
1.777124669591101735e+01
1.765216420397483077e+01
1.754335166012637615e+01
1.744385132644783454e+01
1.735273836548758908e+01
1.726912833721224771e+01
1.719218245204978501e+01
1.712111102277064845e+01
1.705517548794305682e+01
1.699368931682640138e+01
1.693601805037246066e+01
1.688157868542950979e+01
1.682983856886294660e+01
1.678031393448543085e+01
1.673256818770311227e+01
1.668621001988483599e+01
1.664089141592474874e+01
1.659630560362396423e+01
1.655218498175658581e+01
1.650829905447263002e+01
1.646445239255722370e+01
1.642048263661046903e+01
1.637625855309373790e+01
1.633167815111936250e+01
1.628666686560217869e+01
1.624117581074659356e+01
1.619518010665056806e+01
1.614867728093878441e+01
1.610168574668780295e+01
1.605424335739524366e+01
1.600640603931071482e+01
1.595824650104104059e+01
1.590985301993182510e+01
1.586132830428703500e+01
1.581278843000092138e+01
1.576436184963160869e+01
1.571618847133619568e+01
1.566841880440946078e+01
1.562121316742043398e+01
1.557474095412196391e+01
1.552917995141734409e+01
1.548471570270399233e+01
1.544154090887587394e+01
1.539985485815199873e+01
1.535986287470615430e+01
1.532177577480138631e+01
1.528580931778111385e+01
1.525218363783866948e+01
1.522112264098295142e+01
1.519285335004931525e+01
1.516760517898762117e+01
1.514560911601830284e+01
1.512709679361822523e+01
1.511229942173111063e+01
1.510144655915947531e+01
1.509476469687423084e+01
1.509247562608590165e+01
1.509479456349698445e+01
1.510192800636748345e+01
1.511407129107707981e+01
1.513140583099274750e+01
1.515409601291759856e+01
1.518228573650105062e+01
1.521609458804877235e+01
1.525561364950746501e+01
1.530090095532797889e+01
1.535197662470623570e+01
1.540881771456881211e+01
1.547135285969668672e+01
1.553945679048605655e+01
1.561294484572073848e+01
1.569156762677522821e+01
1.577500596992365089e+01
1.586286644352762210e+01
1.595467760499561827e+01
1.604988727626983191e+01
1.614786111350513309e+01
1.624788275353614964e+01
1.634915581350507097e+01
1.645080799756192036e+01
1.655189752319311225e+01
1.665142201764795260e+01
1.674832995154079285e+01
1.684153457312085678e+01
1.692993018608135003e+01
1.701241048154089341e+01
1.708788849863779546e+01
1.715531765764085748e+01
1.721371319552765655e+01
1.726217324791317154e+01
1.729989877350239169e+01
1.732621151621262356e+01
1.734056925066483856e+01
1.734257765934491857e+01
1.733199833986629557e+01
1.730875262897946243e+01
1.727292114262607825e+01
1.722473915192949079e+01
1.716458812600000883e+01
1.709298395720441732e+01
1.701056252932267299e+01
1.691806338432110479e+01
1.681631228502454078e+01
1.670620345981591015e+01
1.658868225745949943e+01
1.646472884473514142e+01
1.633534345850895164e+01
1.620153358955426626e+01
1.606430333954962464e+01
1.592464506506993338e+01
1.578353331038604956e+01
1.564192093903708525e+01
1.550073730427523344e+01
1.536088825009931469e+01
1.522325770536492762e+01
1.508871061981677819e+01
1.495809698856427516e+01
1.483225671600385454e+01
1.471202507706528806e+01
1.459823853882243050e+01
1.449174070528641600e+01
1.439338813938088890e+01
1.430405579593777432e+01
1.422464176576466244e+01
1.415607098164322863e+01
1.409929747137783274e+01
1.405530466047470917e+01
1.402510312877682708e+01
1.400972511448388680e+01
1.401021494144665880e+01
1.402761443155905674e+01
1.406294226918131329e+01
1.411716623169854934e+01
1.419116722112501172e+01
1.428569416733244779e+01
1.440130917460269444e+01
1.453832280716069825e+01
1.469672021410829110e+01
1.487607992701585147e+01
1.507548864325389815e+01
1.529345710130201574e+01
1.552784414556836801e+01
1.577579804259135443e+01
1.603372569501837219e+01
1.629730113118646528e+01
1.656152398238743473e+01
1.682083608764622085e+01
1.706929957434019229e+01
1.730083283005822636e+01
1.750949234497058882e+01
1.768977972629069484e+01
1.783694602455611289e+01
1.794726175982113148e+01
1.801822218551428634e+01
1.804866390291988054e+01
1.803878013903442579e+01
1.799003574595529287e+01
1.790499642327556273e+01
1.778709701143793609e+01
1.764037903651250616e+01
1.746922746925257286e+01
1.727813174341275371e+01
1.707148825307885787e+01
1.685345289146348335e+01
1.662784446001685623e+01
1.639809404977983220e+01
1.616723212726467906e+01
1.593790382169727060e+01
1.571240326451616021e+01
1.549271914612770118e+01
1.528058537661672389e+01
1.507753246677678582e+01
1.488493674546027634e+01
1.470406569317129630e+01
1.453611848417932251e+01
1.438226132449441863e+01
1.424365740547057868e+01
1.412149131905889199e+01
1.401698764992287494e+01
1.393142321108251735e+01
1.386613205499109114e+01
1.382250199938802382e+01
1.380196098870713861e+01
1.380595121014754945e+01
1.383588856126219468e+01
1.389310491380026313e+01
1.397877076239909400e+01
1.409379644984967328e+01
1.423871141661885353e+01
1.441352303148731018e+01
1.461755968221651258e+01
1.484930698105351610e+01
1.510625098374505448e+01
1.538474769610241566e+01
1.567994286017437133e+01
1.598576861693698703e+01
1.629504236932224615e+01
1.659968634959575695e+01
1.689107311355922292e+01
1.716048305784505956e+01
1.739963782534539760e+01
1.760125296838611675e+01
1.775954044626112349e+01
1.787059163491565528e+01
1.793258671027387763e+01
1.794580420871140802e+01
1.791243861831705075e+01
1.783626515411767244e+01
1.772221156644039297e+01
1.757590286195010165e+01
1.740323695129696091e+01
1.721003206060781565e+01
1.700176636189485535e+01
1.678341200544238632e+01
1.655935273044627465e+01
1.633336729648656416e+01
1.610865922199732481e+01
1.588791505158515704e+01
1.567337688363443426e+01
1.546691884582262588e+01
1.527012079204859063e+01
1.508433533513025004e+01
1.491074635280510563e+01
1.475041840268525029e+01
1.460433721198858059e+01
1.447344173139262047e+01
1.435864829629916883e+01
1.426086732792661493e+01
1.418101280620355276e+01
1.412000450934754703e+01
1.407876277997932313e+01
1.405819537639981220e+01
1.405917583084426425e+01
1.408251269761731983e+01
1.412890917146668812e+01
1.419891283348340671e+01
1.429285578263694845e+01
1.441078617431011466e+01
1.455239323393048601e+01
1.471692913136045711e+01
1.490313262429920727e+01
1.510916096807470588e+01
1.533253802010671762e+01
1.557012743000382748e+01
1.581813993113137862e+01
1.607218266591683076e+01
1.632735590625549804e+01
1.657839840069281934e+01
1.681987713816335628e+01
1.704641119136027427e+01
1.725291346837256867e+01
1.743482983130084563e+01
1.758835323468036549e+01
1.771059200266851619e+01
1.779967615331637276e+01
1.785479308401223619e+01
1.787615261635378516e+01
1.786488972608444570e+01
1.782291975494534952e+01
1.775276453285015421e+01
1.765736836198309589e+01
1.753992064386299887e+01
1.740369794526867508e+01
1.725193354089247677e+01
1.708771787011522392e+01
1.691392954972266338e+01
1.673319390719693445e+01
1.654786446495670305e+01
1.636002224520936821e+01
1.617148791676710573e+01
1.598384239787621652e+01
1.579845233162429530e+01
1.561649769330215598e+01
1.543899956516458616e+01
1.526684676820661046e+01
1.510082055501125531e+01
1.494161694795685591e+01
1.478986657087988377e+01
1.464615199197635498e+01
1.451102269337461514e+01
1.438500782782109155e+01
1.426862693105830360e+01
1.416239874185897385e+01
1.406684824922738741e+01
1.398251204434081707e+01
1.390994200783515389e+01
1.384970731420924750e+01
1.380239468684404436e+01
1.376860679149780609e+01
1.374895861527874352e+01
1.374407164446704321e+01
1.375456563115851871e+01
1.378104772922280219e+01
1.382409878895460054e+01
1.388425663219845418e+01
1.396199619130909575e+01
1.405770649186427868e+01
1.417166459588078631e+01
1.430400680333032959e+01
1.445469763640277883e+01
1.462349740065413073e+01
1.480992942181260297e+01
1.501324838144411089e+01
1.523241149547922468e+01
1.546605456461848505e+01
1.571247513468565771e+01
1.596962509228967164e+01
1.623511493967897223e+01
1.650623170072428891e+01
1.677997187937517509e+01
1.705309011703119637e+01
1.732216320100579310e+01
1.758366792343625917e+01
1.783407007538533762e+01
1.806992071061626248e+01
1.828795486911818813e+01
1.848518734865237789e+01
1.865899996200877453e+01
1.880721507687092497e+01
1.892815109725651013e+01
1.902065683345506031e+01
1.908412328268757108e+01
1.911847302589453790e+01
1.912412904548262560e+01
1.910196611150024992e+01
1.905324884134326169e+01
1.897956104363334973e+01
1.888273100836475038e+01
1.876475705795937543e+01
1.862773702331326930e+01
1.847380447111169843e+01
1.830507359957872637e+01
1.812359383966728643e+01
1.793131442234057005e+01
1.773005854601722575e+01
1.752150632022158305e+01
1.730718536865074242e+01
1.708846782843638223e+01
1.686657245476862954e+01
1.664257060063887650e+01
1.641739496080892025e+01
1.619185012164048132e+01
1.596662412369577133e+01
1.574230040703892541e+01
1.551936965991497175e+01
1.529824122413177356e+01
1.507925382244486556e+01
1.486268546430185111e+01
1.464876245773181651e+01
1.443766750914502772e+01
1.422954693192567710e+01
1.402451701161305841e+01
1.382266959268762996e+01
1.362407696175417016e+01
1.342879610616822461e+01
1.323687242747562465e+01
1.304834298670467518e+01
1.286323935456315581e+01
1.268159013470394392e+01
1.250342322299229458e+01
1.232876786053366658e+01
1.215765653337851759e+01
1.199012676748965411e+01
1.182622286384826360e+01
1.166599761554530090e+01
1.150951404637797637e+01
1.135684720884462706e+01
1.120808607848607608e+01
1.106333558122706329e+01
1.092271879068790419e+01
1.078637933331665444e+01
1.065448404057897136e+01
1.052722588926751079e+01
1.040482727316894795e+01
1.028754365174397911e+01
1.017566762398932312e+01
1.006953347806979870e+01
9.969522269378787271e+00
9.876067481069668474e+00
9.789661321352292944e+00
9.710861710379491640e+00
9.640300005590180632e+00
9.578689506930370356e+00
9.526834771158057436e+00
9.485641745816268511e+00
9.456128706365365844e+00
9.439437941823809908e+00
9.436848081900329532e+00
9.449786888156943121e+00
9.479844238631400799e+00
9.528784914227628633e+00
9.598560640024604851e+00
9.691320638937817478e+00
9.809419712285780690e+00
9.955422565782800604e+00
1.013210274609105888e+01
1.034243414165095132e+01
1.058957253750086736e+01
1.087682421229499852e+01
1.120759805622454053e+01
1.158533722087135409e+01
1.201342596327659074e+01
1.249506722835608485e+01
1.303312677872063574e+01
1.362994052503129083e+01
1.428708336836043991e+01
1.500510059560129328e+01
1.578320691200586090e+01
1.661896371616371226e+01
1.750795221579031846e+01
1.844346814759587616e+01
1.941627247065743234e+01
2.041444017101305519e+01
2.142335437642051232e+01
2.242589298724264779e+01
2.340284750337420761e+01
2.433359668327325664e+01
2.519703048149315094e+01
2.597268401900242907e+01
2.664200168534311786e+01
2.718961519028275120e+01
2.760449543980497822e+01
2.788083483930760309e+01
2.801853888252596647e+01
2.802325263500663155e+01
2.790591122265238866e+01
2.768187073628321571e+01
2.736973249196898550e+01
2.699000757633161385e+01
2.656377457628875405e+01
2.611146332095708544e+01
2.565185933707853394e+01
2.520137833646703029e+01
2.477361754159102603e+01
2.437915799781045223e+01
2.402557217735981610e+01
2.371758360653383235e+01
2.345732718806339889e+01
2.324466677209554533e+01
2.307753701491821019e+01
2.295228712223732259e+01
2.286401312200210967e+01
2.280687210349542227e+01
2.277437625686651046e+01
2.275966679376563206e+01
2.275576836968419414e+01
2.275582398641504156e+01
2.275330905917848057e+01
2.274222187899779257e+01
2.271724650784331700e+01
2.267388353470426310e+01
2.260854429470875360e+01
2.251860516891283837e+01
2.240242035175250734e+01
2.225929377806310683e+01
2.208941342974086197e+01
2.189375364148078518e+01
2.167395296560051676e+01
2.143217638669274550e+01
2.117097106513899973e+01
2.089312433456240825e+01
2.060153150285757917e+01
2.029907931725415438e+01
1.998854900052545247e+01
1.967254079379959464e+01
1.935342015695454165e+01
1.903328432314678054e+01
1.871394685308563055e+01
1.839693719739483413e+01
1.808351201322090063e+01
1.777467502478250339e+01
1.747120248393670749e+01
1.717367169366607271e+01
1.688249053223594132e+01
1.659792640125530738e+01
1.632013347612326726e+01
1.604917753690531512e+01
1.578505798899645285e+01
1.552772694320649727e+01
1.527710541807399203e+01
1.503309686125247069e+01
1.479559827163478047e+01
1.456450924983188067e+01
1.433973932147236674e+01
1.412121387415838569e+01
1.390887903201086750e+01
1.370270576731251921e+01
1.350269352119412325e+01
1.330887357778784086e+01
1.312131241095886836e+01
1.294011520097235213e+01
1.276542970095426277e+01
1.259745061994961368e+01
1.243642468054256511e+01
1.228265650379768381e+01
1.213651547178110768e+01
1.199844371681067123e+01
1.186896538507366472e+01
1.174869731791531002e+01
1.163836128365717570e+01
1.153879787180157557e+01
1.145098212389144798e+01
1.137604091301714782e+01
1.131527198617955676e+01
1.127016443620414421e+01
1.124242015425485874e+01
1.123397550697623970e+01
1.124702205543293587e+01
1.128402455295926821e+01
1.134773368921193182e+01
1.144119005245063470e+01
1.156771453457365517e+01
1.173087889991986366e+01
1.193444852134769540e+01
1.218228747789456712e+01
1.247821455801520507e+01
1.282579766078029415e+01
1.322807432941646155e+01
1.368718868794509014e+01
1.420394118359136648e+01
1.477725873699328929e+01
1.540361046335623563e+01
1.607641850117603965e+01
1.678554325131156943e+01
1.751695293974743350e+01
1.825271016052629847e+01
1.897141013632631612e+01
1.964917237909833148e+01
2.026120873545978185e+01
2.078386827267374670e+01
2.119691503451715064e+01
2.148567170871220355e+01
2.164261431096547383e+01
2.166807023098650831e+01
2.156985465920224598e+01
2.136192752734812927e+01
2.106237918135678200e+01
2.069117812388163458e+01
2.026810343873802012e+01
1.981116155483625718e+01
1.933561447482898998e+01
1.885359022100600157e+01
1.837414652258222958e+01
1.790362327316082514e+01
1.744613239265524030e+01
1.700407190114987799e+01
1.657859427637149707e+01
1.616999566757168694e+01
1.577801794835246163e+01
1.540207037573588877e+01
1.504138435066175816e+01
1.469511633711378984e+01
1.436241276043503490e+01
1.404244829018191965e+01
1.373444627753885605e+01
1.343768774341461558e+01
1.315151338386430524e+01
1.287532159347472849e+01
1.260856444775806118e+01
1.235074285025863006e+01
1.210140155786174887e+01
1.186012447972202288e+01
1.162653044741306907e+01
1.140026953657607223e+01
1.118101995540683369e+01
1.096848548361366049e+01
1.076239343438049545e+01
1.056249311336773467e+01
1.036855475802934556e+01
1.018036895481221471e+01
9.997746549867596144e+00
9.820519090470346768e+00
9.648539859848821010e+00
9.481685598582874519e+00
9.319859042645818548e+00
9.162992453586724650e+00
9.011052372895980156e+00
8.864045903581651231e+00
8.722028911542748730e+00
8.585116652567306161e+00
8.453497473939815876e+00
8.327450420167419765e+00
8.207367798885607968e+00
8.093784045173405772e+00
7.987412570066272366e+00
7.889192700322692708e+00
7.800349315187093069e+00
7.722468355330299516e+00
7.657591992208998555e+00
7.608337838074519688e+00
7.578047017341615010e+00
7.570965967662774077e+00
7.592466071556605911e+00
7.649302929318435140e+00
7.749912132311814084e+00
7.904729026432634420e+00
8.126503601381013908e+00
8.430554825176830747e+00
8.834867323250069404e+00
9.359873580714095809e+00
1.002768649045769500e+01
1.086045925538725854e+01
1.187748194804744273e+01
1.309064182115206698e+01
1.449809259124985061e+01
1.607655204666721716e+01
1.777370122601442759e+01
1.950359653213348565e+01
2.114922307355173814e+01
2.257602870307076159e+01
2.365700474302334300e+01
2.430353442719868440e+01
2.448997717557807263e+01
2.425952430753174127e+01
2.370735480151272512e+01
2.294965709921191888e+01
2.209369806840808792e+01
2.122010566734681802e+01
2.037911167840252702e+01
1.959579980113565867e+01
1.887831601682740512e+01
1.822521451972222195e+01
1.763060125979755455e+01
1.708718814636820937e+01
1.658785814934408265e+01
1.612632851529187761e+01
1.569733181867044713e+01
1.529657078354872191e+01
1.492058671123294644e+01
1.456661062944492180e+01
1.423242722899938784e+01
1.391626179571809097e+01
1.361669114105466605e+01
1.333257585028593439e+01
1.306301014663115367e+01
1.280728581639881369e+01
1.256486721293006958e+01
1.233537501355736410e+01
1.211857700288300599e+01
1.191438465186068285e+01
1.172285465149317751e+01
1.154419485350079455e+01
1.137877428158610904e+01
1.122713701628249972e+01
1.109001982860753799e+01
1.096837344093683519e+01
1.086338721835950061e+01
1.077651692289331287e+01
1.070951487019578074e+01
1.066446137845487030e+01
1.064379574765320058e+01
1.065034410292844314e+01
1.068734022464819589e+01
1.075843392431763412e+01
1.086767958993172023e+01
1.101949525354834947e+01
1.121858006656386308e+01
1.146977570967912996e+01
1.177785556702545300e+01
1.214722534129287190e+01
1.258152145360034524e+01
1.308310069881516924e+01
1.365242802022378221e+01
1.428739040532522253e+01
1.498259404853989452e+01
1.572873684079590006e+01
1.651218278814238971e+01
1.731488822977645725e+01
1.811482689212890662e+01
1.888701688770604648e+01
1.960515971527651047e+01
2.024376688762025367e+01
2.078050344439874664e+01
2.119836722412346930e+01
2.148729871501089050e+01
2.164490646412822983e+01
2.167618227583296786e+01
2.159230986013862008e+01
2.140886173586975971e+01
2.114377109076838579e+01
2.081544164368830607e+01
2.044124898658721889e+01
2.003654508287531044e+01
1.961415309949301999e+01
1.918426010033321916e+01
1.875458382558651493e+01
1.833069483718087511e+01
1.791640000390022180e+01
1.751412355441900814e+01
1.712524908774606303e+01
1.675040634909513315e+01
1.638969990993063064e+01
1.604288439953891654e+01
1.570949433300561182e+01
1.538893741364697654e+01
1.508055961997885319e+01
1.478368919089738043e+01
1.449766525871529232e+01
1.422185559163400193e+01
1.395566680200008491e+01
1.369854948287014018e+01
1.345000004150509021e+01
1.320956047588359539e+01
1.297681695625700904e+01
1.275139779720622180e+01
1.253297121018836080e+01
1.232124309091465619e+01
1.211595500361640099e+01
1.191688246294195075e+01
1.172383357475610666e+01
1.153664807287778160e+01
1.135519677508166225e+01
1.117938147519004843e+01
1.100913528648776563e+01
1.084442345342145586e+01
1.068524465251361022e+01
1.053163280889566522e+01
1.038365946133476037e+01
1.024143671572745617e+01
1.010512083446541531e+01
9.974916516565928148e+00
9.851081930697564104e+00
9.733934569835836825e+00
9.623858001749555413e+00
9.521309593161257467e+00
9.426829286319442502e+00
9.341049503624162753e+00
9.264706247211735857e+00
9.198651443865973221e+00
9.143866558480905127e+00
9.101477457974125329e+00
9.072770447533425653e+00
9.059209316790072464e+00
9.062453118169690569e+00
9.084374245235371959e+00
9.127076176062098867e+00
9.192909985378012294e+00
9.284488398835268441e+00
9.404695753533493630e+00
9.556691733587348025e+00
9.743906166306098626e+00
9.970021501263481412e+00
1.023893887451583851e+01
1.055472293012056895e+01
1.092151991056986482e+01
1.134344306050734907e+01
1.182441929288053650e+01
1.236799158523553110e+01
1.297707301102361299e+01
1.365365101948357385e+01
1.439844491912276148e+01
1.521052578838217961e+01
1.608691634088863509e+01
1.702219836967776345e+01
1.800816649983265094e+01
1.903357758576819236e+01
2.008405288421042201e+01
2.114219211100968110e+01
2.218795138401109668e+01
2.319931815934193153e+01
2.415328458622592223e+01
2.502707816333027324e+01
2.579956084147530504e+01
2.645266399505279864e+01
2.697269810947199176e+01
2.735137264143289926e+01
2.758638862742019526e+01
2.768152203939001055e+01
2.764618933081734653e+01
2.749456213825904172e+01
2.724435886950718455e+01
2.691547446398177001e+01
2.652861146843652662e+01
2.610404974948596291e+01
2.566064876484721324e+01
2.521512752406768954e+01
2.478162367793214216e+01
2.437150110120049717e+01
2.399335698587049137e+01
2.365317349472801567e+01
2.335456217331974216e+01
2.309905784113517058e+01
2.288642933069289143e+01
2.271498490015764204e+01
2.258185906502265539e+01
2.248327441672119420e+01
2.241477669054521371e+01
2.237144417904518434e+01
2.234807395263575813e+01
2.233934765694785085e+01
2.233997927905593173e+01
2.234484652421723538e+01
2.234910656899636550e+01
2.234829614282201149e+01
2.233841527014486417e+01
2.231599366088698488e+01
2.227813870244065697e+01
2.222256427392153810e+01
2.214760012728119065e+01
2.205218228560995541e+01
2.193582570334987736e+01
2.179858121698670104e+01
2.164097949567997858e+01
2.146396520490416293e+01
2.126882487443059944e+01
2.105711199686474799e+01
2.083057268574463450e+01
2.059107482867523231e+01
2.034054313377286505e+01
2.008090184753370977e+01
1.981402627939795380e+01
1.954170365568102596e+01
1.926560328414093348e+01
1.898725556710376949e+01
1.870803906864227883e+01
1.842917462044605514e+01
1.815172533296350466e+01
1.787660134809186729e+01
1.760456820884056128e+01
1.733625781096542440e+01
1.707218102369489188e+01
1.681274120584415854e+01
1.655824798733007341e+01
1.630893082498100455e+01
1.606495196914827162e+01
1.582641859008572638e+01
1.559339390855243757e+01
1.536590725335406482e+01
1.514396303041472969e+01
1.492754863500907803e+01
1.471664137291409524e+01
1.451121447953506483e+01
1.431124234056506950e+01
1.411670502535654137e+01
1.392759224661395301e+01
1.374390685871733098e+01
1.356566800316985066e+01
1.339291400430558632e+01
1.322570511225325340e+01
1.306412618379022383e+01
1.290828938552723493e+01
1.275833699807525967e+01
1.261444439456511368e+01
1.247682326209828041e+01
1.234572513026910912e+01
1.222144526656190067e+01
1.210432699381446930e+01
1.199476647953346564e+01
1.189321803995991189e+01
1.180019999252666096e+01
1.171630107758505446e+01
1.164218745256304288e+01
1.157861023723715732e+01
1.152641355529553735e+01
1.148654297205413854e+01
1.146005416768008267e+01
1.144812160553782476e+01
1.145204685160047298e+01
1.147326606794967141e+01
1.151335603550082709e+01
1.157403785250138384e+01
1.165717720102558097e+01
1.176477977046644163e+01
1.189898007541307834e+01
1.206202151211895135e+01
1.225622507983927179e+01
1.248394378237744284e+01
1.274749937400536126e+01
1.304909790337397268e+01
1.339072055514840542e+01
1.377398674842627102e+01
1.419998752099539807e+01
1.466908913825679761e+01
1.518070985029649833e+01
1.573307697160035090e+01
1.632297704242609981e+01
1.694551857793441485e+01
1.759393427389810682e+01
1.825945645967302156e+01
1.893130443007792962e+01
1.959682289223121643e+01
2.024180476433712528e+01
2.085101699042778733e+01
2.140892419933012647e+01
2.190057350399021274e+01
2.231256900781484731e+01
2.263403396481778174e+01
2.285744080749430651e+01
2.297919211410822982e+01
2.299986258522804761e+01
2.292406028929299566e+01
2.275992511515052286e+01
2.251833953899065932e+01
2.221196768127315480e+01
2.185425428374815482e+01
2.145850440518758973e+01
2.103713337945095674e+01
2.060113534158694648e+01
2.015977823061176721e+01
1.972050158907543604e+01
1.928897437009419846e+01
1.886926305606423426e+01
1.846406288476551083e+01
1.807495315076381459e+01
1.770264799520812460e+01
1.734722434319915507e+01
1.700831727690314565e+01
1.668527959748192657e+01
1.637730666267706781e+01
1.608353012905951473e+01
1.580308542365101943e+01
1.553515804806863798e+01
1.527901353491034442e+01
1.503401529596895259e+01
1.479963390642165777e+01
1.457545067196659794e+01
1.436115769051555624e+01
1.415655607582807107e+01
1.396155356492178079e+01
1.377616237897561824e+01
1.360049793683801056e+01
1.343477881641643634e+01
1.327932820681228065e+01
1.313457697824011206e+01
1.300106840358084881e+01
1.287946448170471747e+01
1.277055372573087944e+01
1.267526017635715263e+01
1.259465326787281825e+01
1.252995799796814325e+01
1.248256461618026059e+01
1.245403673285946589e+01
1.244611634381342213e+01
1.246072375013407907e+01
1.249994971885301176e+01
1.256603648119222427e+01
1.266134332715177813e+01
1.278829169133961940e+01
1.294928385591519238e+01
1.314658892421424241e+01
1.338218985111143944e+01
1.365758648518955098e+01
1.397355233386735129e+01
1.432984772396500084e+01
1.472489975290951314e+01
1.515547016286734028e+01
1.561634560310122666e+01
1.610009912565378087e+01
1.659698408891878785e+01
1.709502716927976707e+01
1.758038007555737536e+01
1.803796455375554686e+01
1.845240035303443804e+01
1.880914535107380914e+01
1.909571361517042831e+01
1.930279028355713322e+01
1.942505222585272051e+01
1.946154264365892317e+01
1.941553174218924127e+01
1.929390175843863275e+01
1.910618988284079833e+01
1.886347753864579246e+01
1.857731614654157681e+01
1.825883551887913470e+01
1.791811331626510295e+01
1.756381709925766188e+01
1.720308164809087970e+01
1.684155948418592175e+01
1.648357882211446324e+01
1.613235293711113627e+01
1.579020036413300865e+01
1.545875081136778562e+01
1.513912419654899644e+01
1.483207892134761785e+01
1.453813074162654395e+01
1.425764622218287592e+01
1.399091567936144997e+01
1.373821044154946769e+01
1.349982870353204234e+01
1.327613352801608215e+01
1.306758582338241759e+01
1.287477447216494042e+01
1.269844521303985552e+01
1.253952937027978543e+01
1.239917304018123012e+01
1.227876683414070946e+01
1.217997568466417491e+01
1.210476747792439944e+01
1.205543831227213936e+01
1.203463092109816479e+01
1.204534117144518213e+01
1.209090551237311750e+01
1.217495981340399602e+01
1.230135733113667840e+01
1.247403089457571568e+01
1.269678243486404412e+01
1.297298275941421508e+01
1.330516756737423911e+01
1.369452422246698475e+01
1.414028009171933675e+01
1.463902921359119524e+01
1.518406975850150076e+01
1.576486649039870613e+01
1.636679063256163147e+01
1.697130770420385559e+01
1.755676090845019388e+01
1.809981529802817235e+01
1.857748367615499419e+01
1.896947531142120269e+01
1.926045162427111279e+01
1.944171303736962386e+01
1.951193046983375368e+01
1.947676525011563342e+01
1.934751326999387189e+01
1.913914759996992387e+01
1.886822950196373228e+01
1.855109482281341471e+01
1.820255673168920296e+01
1.783518128470103647e+01
1.745905518254547317e+01
1.708189970626719756e+01
1.670938043451588939e+01
1.634549291665717163e+01
1.599294563365884869e+01
1.565349821665856922e+01
1.532823909625835590e+01
1.501780248348954849e+01
1.472253232474904117e+01
1.444260350739546439e+01
1.417811043756452705e+01
1.392913171055631416e+01
1.369577783615365973e+01
1.347822730636580424e+01
1.327675487243320873e+01
1.309175476026237561e+01
1.292376066243170740e+01
1.277346364102969289e+01
1.264172849650211816e+01
1.252960864647920047e+01
1.243835906626783938e+01
1.236944632874645578e+01
1.232455421403898121e+01
1.230558271746427756e+01
1.231463756150738220e+01
1.235400652950367295e+01
1.242611813357480166e+01
1.253347740228640994e+01
1.267857308355016066e+01
1.286375054479293745e+01
1.309104544476483412e+01
1.336197526154992588e+01
1.367728944355486220e+01
1.403668470811530611e+01
1.443850003620431011e+01
1.487941594120191091e+01
1.535419362922972120e+01
1.585549973748598518e+01
1.637386840470506399e+01
1.689785073661305148e+01
1.741438868541501606e+01
1.790942401100979353e+01
1.836871475270863385e+01
1.877878756303924490e+01
1.912791479911841819e+01
1.940698288449331699e+01
1.961012321665783276e+01
1.973501175167260868e+01
1.978280152980348561e+01
1.975771863406559703e+01
1.966640824455075176e+01
1.951714938144502298e+01
1.931905940795812882e+01
1.908138688807181893e+01
1.881295482887356485e+01
1.852177779711774619e+01
1.821484501797226940e+01
1.789804165598882690e+01
1.757617200446412653e+01
1.725304857983079287e+01
1.693161660521230161e+01
1.661409095828447491e+01
1.630209020383752261e+01
1.599675867351567327e+01
1.569887229364309178e+01
1.540892705908450289e+01
1.512721098706946776e+01
1.485386139652103310e+01
1.458890975194162465e+01
1.433231632779954268e+01
1.408399676221806374e+01
1.384384229129069688e+01
1.361173515660273559e+01
1.338756039655747365e+01
1.317121498480401165e+01
1.296261507222758524e+01
1.276170192164797790e+01
1.256844699233871054e+01
1.238285652924781211e+01
1.220497593377626622e+01
1.203489413399997154e+01
1.187274812780274580e+01
1.171872783868685275e+01
1.157308139779358669e+01
1.143612094410680413e+01
1.130822901544868309e+01
1.118986558340274051e+01
1.108157576344340711e+01
1.098399820495308354e+01
1.089787413190058452e+01
1.082405696086977365e+01
1.076352236561312203e+01
1.071737858268601329e+01
1.068687665690101518e+01
1.067342020390633195e+01
1.067857411560216541e+01
1.070407144809916566e+01
1.075181750814591908e+01
1.082388989095884924e+01
1.092253292205902682e+01
1.105014462524799335e+01
1.120925399335436090e+01
1.140248600415601921e+01
1.163251154221269346e+01
1.190197921848078799e+01
1.221342610621261748e+01
1.256916474062399480e+01
1.297114449032437911e+01
1.342078674403043337e+01
1.391879540715329178e+01
1.446494707734054685e+01
1.505786899699706716e+01
1.569481736041896625e+01
1.637147347915983531e+01
1.708178011738267088e+01
1.781784414551697893e+01
1.856993341461921787e+01
1.932659418531865825e+01
2.007490943083588419e+01
2.080090722191624053e+01
2.149011241731003352e+01
2.212821546079790380e+01
2.270181196868315610e+01
2.319914974929359275e+01
2.361080999200171249e+01
2.393024988613813520e+01
2.415414628213009962e+01
2.428250296463641789e+01
2.431851381622765729e+01
2.426820497705145385e+01
2.413990512098711605e+01
2.394360954887245896e+01
2.369030877732323859e+01
2.339134628252199377e+01
2.305785587955440263e+01
2.270031085917319658e+01
2.232819840281026558e+01
2.194981695970640700e+01
2.157218286718307709e+01
2.120102590995166381e+01
2.084085118551860916e+01
2.049504550143694814e+01
2.016600938574914892e+01
1.985529959173409154e+01
1.956377093301572856e+01
1.929170989183095486e+01
1.903895544380602800e+01
1.880500485877683303e+01
1.858910390436883020e+01
1.839032199188924821e+01
1.820761347821909126e+01
1.803986668585336162e+01
1.788594232421175434e+01
1.774470296764781452e+01
1.761503512872996069e+01
1.749586530193251122e+01
1.738617117175255444e+01
1.728498899892784735e+01
1.719141802978058209e+01
1.710462262242101872e+01
1.702383265181740768e+01
1.694834264360881804e+01
1.687750999277990971e+01
1.681075254605894997e+01
1.674754576402111539e+01
1.668741962825075476e+01
1.662995541854533244e+01
1.657478245324046284e+01
1.652157486073998882e+01
1.647004843091817605e+01
1.641995758010835260e+01
1.637109245198221430e+01
1.632327616800294834e+01
1.627636223469270860e+01
1.623023211020047540e+01
1.618479292919870716e+01
1.613997538266699650e+01
1.609573174739453805e+01
1.605203405886067003e+01
1.600887242038637481e+01
1.596625344097597399e+01
1.592419879400058491e+01
1.588274388874721943e+01
1.584193664682061709e+01
1.580183637540192798e+01
1.576251272941250470e+01
1.572404475468245977e+01
1.568652000426859772e+01
1.565003372009496552e+01
1.561468807209519483e+01
1.558059144701502596e+01
1.554785777898371002e+01
1.551660591388396782e+01
1.548695899944253185e+01
1.545904389282920910e+01
1.543299057739526958e+01
1.540893158000661955e+01
1.538700138024023012e+01
1.536733580252201570e+01
1.535007138210142941e+01
1.533534469559568336e+01
1.532329164671086730e+01
1.531404669767787041e+01
1.530774203695116675e+01
1.530450667383571428e+01
1.530446545096313216e+01
1.530773796596952963e+01
1.531443739437483309e+01
1.532466920657271636e+01
1.533852977306080234e+01
1.535610485362509259e+01
1.537746796819507544e+01
1.540267864956063448e+01
1.543178058114035878e+01
1.546479962655841334e+01
1.550174176195895903e+01
1.554259092678313259e+01
1.558730681415246444e+01
1.563582262801505074e+01
1.568804284075247502e+01
1.574384099190900699e+01
1.580305757593263749e+01
1.586549807409560842e+01
1.593093119281416037e+01
1.599908737707278483e+01
1.606965767317394267e+01
1.614229301912002867e+01
1.621660404308598302e+01
1.629216145012937744e+01
1.636849707398388887e+01
1.644510566400354890e+01
1.652144746666202124e+01
1.659695164618558749e+01
1.667102056981381608e+01
1.674303495997216018e+01
1.681235988871585008e+01
1.687835155988035751e+01
1.694036479248698868e+01
1.699776108644645589e+01
1.704991712008900251e+01
1.709623350032964595e+01
1.713614356224137936e+01
1.716912199730329647e+01
1.719469308026461718e+01
1.721243826471932437e+01
1.722200292792324916e+01
1.722310206629679286e+01
1.721552477394549996e+01
1.719913737619788563e+01
1.717388513674982775e+01
1.713979250811970445e+01
1.709696194798797819e+01
1.704557137568815861e+01
1.698587039077391836e+01
1.691817541665082558e+01
1.684286396467097902e+01
1.676036823643521956e+01
1.667116829365424024e+01
1.657578502585939262e+01
1.647477313729120496e+01
1.636871435677289810e+01
1.625821105006439282e+01
1.614388038510151446e+01
1.602634916872981563e+01
1.590624944101696236e+01
1.578421488170786802e+01
1.566087805427543422e+01
1.553686848732780135e+01
1.541281157146366354e+01
1.528932823223078152e+01
1.516703532649736985e+01
1.504654669985313298e+01
1.492847483594356106e+01
1.481343302406197893e+01
1.470203796791379602e+01
1.459491275518617925e+01
1.449269010331950192e+01
1.439601579057637615e+01
1.430555217201907148e+01
1.422198166621062398e+01
1.414601007922590803e+01
1.407836960679411753e+01
1.401982132204945763e+01
1.397115691452501274e+01
1.393319939500982052e+01
1.390680242044688164e+01
1.389284782361049153e+01
1.389224085535219189e+01
1.390590256578591877e+01
1.393475867012568692e+01
1.397972417318700344e+01
1.404168297584435798e+01
1.412146167374841532e+01
1.421979680553948810e+01
1.433729494257575610e+01
1.447438526791874658e+01
1.463126470523870104e+01
1.480783626367810868e+01
1.500364208975855185e+01
1.521779377078716777e+01
1.544890369198575719e+01
1.569502263873704351e+01
1.595359021766917529e+01
1.622140583136132364e+01
1.649462859238122903e+01
1.676881436300052286e+01
1.703899671823901585e+01
1.729981579824142557e+01
1.754569468139045441e+01
1.777105731471751682e+01
1.797057579998616461e+01
1.813942893105083343e+01
1.827354951844823105e+01
1.836983639982905103e+01
1.842630893594878216e+01
1.844218737301132549e+01
1.841789101495178826e+01
1.835495623269624232e+01
1.825588604986559105e+01
1.812395055858134896e+01
1.796296146072197786e+01
1.777704418549916454e+01
1.757042777742519846e+01
1.734726720356843899e+01
1.711150628280043762e+01
1.686678335900440828e+01
1.661637700817339081e+01
1.636318589334156570e+01
1.610973534749756197e+01
1.585820307703942156e+01
1.561045711530029756e+01
1.536810039653041038e+01
1.513251772275884832e+01
1.490492222386506960e+01
1.468639953259101105e+01
1.447794875934847347e+01
1.428051995796442775e+01
1.409504815302479130e+01
1.392248419251398772e+01
1.376382273469869055e+01
1.362012760641245990e+01
1.349255460137967511e+01
1.338237153186867268e+01
1.329097500578941826e+01
1.321990296904664142e+01
1.317084152156536447e+01
1.314562387943253974e+01
1.314621861935982494e+01
1.317470352975330705e+01
1.323322056442453309e+01
1.332390666341861696e+01
1.344879475967810656e+01
1.360967941781619039e+01
1.380794265215200234e+01
1.404433804895978533e+01
1.431873592498182646e+01
1.462983936178279265e+01
1.497489072040086810e+01
1.534940016295640142e+01
1.574694022458014153e+01
1.615906063574849938e+01
1.657538105180983123e+01
1.698391105623541364e+01
1.737162262716835315e+01
1.772525941002081851e+01
1.803231470646114332e+01
1.828205809517303493e+01
1.846645596540967915e+01
1.858083003307053716e+01
1.862413754020762013e+01
1.859883031057936975e+01
1.851033620162836257e+01
1.836627879058473667e+01
1.817558806389862625e+01
1.794764968629525370e+01
1.769160201568023183e+01
1.741583660078913098e+01
1.712770774708490151e+01
1.683342153246891826e+01
1.653805761956587617e+01
1.624567526893233094e+01
1.595946232414617327e+01
1.568189705915245824e+01
1.541490378193543798e+01
1.515999199539244202e+01
1.491837516863317248e+01
1.469106902232313594e+01
1.447897125192884538e+01
1.428292539764596647e+01
1.410377160328590662e+01
1.394238662871150325e+01
1.379971490473928064e+01
1.367679176475570735e+01
1.357475931107812528e+01
1.349487469875461976e+01
1.343850995233098011e+01
1.340714177920449224e+01
1.340232922548854333e+01
1.342567647850125567e+01
1.347877772883015624e+01
1.356314088162925025e+01
1.368008721712428155e+01
1.383062505682589638e+01
1.401529733761729624e+01
1.423400596353633318e+01
1.448582004374250332e+01
1.476878058810829941e+01
1.507972053361508280e+01
1.541412524678586671e+01
1.576606345414764299e+01
1.612821995990892177e+01
1.649205740703849798e+01
1.684812307038842860e+01
1.718649791513538005e+01
1.749736077280269697e+01
1.777161491349498590e+01
1.800150396824311372e+01
1.818113581279020252e+01
1.830684119012333255e+01
1.837731856787464579e+01
1.839355274982987254e+01
1.835853293524785457e+01
1.827682639263034758e+01
1.815407970310458907e+01
1.799651874639217297e+01
1.781050440814785318e+01
1.760217959083123063e+01
1.737722107797386784e+01
1.714069195780646737e+01
1.689697888995091546e+01
1.664979343826334457e+01
1.640221654004618657e+01
1.615676803006767770e+01
1.591548728274925395e+01
1.568001527358947556e+01
1.545167201523322653e+01
1.523152613199012073e+01
1.502045529853536365e+01
1.481919751495927784e+01
1.462839389422340730e+01
1.444862396391319237e+01
1.428043456593499094e+01
1.412436337414876775e+01
1.398095790793040649e+01
1.385079074165775559e+01
1.373447142075649907e+01
1.363265540715310564e+01
1.354605019656864151e+01
1.347541857907847707e+01
1.342157885339113221e+01
1.338540165531077619e+01
1.336780292439234508e+01
1.336973241506150245e+01
1.339215706813579665e+01
1.343603850861035021e+01
1.350230394321668648e+01
1.359180981862511572e+01
1.370529779397723225e+01
1.384334290724883942e+01
1.400629429962528860e+01
1.419420952442159667e+01
1.440678431135143711e+01
1.464328066353881042e+01
1.490245727993189639e+01
1.518250742289966837e+01
1.548101034468821169e+01
1.579490305668000261e+01
1.612047935147183608e+01
1.645342234951366578e+01
1.678887526588181345e+01
1.712155250876445578e+01
1.744588971975846547e+01
1.775622723697377481e+01
1.804701719688581818e+01
1.831304073318851522e+01
1.854961916948471057e+01
1.875280232511540035e+01
1.891951839273838587e+01
1.904767326688190110e+01
1.913619226839344734e+01
1.918500315393020372e+01
1.919496518631079240e+01
1.916775397225991995e+01
1.910571508084365533e+01
1.901170082442214948e+01
1.888890407832906604e+01
1.874070100945120032e+01
1.857051163187018972e+01
1.838168380108973921e+01
1.817740310652435909e+01
1.796062848138221568e+01
1.773405140377555256e+01
1.750007534468850778e+01
1.726081155001004674e+01
1.701808718710522683e+01
1.677346218436848702e+01
1.652825159858261728e+01
1.628355094058626307e+01
1.604026248852708392e+01
1.579912116498622510e+01
1.556071902050168632e+01
1.532552774153783304e+01
1.509391888833189377e+01
1.486618177706699129e+01
1.464253906447597586e+01
1.442316018486194729e+01
1.420817284224185784e+01
1.399767278472818610e+01
1.379173209318752846e+01
1.359040620851785874e+01
1.339373990669361447e+01
1.320177241171958649e+01
1.301454181634329466e+01
1.283208896045800884e+01
1.265446089859591439e+01
1.248171407131349575e+01
1.231391728084122761e+01
1.215115455912766507e+01
1.199352800623857185e+01
1.184116066877581552e+01
1.169419952130941276e+01
1.155281860849006392e+01
1.141722240122838450e+01
1.128764941677028766e+01
1.116437614931966316e+01
1.104772135467829308e+01
1.093805072875712980e+01
1.083578201526255747e+01
1.074139057178492784e+01
1.065541541520710567e+01
1.057846575595517535e+01
1.051122801510202187e+01
1.045447329746783005e+01
1.040906526615792060e+01
1.037596832768617894e+01
1.035625598991187957e+01
1.035111919514110390e+01
1.036187435532644052e+01
1.038997072257745913e+01
1.043699661337966766e+01
1.050468386644955388e+01
1.059490975009222069e+01
1.070969534455894134e+01
1.085119920956562289e+01
1.102170491137611208e+01
1.122360073692923343e+01
1.145934968023354017e+01
1.173144757331196253e+01
1.204236708622505603e+01
1.239448528758203594e+01
1.278999260320190778e+01
1.323078141650926653e+01
1.371831331328894876e+01
1.425346518550740171e+01
1.483635616764404297e+01
1.546615975093012629e+01
1.614090841583818658e+01
1.685730165588196883e+01
1.761053211306097310e+01
1.839414830627210407e+01
1.919997550770449379e+01
2.001811792098260767e+01
2.083706453516331081e+01
2.164391699638353472e+01
2.242474993039116882e+01
2.316510226451626409e+01
2.385058292518021972e+01
2.446755746504450713e+01
2.500386624217498621e+01
2.544951283469331216e+01
2.579725646201229949e+01
2.604304645304521060e+01
2.618625077058942452e+01
2.622965272352279698e+01
2.617921679199783114e+01
2.604365126296603705e+01
2.583381736390023775e+01
2.556204815816546017e+01
2.524144396783096411e+01
2.488520507262312620e+01
2.450604926424562890e+01
2.411574486434297526e+01
2.372477244068849345e+01
2.334211338091655108e+01
2.297515232112535344e+01
2.262967368319734618e+01
2.230992988261774457e+01
2.201875923940693269e+01
2.175773418671627368e+01
2.152732401996106404e+01
2.132706036715315179e+01
2.115569724486216430e+01
2.101136068561708470e+01
2.089168535780804703e+01
2.079393735058299697e+01
2.071512344011322071e+01
2.065208780055574067e+01
2.060159739174290294e+01
2.056041725752291427e+01
2.052537680061880110e+01
2.049342784173874676e+01
2.046169498557208755e+01
2.042751855191176347e+01
2.038849012020228813e+01
2.034248060151548287e+01
2.028766070313321634e+01
2.022251368719807729e+01
2.014584043705476901e+01
2.005675701655336951e+01
1.995468511724479299e+01
1.983933601193673368e+01
1.971068884628839157e+01
1.956896428120632692e+01
1.941459463047278788e+01
1.924819170899041154e+01
1.907051361264514000e+01
1.888243159301750040e+01
1.868489807665906355e+01
1.847891672133483354e+01
1.826551521502051756e+01
1.804572132283557906e+01
1.782054248698381116e+01
1.759094909760136716e+01
1.735786138774417964e+01
1.712213976991284525e+01
1.688457832764612832e+01
1.664590110410097878e+01
1.640676078817183381e+01
1.616773938393643917e+01
1.592935045640842873e+01
1.569204257067947950e+01
1.545620357756447305e+01
1.522216544225705981e+01
1.499020935933468124e+01
1.476057094454776397e+01
1.453344533878651745e+01
1.430899210076946559e+01
1.408733980131235874e+01
1.386859026302089681e+01
1.365282241483065384e+01
1.344009575122497324e+01
1.323045340163638528e+01
1.302392482704280852e+01
1.282052816872679557e+01
1.262027227920044048e+01
1.242315846800699752e+01
1.222918199603647871e+01
1.203833335161500173e+01
1.185059934035441565e+01
1.166596401891839285e+01
1.148440950074774847e+01
1.130591665960798764e+01
1.113046575474396960e+01
1.095803699957872190e+01
1.078861109437369770e+01
1.062216974215227516e+01
1.045869616653917866e+01
1.029817565004134039e+01
1.014059611174644715e+01
9.985948744506558228e+00
9.834228733481081619e+00
9.685436080530374525e+00
9.539576562498046641e+00
9.396662856048584089e+00
9.256715867629486283e+00
9.119766314544742514e+00
8.985856612359816253e+00
8.855043135279119682e+00
8.727398930202179272e+00
8.603016982431944015e+00
8.482014152153364961e+00
8.364535926633724472e+00
8.250762164582361891e+00
8.140914047377590279e+00
8.035262498225812067e+00
7.934138386226971207e+00
7.837944899367371043e+00
7.747172550263186963e+00
7.662417372513258940e+00
7.584402974822648247e+00
7.514007244711810252e+00
7.452294631932138813e+00
7.400555088872732057e+00
7.360350891327317235e+00
7.333572689784081611e+00
7.322506217726710176e+00
7.329911058234265475e+00
7.359112662550466588e+00
7.414108299612535369e+00
7.499686606634254460e+00
7.621558634232473928e+00
7.786495347883056084e+00
8.002461933250165416e+00
8.278732276492625886e+00
8.625956848400884169e+00
9.056143104160339519e+00
9.582488898804657040e+00
1.021898668378243435e+01
1.097969173969144130e+01
1.187752746237952728e+01
1.292249685279943705e+01
1.411920241779396790e+01
1.546367636515071275e+01
1.693972332506687906e+01
1.851530107434951944e+01
2.013988796358412614e+01
2.174419290139866945e+01
2.324370817602827799e+01
2.454714304685112936e+01
2.556944505869901008e+01
2.624706534986761852e+01
2.655118752929236692e+01
2.649414654008966252e+01
2.612615247069976121e+01
2.552318310659507006e+01
2.477046263728841780e+01
2.394716081816329378e+01
2.311635483772395716e+01
2.232132902326697632e+01
2.158685742444580313e+01
2.092316419578054010e+01
2.033054707802007144e+01
1.980345058555983684e+01
1.933351823527832636e+01
1.891161797784242182e+01
1.852903981166858927e+01
1.817810682385205823e+01
1.785240839889888775e+01
1.754681059154117051e+01
1.725734847144724071e+01
1.698106655972017975e+01
1.671584650597538158e+01
1.646024350844405504e+01
1.621334196262862548e+01
1.597463423240523639e+01
1.574392268689638819e+01
1.552124317056884628e+01
1.530680717945226910e+01
1.510095975981456640e+01
1.490415024585189663e+01
1.471691323258441386e+01
1.453985752844226553e+01
1.437366118117396674e+01
1.421907098056851204e+01
1.407690508947599817e+01
1.394805762894368328e+01
1.383350413842019755e+01
1.373430684580483252e+01
1.365161861446979152e+01
1.358668428683118634e+01
1.354083792091241811e+01
1.351549412707141684e+01
1.351213137506984019e+01
1.353226478983782144e+01
1.357740564206191181e+01
1.364900455121921041e+01
1.374837547561280005e+01
1.387659803058630281e+01
1.403439675655199359e+01
1.422199787962355977e+01
1.443896707855626182e+01
1.468403591087333737e+01
1.495492977718903305e+01
1.524821619685111074e+01
1.555919783764230502e+01
1.588187874983598569e+01
1.620903270337533897e+01
1.653239740309239636e+01
1.684300618388740389e+01
1.713164950788360130e+01
1.738943439066001773e+01
1.760838552328987916e+01
1.778201393698999055e+01
1.790577415382292514e+01
1.797734281154055935e+01
1.799667980350552199e+01
1.796587069219428301e+01
1.788878662118408158e+01
1.777062528014294429e+01
1.761740749402374462e+01
1.743549818614592084e+01
1.723120233157704817e+01
1.701046313879080074e+01
1.677866775547328970e+01
1.654054960154328668e+01
1.630016741667570201e+01
1.606093845347448479e+01
1.582570499747239090e+01
1.559681744802411352e+01
1.537622188274116475e+01
1.516554431031779693e+01
1.496616720775953269e+01
1.477929633868179415e+01
1.460601737118434862e+01
1.444734265016346519e+01
1.430424882732698677e+01
1.417770607821072559e+01
1.406869946297999796e+01
1.397824270280535153e+01
1.390738430403892778e+01
1.385720560875884289e+01
1.382881001536200571e+01
1.382330233036533862e+01
1.384175702341203973e+01
1.388517411487000786e+01
1.395442159709666896e+01
1.405016375736910383e+01
1.417277561989894252e+01
1.432224503516034808e+01
1.449806576293178217e+01
1.469912719893997632e+01
1.492360905058223075e+01
1.516889198726751431e+01
1.543149760530638481e+01
1.570707231273549453e+01
1.599042921210176438e+01
1.627565904871870472e+01
1.655631539343923109e+01
1.682567059019632438e+01
1.707702853229021756e+01
1.730406975468935826e+01
1.750119592453480521e+01
1.766383688645130334e+01
1.778868558319414461e+01
1.787383468058787628e+01
1.791880218548400805e+01
1.792444898104355744e+01
1.789280564394150019e+01
1.782683620699861748e+01
1.773017101306472298e+01
1.760683941562578170e+01
1.746102715187424792e+01
1.729687483562389971e+01
1.711832531319857154e+01
1.692902020455548495e+01
1.673224067391372927e+01
1.653088449633144563e+01
1.632747047945730046e+01
1.612416170197331411e+01
1.592280025670269694e+01
1.572494775201261596e+01
1.553192739286454760e+01
1.534486483815397939e+01
1.516472613064354036e+01
1.499235181029118635e+01
1.482848688238142643e+01
1.467380666682194601e+01
1.452893875460420858e+01
1.439448138637686014e+01
1.427101858225451636e+01
1.415913231835322961e+01
1.405941198332226882e+01
1.397246127047764475e+01
1.389890257683340380e+01
1.383937889533822307e+01
1.379455310534598667e+01
1.376510449258668523e+01
1.375172226765383243e+01
1.375509580604839144e+01
1.377590130904290078e+01
1.381478459034910955e+01
1.387233973742825732e+01
1.394908348792987596e+01
1.404542531113235171e+01
1.416163340042094809e+01
1.429779707212095730e+01
1.445378642969548011e+01
1.462921058379112971e+01
1.482337620021185209e+01
1.503524864804810335e+01
1.526341849147516783e+01
1.550607644791087658e+01
1.576100014619345835e+01
1.602555597920432362e+01
1.629671897937071989e+01
1.657111289697375511e+01
1.684507151271558101e+01
1.711472070495752362e+01
1.737607902167070506e+01
1.762517264720224119e+01
1.785815892721986842e+01
1.807145126860342188e+01
1.826183749452838612e+01
1.842658377525264513e+01
1.856351713521083013e+01
1.867108119282628920e+01
1.874836203149674674e+01
1.879508364280609456e+01
1.881157489517944370e+01
1.879871214739200980e+01
1.875784320215950984e+01
1.869069914477684335e+01
1.859930072050024918e+01
1.848586536454977747e+01
1.835271997791770104e+01
1.820222324277801462e+01
1.803669989104222893e+01
1.785838804271790892e+01
1.766939963161800975e+01
1.747169309583032870e+01
1.726705694342692254e+01
1.705710248931014306e+01
1.684326395438110069e+01
1.662680417155019796e+01
1.640882430271906145e+01
1.619027619113333216e+01
1.597197621804414247e+01
1.575461977500326860e+01
1.553879568613150397e+01
1.532500010873669183e+01
1.511364960187578710e+01
1.490509318100379410e+01
1.469962327536683766e+01
1.449748557723066256e+01
1.429888782282612958e+01
1.410400757840985797e+01
1.391299912506122105e+01
1.372599954619659357e+01
1.354313412511047687e+01
1.336452115840577015e+01
1.319027628668868779e+01
1.302051643767119593e+01
1.285536346977464817e+01
1.269494759710022613e+01
1.253941066963520079e+01
1.238890937603440179e+01
1.224361843035604025e+01
1.210373379874104494e+01
1.196947601712697740e+01
1.184109364653822105e+01
1.171886690809366627e+01
1.160311153536686213e+01
1.149418287680999562e+01
1.139248027523640872e+01
1.129845174439731181e+01
1.121259895395029638e+01
1.113548252296136987e+01
1.106772760775067965e+01
1.101002975149111052e+01
1.096316093945404369e+01
1.092797577396201447e+01
1.090541764558537885e+01
1.089652473039138236e+01
1.090243558548751857e+01
1.092439404502192879e+01
1.096375303461244499e+01
1.102197682253561872e+01
1.110064111012019517e+01
1.120143023179275943e+01
1.132613058872930978e+01
1.147661928287928568e+01
1.165484675715378060e+01
1.186281209392035230e+01
1.210252949421295199e+01
1.237598437765580961e+01
1.268507753948079042e+01
1.303155591654523526e+01
1.341692879814963568e+01
1.384236882625228482e+01
1.430859792337294500e+01
1.481575942135598467e+01
1.536327918145487637e+01
1.594972040594640816e+01
1.657263910184432731e+01
1.722844965091272584e+01
1.791231245143007555e+01
1.861805779652350878e+01
1.933816159883471997e+01
2.006378873415434327e+01
2.078491810968799314e+01
2.149055960441920377e+01
2.216906654650653152e+01
2.280853853575634105e+01
2.339729884837677076e+01
2.392441959398669837e+01
2.438025791958806821e+01
2.475695978294286093e+01
2.504888589019769540e+01
2.525291842415601096e+01
2.536861727303578462e+01
2.539820948758704588e+01
2.534641343913165912e+01
2.522011675841762468e+01
2.502794172926339300e+01
2.477974116782644742e+01
2.448607084513913179e+01
2.415768140207323356e+01
2.380506475697528401e+01
2.343807917527375650e+01
2.306566555565888876e+01
2.269565687617934557e+01
2.233467433697583715e+01
2.198809807593975663e+01
2.166009738982823762e+01
2.135370474474154889e+01
2.107091889072264834e+01
2.081282446186975577e+01
2.057971798458092039e+01
2.037123280771671219e+01
2.018645783109793967e+01
2.002404689255086012e+01
1.988231722600701801e+01
1.975933653666967871e+01
1.965299900426111890e+01
1.956109098883985808e+01
1.948134744536134733e+01
1.941150011741674319e+01
1.934931853251233491e+01
1.929264470550021926e+01
1.923942230796279418e+01
1.918772090522915263e+01
1.913575571748118165e+01
1.908190323909776254e+01
1.902471295791046302e+01
1.896291535618675539e+01
1.889542634735469662e+01
1.882134830352921995e+01
1.873996785360299810e+01
1.865075067349624760e+01
1.855333354190353745e+01
1.844751398925862418e+01
1.833323791791651658e+01
1.821058561201181547e+01
1.807975658178853706e+01
1.794105369673950889e+01
1.779486705367207477e+01
1.764165800046357901e+01
1.748194369578826368e+01
1.731628253253071392e+01
1.714526069164845268e+01
1.696948002786533038e+01
1.678954742262367716e+01
1.660606567664970967e+01
1.641962595713016881e+01
1.623080176495292193e+01
1.604014434704438941e+01
1.584817944811150880e+01
1.565540527498048817e+01
1.546229153460738992e+01
1.526927940272144824e+01
1.507678228271620746e+01
1.488518722248278792e+01
1.469485686904210731e+01
1.450613185582384368e+01
1.431933353415045751e+01
1.413476697798662940e+01
1.395272420857464546e+01
1.377348760265304506e+01
1.359733346418410882e+01
1.342453575468303129e+01
1.325536999125930393e+01
1.309011733435239755e+01
1.292906889893300004e+01
1.277253033373884783e+01
1.262082672300610575e+01
1.247430787418954168e+01
1.233335406330714257e+01
1.219838231664880013e+01
1.206985331333703115e+01
1.194827899707177465e+01
1.183423098647264737e+01
1.172834987048047140e+01
1.163135546648572927e+01
1.154405810170244706e+01
1.146737094938622903e+01
1.140232340624221230e+01
1.135007542979056794e+01
1.131193265682056648e+01
1.128936198658342072e+01
1.128400712295485420e+01
1.129770331393806515e+01
1.133249018788897544e+01
1.139062114566787010e+01
1.147456720892260940e+01
1.158701253305208390e+01
1.173083796475827079e+01
1.190908807269516956e+01
1.212491605178363407e+01
1.238149989426566400e+01
1.268192240553653960e+01
1.302900729546637493e+01
1.342510410193247417e+01
1.387181665405429953e+01
1.436967384008470283e+01
1.491774834650259152e+01
1.551323940142337143e+01
1.615104958560691273e+01
1.682340279222947288e+01
1.751956832287146071e+01
1.822577089793819738e+01
1.892537203257550260e+01
1.959939752668934432e+01
2.022745222767255413e+01
2.078900427913209725e+01
2.126494215973871249e+01
2.163922466244003928e+01
2.190038123187330044e+01
2.204260444543327679e+01
2.206622517421848428e+01
2.197747097523306792e+01
2.178755235141029800e+01
2.151125652280690304e+01
2.116531274083140701e+01
2.076680491996452105e+01
2.033185204640786381e+01
1.987468197063299158e+01
1.940712447235243232e+01
1.893847207995487736e+01
1.847561425644100552e+01
1.802334042339949249e+01
1.758471991642327481e+01
1.716149060450715425e+01
1.675441320112532395e+01
1.636356971571630936e+01
1.598859992286785570e+01
1.562887928017326900e+01
1.528364659850704221e+01
1.495209141889906057e+01
1.463341076674105601e+01
1.432684369661427937e+01
1.403169043930400228e+01
1.374732138157930983e+01
1.347317972893393190e+01
1.320878058553315881e+01
1.295370833299391577e+01
1.270761356820011834e+01
1.247021042736744434e+01
1.224127483673434114e+01
1.202064405291081428e+01
1.180821775873526924e+01
1.160396094134446976e+01
1.140790878215591064e+01
1.122017382267333119e+01
1.104095572822905247e+01
1.087055404923892077e+01
1.070938447287634077e+01
1.055799916403789673e+01
1.041711190862567982e+01
1.028762888708332568e+01
1.017068600894587682e+01
1.006769380814052184e+01
9.980390898217200046e+00
9.910906859833247040e+00
9.861835091913949469e+00
9.836315470991998211e+00
9.838125437497254211e+00
9.871776090864278430e+00
9.942606658563400757e+00
1.005686583748311946e+01
1.022176144463040615e+01
1.044545003300693331e+01
1.073692534712008673e+01
1.110574911868755343e+01
1.156155160770985013e+01
1.211321699874178570e+01
1.276766895993404560e+01
1.352819857210651477e+01
1.439234995990604382e+01
1.534951875452625281e+01
1.637863409385600733e+01
1.744656133252776797e+01
1.850809254640953583e+01
1.950842099536946606e+01
2.038862196430488538e+01
2.109377525612449489e+01
2.158213758456485465e+01
2.183276797990081164e+01
2.184896868118631730e+01
2.165619777290336856e+01
2.129524119075299282e+01
2.081320635102810357e+01
2.025530880043735493e+01
1.965943550599554968e+01
1.905392974399159911e+01
1.845787791935014610e+01
1.788276416156920234e+01
1.733452314426563134e+01
1.681540752208379530e+01
1.632543465126123294e+01
1.586339400910382480e+01
1.542749356096347668e+01
1.501574556963679541e+01
1.462618004967699470e+01
1.425695161550538437e+01
1.390638422345897496e+01
1.357298197323841293e+01
1.325542287921973639e+01
1.295254529571618995e+01
1.266333227664462591e+01
1.238689658280610573e+01
1.212246761818437690e+01
1.186938082037474551e+01
1.162706966332512515e+01
1.139506028197719800e+01
1.117296869942208382e+01
1.096050067284245166e+01
1.075745424547623230e+01
1.056372518342516997e+01
1.037931558171474933e+01
1.020434604105935250e+01
1.003907194437420358e+01
9.883904499090688134e+00
9.739437354825948745e+00
9.606479749231798593e+00
9.486097264857425770e+00
9.379661373506554156e+00
9.288908963356039550e+00
9.216012926558274643e+00
9.163664536300666796e+00
9.135167620331841931e+00
9.134543236750291229e+00
9.166641388896502818e+00
9.237252893297879908e+00
9.353209352394914688e+00
9.522451730718595186e+00
9.754037776316177855e+00
1.005804522985256533e+01
1.044531190868999992e+01
1.092693731662019552e+01
1.151345800156587629e+01
1.221360904960728533e+01
1.303261055591589646e+01
1.396998899968418684e+01
1.501707783607741220e+01
1.615454702780313312e+01
1.735056458660019274e+01
1.856041653387177348e+01
1.972846104229432740e+01
2.079299073412853005e+01
2.169381850640532150e+01
2.238130845070782371e+01
2.282458684955215844e+01
2.301641468392940482e+01
2.297307917044727432e+01
2.272941285508109388e+01
2.233078646862481520e+01
2.182471571058050586e+01
2.125428262774393673e+01
2.065438147273048486e+01
2.005062624317422859e+01
1.946009624960877815e+01
1.889298935439225247e+01
1.835447436209372540e+01
1.784633917369609080e+01
1.736827794401977343e+01
1.691880961392450189e+01
1.649588808250338445e+01
1.609728183779327892e+01
1.572079391823559824e+01
1.536437770485943588e+01
1.502618830874448896e+01
1.470459634541825267e+01
1.439818129655093770e+01
1.410571503457824427e+01
1.382614172761985394e+01
1.355855758548774048e+01
1.330219222613258978e+01
1.305639245512136348e+01
1.282060869892460886e+01
1.259438404540577316e+01
1.237734571335149170e+01
1.216919872976487760e+01
1.196972159814717251e+01
1.177876376902366218e+01
1.159624476171054752e+01
1.142215482610680333e+01
1.125655707102467495e+01
1.109959101908532375e+01
1.095147757628692098e+01
1.081252542609995793e+01
1.068313887236187476e+01
1.056382716094892693e+01
1.045521530520282560e+01
1.035805642157112949e+01
1.027324554605453955e+01
1.020183484379543337e+01
1.014505003703740726e+01
1.010430775272264370e+01
1.008123332053323828e+01
1.007767832406462283e+01
1.009573690976780647e+01
1.013775947781193310e+01
1.020636190501180529e+01
1.030442787548395422e+01
1.043510122114492056e+01
1.060176441748285114e+01
1.080799857920353624e+01
1.105751952842802055e+01
1.135408388533931756e+01
1.170135883873429172e+01
1.210274954524590818e+01
1.256117930980428099e+01
1.307882020646270860e+01
1.365677601714157596e+01
1.429472563899454229e+01
1.499054357683652938e+01
1.573992453501532296e+01
1.653605056821080765e+01
1.736935003065442018e+01
1.822740506180618780e+01
1.909506523032205649e+01
1.995481576440338856e+01
2.078742697535115624e+01
2.157287675981802977e+01
2.229149373498526288e+01
2.292522203350307564e+01
2.345887076252719794e+01
2.388119305908602641e+01
2.418564995316742738e+01
2.437075453650679790e+01
2.443995529991923021e+01
2.440108973151386351e+01
2.426550320348516010e+01
2.404696940118570936e+01
2.376055995079423866e+01
2.342159418280417071e+01
2.304476379396766816e+01
2.264348323045340194e+01
2.222947556337718567e+01
2.181257244878305102e+01
2.140068808351574248e+01
2.099991998801898418e+01
2.061473106204208250e+01
2.024817420989665351e+01
1.990212988570372588e+01
1.957753600527136584e+01
1.927459756026285476e+01
1.899296943381844471e+01
1.873191032133975753e+01
1.849040853513453087e+01
1.826728214783634741e+01
1.806125674039350670e+01
1.787102425263850591e+01
1.769528631107608518e+01
1.753278509050283418e+01
1.738232436202067532e+01
1.724278295839056696e+01
1.711312248815604775e+01
1.699239077274381060e+01
1.687972217358922933e+01
1.677433571958318836e+01
1.667553173508855480e+01
1.658268749984453905e+01
1.649525233811545633e+01
1.641274242948287920e+01
1.633473555232762209e+01
1.626086590862216852e+01
1.619081913122079897e+01
1.612432753915656036e+01
1.606116567991175970e+01
1.600114617812873874e+01
1.594411589611583224e+01
1.588995240148278398e+01
1.583856073030173484e+01
1.578987042955465725e+01
1.574383285969705426e+01
1.570041873648376729e+01
1.565961589041903856e+01
1.562142722204840872e+01
1.558586883160917935e+01
1.555296830215480774e+01
1.552276311606143722e+01
1.549529918573647080e+01
1.547062948032763607e+01
1.544881273124182997e+01
1.542991220030562616e+01
1.541399449542360500e+01
1.540112841961491341e+01
1.539138384033768325e+01
1.538483056705515217e+01
1.538153722607077256e+01
1.538157012277982538e+01
1.538499208267203677e+01
1.539186126369516749e+01
1.540222993397636664e+01
1.541614321041930502e+01
1.543363775537318539e+01
1.545474043042534262e+01
1.547946690842029227e+01
1.550782024706822426e+01
1.553978942998286961e+01
1.557534788368243817e+01
1.561445198198839179e+01
1.565703955234399380e+01
1.570302840181300752e+01
1.575231488385774625e+01
1.580477253036679564e+01
1.586025077671860650e+01
1.591857381082077794e+01
1.597953957992901231e+01
1.604291899147862921e+01
1.610845534599282658e+01
1.617586404119102639e+01
1.624483258652620421e+01
1.631502096635208332e+01
1.638606238758953282e+01
1.645756444397920859e+01
1.652911072366099532e+01
1.660026287984577920e+01
1.667056317573845803e+01
1.673953750470507273e+01
1.680669887510874005e+01
1.687155133651902972e+01
1.693359431047297292e+01
1.699232727507070351e+01
1.704725473894427168e+01
1.709789142712826759e+01
1.714376758970842829e+01
1.718443433446011426e+01
1.721946887761337663e+01
1.724847960292726867e+01
1.727111081884536148e+01
1.728704710691306090e+01
1.729601716196452088e+01
1.729779703573468908e+01
1.729221271021703643e+01
1.727914194476797860e+01
1.725851536097553307e+01
1.723031675084070713e+01
1.719458261594889237e+01
1.715140096707861872e+01
1.710090943416903642e+01
1.704329275488593964e+01
1.697877972545866143e+01
1.690763970944855998e+01
1.683017880829611101e+01
1.674673580173345044e+01
1.665767796650967014e+01
1.656339687861821730e+01
1.646430429776493298e+01
1.636082822372313217e+01
1.625340920312212489e+01
1.614249695277789343e+01
1.602854735256339325e+01
1.591201984765095112e+01
1.579337528728598450e+01
1.567307421551887714e+01
1.555157561887004114e+01
1.542933612695757795e+01
1.530680965479172428e+01
1.518444746974621395e+01
1.506269866207311559e+01
1.494201099507709074e+01
1.482283210948668106e+01
1.470561105588478590e+01
1.459080012898055756e+01
1.447885697768393420e+01
1.437024696502124499e+01
1.426544575152232142e+01
1.416494207440846154e+01
1.406924069227889795e+01
1.397886546055684676e+01
1.389436249619467567e+01
1.381630338047650142e+01
1.374528833555867102e+01
1.368194929295222373e+01
1.362695274971353321e+01
1.358100227986304986e+01
1.354484053368135399e+01
1.351925051527382138e+01
1.350505587853958644e+01
1.350311992311961617e+01
1.351434290524358950e+01
1.353965720467624578e+01
1.358001981043018525e+01
1.363640150854675426e+01
1.370977208139611569e+01
1.380108076905212044e+01
1.391123121266835305e+01
1.404105011532073455e+01
1.419124894046134600e+01
1.436237814994237638e+01
1.455477379455311215e+01
1.476849674379100463e+01
1.500326550883581156e+01
1.525838449391470064e+01
1.553267060647326936e+01
1.582438243220738627e+01
1.613115755498589010e+01
1.644996492964102686e+01
1.677708028276344976e+01
1.710809304198119563e+01
1.743795295431880632e+01
1.776106303338126580e+01
1.807142254307657936e+01
1.836281933593415161e+01
1.862906525251716516e+01
1.886426203828113302e+01
1.906307926890084303e+01
1.922102124476931451e+01
1.933465787125865987e+01
1.940179603336213177e+01
1.942157315317898281e+01
1.939446295572967927e+01
1.932219367153132694e+01
1.920758917935102161e+01
1.905435207840253042e+01
1.886681292330824533e+01
1.864967116832103855e+01
1.840775094152012059e+01
1.814578953515712456e+01
1.786826979534527737e+01
1.757930079059502759e+01
1.728254531852520515e+01
1.698118860938412666e+01
1.667794018087504782e+01
1.637506001021701252e+01
1.607440062708979411e+01
1.577745794120887268e+01
1.548542518718320693e+01
1.519924598052248221e+01
1.491966392812719988e+01
1.464726742081592015e+01
1.438252912657142168e+01
1.412584032179751148e+01
1.387754058963298576e+01
1.363794363301913037e+01
1.340736004694862871e+01
1.318611791223407614e+01
1.297458204526011016e+01
1.277317268764053004e+01
1.258238436082543110e+01
1.240280555042960131e+01
1.223513982407927614e+01
1.208022892003736359e+01
1.193907826141501793e+01
1.181288523597007156e+01
1.170307041052598329e+01
1.161131158882832892e+01
1.153958022737710465e+01
1.149017913626549614e+01
1.146577953565742547e+01
1.146945432078013205e+01
1.150470270386019678e+01
1.157545914435858414e+01
1.168607656964125319e+01
1.184127032477195840e+01
1.204600523469285100e+01
1.230530407620046596e+01
1.262395259026963146e+01
1.300607558179024359e+01
1.345456323604853921e+01
1.397034006187231903e+01
1.455149492439415404e+01
1.519233282869964619e+01
1.588246765253020598e+01
1.660614314038842210e+01
1.734202930151734279e+01
1.806376209696390944e+01
1.874143719699979727e+01
1.934410316167338806e+01
1.984303020132078643e+01
2.021522239078825933e+01
2.044641809026726520e+01
2.053282188532936559e+01
2.048109552440193326e+01
2.030662788387570927e+01
2.003060150819901253e+01
1.967665734143365697e+01
1.926792902919205375e+01
1.882494021374489535e+01
1.836450114228003372e+01
1.789946038166553777e+01
1.743903277368552907e+01
1.698941973876905820e+01
1.655450567063327583e+01
1.613649997617645582e+01
1.573646604981581021e+01
1.535472555686181373e+01
1.499115114802955162e+01
1.464537004548054355e+01
1.431690155095983030e+01
1.400524822728814733e+01
1.370995611295210459e+01
1.343065521949541719e+01
1.316708823956499863e+01
1.291913292350099951e+01
1.268682184217890807e+01
1.247036206987035634e+01
1.227015652740092300e+01
1.208682818377562285e+01
1.192124791133270101e+01
1.177456643206806675e+01
1.164825039707054621e+01
1.154412212283834194e+01
1.146440177494678636e+01
1.141174973390630498e+01
1.138930537617689076e+01
1.140071641948951076e+01
1.145015018598202872e+01
1.154227454425184440e+01
1.168219193540834411e+01
1.187530504200366543e+01
1.212708802026117816e+01
1.244273415314670039e+01
1.282665160094747847e+01
1.328178705098259904e+01
1.380877689345248704e+01
1.440496158101479907e+01
1.506335362210867679e+01
1.577172024800420402e+01
1.651201504662422082e+01
1.726044179287845282e+01
1.798841902060816977e+01
1.866459598557492683e+01
1.925783447015416172e+01
1.974075556973857815e+01
2.009316290158329821e+01
2.030453840527967557e+01
2.037496989226325894e+01
2.031429290688575051e+01
2.013975015047257600e+01
1.987286194508750370e+01
1.953630490993389657e+01
1.915141615513323003e+01
1.873661279533337520e+01
1.830670638567866604e+01
1.787290094731145018e+01
1.744320602945107268e+01
1.702303099520079499e+01
1.661579959848818433e+01
1.622349616911580483e+01
1.584710851801622411e+01
1.548696531421340694e+01
1.514298161507274898e+01
1.481483147014330015e+01
1.450206604589004833e+01
1.420419282616377998e+01
1.392072797722694233e+01
1.365123079657540828e+01
1.339532659892252831e+01
1.315272245680588803e+01
1.292321881776600101e+01
1.270671904474245473e+01
1.250323825834769131e+01
1.231291240635548867e+01
1.213600817588547010e+01
1.197293414426035341e+01
1.182425339575310375e+01
1.169069768302915868e+01
1.157318305928861690e+01
1.147282672813845572e+01
1.139096463231944689e+01
1.132916900870487709e+01
1.128926475419902076e+01
1.127334295438936351e+01
1.128376930578309256e+01
1.132318440189247788e+01
1.139449195617980948e+01
1.150083002880783845e+01
1.164551927746423310e+01
1.183198129360526885e+01
1.206361942597750136e+01
1.234365445081297707e+01
1.267490846010118588e+01
1.305953295447018014e+01
1.349868195327014497e+01
1.399213851709208889e+01
1.453791368597573097e+01
1.513185014682295026e+01
1.576727766025880584e+01
1.643478079253931767e+01
1.712214779285637789e+01
1.781456751131663907e+01
1.849512421712229227e+01
1.914560532524087932e+01
1.974758610816586568e+01
2.028369638300704025e+01
2.073892083650628493e+01
2.110175384151594358e+01
2.136503511363176600e+01
2.152633873798139774e+01
2.158786620444412918e+01
2.155588388153467250e+01
2.143982221983116432e+01
2.125119831395334558e+01
2.100252767564163392e+01
2.070636085852318331e+01
2.037453054311097844e+01
2.001764145855580423e+01
1.964479183548874275e+01
1.926348715468413175e+01
1.887969493578271951e+01
1.849798959065482151e+01
1.812174407496740969e+01
1.775333584078372340e+01
1.739434536492274219e+01
1.704573462689647556e+01
1.670799973374496616e+01
1.638129650128965764e+01
1.606554058897165760e+01
1.576048522581495348e+01
1.546578009876858317e+01
1.518101495317938365e+01
1.490575113225561488e+01
1.463954382701116863e+01
1.438195732398459370e+01
1.413257508265654394e+01
1.389100607539788257e+01
1.365688848894505192e+01
1.342989161639024509e+01
1.320971655588045834e+01
1.299609616803237344e+01
1.278879461968621811e+01
1.258760674896945986e+01
1.239235741877000940e+01
1.220290097688675424e+01
1.201912090672644062e+01
1.184092972883573935e+01
1.166826919800768003e+01
1.150111083105991305e+01
1.133945679504838822e+01
1.118334118345375749e+01
1.103283170785807243e+01
1.088803183413128828e+01
1.074908339463519269e+01
1.061616971098437112e+01
1.048951926508446952e+01
1.036940995910668306e+01
1.025617400733001716e+01
1.015020350389308135e+01
1.005195670983624900e+01
9.961965099618224073e+00
9.880841200588989182e+00
9.809287247464407500e+00
9.748104656126937329e+00
9.698204295134871700e+00
9.660617496766153778e+00
9.636507699335375321e+00
9.627182545409400660e+00
9.634106172306575289e+00
9.658911317210213454e+00
9.703410714192422404e+00
9.769607079020543594e+00
9.859700754590114968e+00
9.976093820895531650e+00
1.012138915634626102e+01
1.029838257337404528e+01
1.051004574805328495e+01
1.075949723735725883e+01
1.104995845822416456e+01
1.138469113712626957e+01
1.176691249765676694e+01
1.219968443511523937e+01
1.268577326097587843e+01
1.322747744746665965e+01
1.382642234848384177e+01
1.448332330934839973e+01
1.519772206945429538e+01
1.596770599468590746e+01
1.678962538487456158e+01
1.765783057923870913e+01
1.856445719208983647e+01
1.949929351763817920e+01
2.044976751628324507e+01
2.140109012719392112e+01
2.233658523647255123e+01
2.323822321543251590e+01
2.408735431312443964e+01
2.486561172670682041e+01
2.555592520117398792e+01
2.614355961880443857e+01
2.661707526755643372e+01
2.696910285132219443e+01
2.719684007579517626e+01
2.730220733548786427e+01
2.729164293644185690e+01
2.717556533700399157e+01
2.696757169882207350e+01
2.668347055507240029e+01
2.634025708296987744e+01
2.595513226563694431e+01
2.554464608091413780e+01
2.512401604413382117e+01
2.470664256264479874e+01
2.430381689224364195e+01
2.392459906577714790e+01
2.357583278836325391e+01
2.326226105239640063e+01
2.298670827243342529e+01
2.275029999458391217e+01
2.255269786290813983e+01
2.239233417111912061e+01
2.226663615223321457e+01
2.217223476018115491e+01
2.210515598903504042e+01
2.206099486463645931e+01
2.203507333553561054e+01
2.202258362423149052e+01
2.201871841005984010e+01
2.201878871236612767e+01
2.201832970619189567e+01
2.201319407852182408e+01
2.199963203329978256e+01
2.197435675592954851e+01
2.193459409631805457e+01
2.187811543286307625e+01
2.180325311482258499e+01
2.170889849579263142e+01
2.159448329418275137e+01
2.145994576389422193e+01
2.130568384576585572e+01
2.113249802398444643e+01
2.094152697701261800e+01
2.073417926001716083e+01
2.051206418228086648e+01
2.027692477011271421e+01
2.003057527389629655e+01
1.977484513945938360e+01
1.951153077511116507e+01
1.924235585941578819e+01
1.896894039527368747e+01
1.869277825538754811e+01
1.841522260182046367e+01
1.813747830488419055e+01
1.786060033050083362e+01
1.758549699938582478e+01
1.731293703017285068e+01
1.704355934419744045e+01
1.677788471444269547e+01
1.651632846912400865e+01
1.625921359808413769e+01
1.600678374705393026e+01
1.575921571330899695e+01
1.551663117138767589e+01
1.527910745664876835e+01
1.504668731663086056e+01
1.481938760582363201e+01
1.459720694985220391e+01
1.438013244201323282e+01
1.416814546064237312e+01
1.396122671203925947e+01
1.375936061263602639e+01
1.356253912759364688e+01
1.337076518264131764e+01
1.318405576308463090e+01
1.300244480960031979e+01
1.282598601558223272e+01
1.265475562607223736e+01
1.248885533418703098e+01
1.232841536776554747e+01
1.217359785690155149e+01
1.202460057215659184e+01
1.188166112351403569e+01
1.174506171135563193e+01
1.161513452259763568e+01
1.149226786712356407e+01
1.137691315108797596e+01
1.126959278354912186e+01
1.117090910985111485e+01
1.108155445735406097e+01
1.100232236398420405e+01
1.093412003427323498e+01
1.087798202660772340e+01
1.083508511346216174e+01
1.080676416587663446e+01
1.079452878474097943e+01
1.080008022256736311e+01
1.082532789579954091e+01
1.087240446221228396e+01
1.094367801148340291e+01
1.104175936981219763e+01
1.116950183382482642e+01
1.132998981414267270e+01
1.152651188881707789e+01
1.176251267202440864e+01
1.204151676871634891e+01
1.236701705350148650e+01
1.274231882033241092e+01
1.317033136447174968e+01
1.365329979864480059e+01
1.419247304789561603e+01
1.478770980505336752e+01
1.543703354510511261e+01
1.613616101879346587e+01
1.687804583575384498e+01
1.765249844836229443e+01
1.844596287992496642e+01
1.924154350190859475e+01
2.001937464695418001e+01
2.075740378714446166e+01
2.143260952988243773e+01
2.202259913556401116e+01
2.250743715251958577e+01
2.287146913531039161e+01
2.310485197323334106e+01
2.320451247005677686e+01
2.317434013130615256e+01
2.302456453757891808e+01
2.277043301787336915e+01
2.243044011115104297e+01
2.202442597884940056e+01
2.157184299696343288e+01
2.109040514095569563e+01
2.059521972424975189e+01
2.009839336263605958e+01
1.960902889863342580e+01
1.913349514182693412e+01
1.867585047988374569e+01
1.823832193355850251e+01
1.782177027244230416e+01
1.742610014395497942e+01
1.705059690332739919e+01
1.669418753160067581e+01
1.635563232935624356e+01
1.603365849182239344e+01
1.572704783201186629e+01
1.543469018250624281e+01
1.515561235527774286e+01
1.488899060336070868e+01
1.463415266785946578e+01
1.439057388233343460e+01
1.415787050219879539e+01
1.393579242304587495e+01
1.372421671112992669e+01
1.352314284307168890e+01
1.333269019114447218e+01
1.315309805151775890e+01
1.298472835818633975e+01
1.282807112412588424e+01
1.268375257771807085e+01
1.255254589440931667e+01
1.243538434032854312e+01
1.233337652552287267e+01
1.224782328715741997e+01
1.218023546188022976e+01
1.213235143186848219e+01
1.210615280691776974e+01
1.210387589859824509e+01
1.212801571654547850e+01
1.218131804556481868e+01
1.226675374409652086e+01
1.238746778717701247e+01
1.254669389311130701e+01
1.274762409122137186e+01
1.299322177493669628e+01
1.328596736839607928e+01
1.362752874410209891e+01
1.401835525705845598e+01
1.445720607676418368e+01
1.494064140843378574e+01
1.546252906489591084e+01
1.601364630957243662e+01
1.658148216642856099e+01
1.715035872300508402e+01
1.770197862274115508e+01
1.821645805518556926e+01
1.867381578526994446e+01
1.905577022414299648e+01
1.934757901145365366e+01
1.953958413183952558e+01
1.962814193805208163e+01
1.961573580962378216e+01
1.951026029295309527e+01
1.932366350841171254e+01
1.907026720521132290e+01
1.876510929787378856e+01
1.842257916320724576e+01
1.805548701525066946e+01
1.767458040051345236e+01
1.728843143271927474e+01
1.690357915995845417e+01
1.652481294705101078e+01
1.615550706673831982e+01
1.579794759734148712e+01
1.545362010773413175e+01
1.512344639787037082e+01
1.480797064910378147e+01
1.450750142671416221e+01
1.422221812871121926e+01
1.395225041055700288e+01
1.369773802154282372e+01
1.345887707322392224e+01
1.323595738688745982e+01
1.302939438289048901e+01
1.283975800668145872e+01
1.266780040132740481e+01
1.251448337540837841e+01
1.238100610983686245e+01
1.226883292621151256e+01
1.217972023001852833e+01
1.211574087043309866e+01
1.207930305118065029e+01
1.207315951680720012e+01
1.210040097861844188e+01
1.216442563264669019e+01
1.226887424403687454e+01
1.241751786519782463e+01
1.261408329356047808e+01
1.286200067228286770e+01
1.316405943539727197e+01
1.352196478615957886e+01
1.393579905331629298e+01
1.440341238769797805e+01
1.491979599369927634e+01
1.547652646737829940e+01
1.606140548552338387e+01
1.665844310080665025e+01
1.724832845729694242e+01
1.780948174359069469e+01
1.831967721538500626e+01
1.875808056941151492e+01
1.910739296482667271e+01
1.935569714439163747e+01
1.949761379104481662e+01
1.953451776443004206e+01
1.947379614072550069e+01
1.932736805953135928e+01
1.910984027899847248e+01
1.883669436602678715e+01
1.852280647887308263e+01
1.818144820960232266e+01
1.782377261725869388e+01
1.745869451918656523e+01
1.709303674363179226e+01
1.673182029478863342e+01
1.637860504207451129e+01
1.603582112551565331e+01
1.570505977717595059e+01
1.538731223831158523e+01
1.508315735844772476e+01
1.479290432523075438e+01
1.451669897749325777e+01
1.425460202958737277e+01
1.400664643939386700e+01
1.377287976202267394e+01
1.355339599022660302e+01
1.334836023268314698e+01
1.315802865423431811e+01
1.298276537713128498e+01
1.282305747840969801e+01
1.267952877098590569e+01
1.255295268340329606e+01
1.244426421938748639e+01
1.235457065322966308e+01
1.228516027560236523e+01
1.223750812709627667e+01
1.221327722998540821e+01
1.221431334700698024e+01
1.224263076551698859e+01
1.230038604966682314e+01
1.238983617022213579e+01
1.251327699283015527e+01
1.267295790542038425e+01
1.287096856895316144e+01
1.310909460969785911e+01
1.338864080295062031e+01
1.371022320281836926e+01
1.407353596997571366e+01
1.447710440146478916e+01
1.491804264064996133e+01
1.539184205772046887e+01
1.589222308122713301e+01
1.641108747269592172e+01
1.693860740401157017e+01
1.746348002443502168e+01
1.797336013941493604e+01
1.845545959170358330e+01
1.889727288872173006e+01
1.928736014047692038e+01
1.961609772454467659e+01
1.987630119028654718e+01
2.006363773240400761e+01
2.017677609461800969e+01
2.021726360309795822e+01
2.018916312407590397e+01
2.009851673335899491e+01
1.995272060396257885e+01
1.975989515484806347e+01
1.952831910651361014e+01
1.926597220876896088e+01
1.898020604955762991e+01
1.867754093936921933e+01
1.836357223189276411e+01
1.804296198097485160e+01
1.771949029560472155e+01
1.739614318614129829e+01
1.707521817470410852e+01
1.675843398056674971e+01
1.644703524196756206e+01
1.614188703269927316e+01
1.584355675033816624e+01
1.555238286942597092e+01
1.526853123549002689e+01
1.499204021324568536e+01
1.472285626549379245e+01
1.446086156518862431e+01
1.420589513296163275e+01
1.395776881545069514e+01
1.371627922061204607e+01
1.348121653115711105e+01
1.325237094033720453e+01
1.302953730149206280e+01
1.281251845526892374e+01
1.260112759473423338e+01
1.239518994599550261e+01
1.219454397725385419e+01
1.199904229929754429e+01
1.180855238249776917e+01
1.162295718695027702e+01
1.144215578150221546e+01
1.126606401238094790e+01
1.109461527170632777e+01
1.092776140931074025e+01
1.076547382723567559e+01
1.060774479442899398e+01
1.045458901908766691e+01
1.030604551744119490e+01
1.016217982029689360e+01
1.002308656217094729e+01
9.888892502143701080e+00
9.759760030551616339e+00
9.635891221101488213e+00
9.517532493775007651e+00
9.404979959739071305e+00
9.298585525061291435e+00
9.198763834903754599e+00
9.106000143420908799e+00
9.020859195992203539e+00
8.943995208564682997e+00
8.876163022286480242e+00
8.818230498333484491e+00
8.771192195337924602e+00
8.736184336867124145e+00
8.714501024847537636e+00
8.707611581525476652e+00
8.717178801161050927e+00
8.745077755528917862e+00
8.793414615482518570e+00
8.864544714152227556e+00
8.961088774782069777e+00
9.085945846699887696e+00
9.242301026731983171e+00
9.433625484385640192e+00
9.663665658269705361e+00
9.936417761545810023e+00
1.025608295779173318e+01
1.062699780571828434e+01
1.105353392107335608e+01
1.153996041752182578e+01
1.209026277883660860e+01
1.270791266566427957e+01
1.339558512095402953e+01
1.415482310181164216e+01
1.498565461523681996e+01
1.588617524893685840e+01
1.685211859330812700e+01
1.787644852980335841e+01
1.894901953718106213e+01
2.005636212206462687e+01
2.118165740489950011e+01
2.230496429964365390e+01
2.340375104834282638e+01
2.445375749890382977e+01
2.543017514687172920e+01
2.630908192786391453e+01
2.706901567562892552e+01
2.769252534751986872e+01
2.816751518986982461e+01
2.848820415558796881e+01
2.865556477378045841e+01
2.867717684544319567e+01
2.856651755281803062e+01
2.834179155300690311e+01
2.802446406141646662e+01
2.763768522462595101e+01
2.720478352293033097e+01
2.674796710398670285e+01
2.628731800935232954e+01
2.584010915336587288e+01
2.542042837684687484e+01
2.503906353380142846e+01
2.470358804617566761e+01
2.441858491965805911e+01
2.418595454003065726e+01
2.400526333478916996e+01
2.387410314237959241e+01
2.378844262254208175e+01
2.374296110059405862e+01
2.373136151852708409e+01
2.374666283593444049e+01
2.378147372597864262e+01
2.382824929579519591e+01
2.387953138977456291e+01
2.392817133526523321e+01
2.396753223016591505e+01
2.399166643987997105e+01
2.399546316161261217e+01
2.397476090847846564e+01
2.392642061852463087e+01
2.384835672745902357e+01
2.373952576231398126e+01
2.359987453122587908e+01
2.343025247331322092e+01
2.323229487354064915e+01
2.300828518241374709e+01
2.276100545000642583e+01
2.249358384550061984e+01
2.220934745678426481e+01
2.191168720810631498e+01
2.160394000862439867e+01
2.128929137585970466e+01
2.097069996966669336e+01
2.065084388320109809e+01
2.033208726931708910e+01
2.001646497825807458e+01
1.970568234082601933e+01
1.940112701003710427e+01
1.910388981195148972e+01
1.881479178311866818e+01
1.853441492014778547e+01
1.826313457722791966e+01
1.800115187302999686e+01
1.774852487530407430e+01
1.750519769763263156e+01
1.727102695627425533e+01
1.704580529164909919e+01
1.682928186007153926e+01
1.662117985160659828e+01
1.642121119609119262e+01
1.622908868881292221e+01
1.604453580738554663e+01
1.586729450872471681e+01
1.569713129558247644e+01
1.553384183076687997e+01
1.537725435793249318e+01
1.522723216378687283e+01
1.508367529006054930e+01
1.494652167632813011e+01
1.481574788790710073e+01
1.469136955733112870e+01
1.457344164369072104e+01
1.446205859158931872e+01
1.435735445051107817e+01
1.425950299582119918e+01
1.416871787409209027e+01
1.408525277755776628e+01
1.400940163477375222e+01
1.394149878648909713e+01
1.388191909678618963e+01
1.383107792917321355e+01
1.378943089500142882e+01
1.375747325685030198e+01
1.373573884199219819e+01
1.372479829047490618e+01
1.372525642872887985e+01
1.373774852322905815e+01
1.376293513039434302e+01
1.380149522000183637e+01
1.385411721218017611e+01
1.392148753586241305e+01
1.400427629410565622e+01
1.410311961521154167e+01
1.421859828622408983e+01
1.435121231719076107e+01
1.450135118244126176e+01
1.466925964237406177e+01
1.485499927964327682e+01
1.505840619990644136e+01
1.527904575857526126e+01
1.551616568349368208e+01
1.576864956001678486e+01
1.603497330408816879e+01
1.631316792367939783e+01
1.660079248698583498e+01
1.689492167797511613e+01
1.719215250399549788e+01
1.748863449129223113e+01
1.778012693413791467e+01
1.806208535805235016e+01
1.832977729218761453e+01
1.857842479858144458e+01
1.880336818353572070e+01
1.900024225913952591e+01
1.916515387788383862e+01
1.929484772080004618e+01
1.938684691865287490e+01
1.943955630544983748e+01
1.945231896857368170e+01
1.942542099234602659e+01
1.936004433311609674e+01
1.925817287099163266e+01
1.912246108018629798e+01
1.895607780435086909e+01
1.876253894045533599e+01
1.854554238150667800e+01
1.830881661240103497e+01
1.805599138191042030e+01
1.779049546506382029e+01
1.751548322518116052e+01
1.723378889460692776e+01
1.694790545432979201e+01
1.665998377011306530e+01
1.637184716611878699e+01
1.608501673210535188e+01
1.580074317988518828e+01
1.552004180826380875e+01
1.524372795386976343e+01
1.497245109062818536e+01
1.470672642722432499e+01
1.444696340886185837e+01
1.419349095184366583e+01
1.394657953841521980e+01
1.370646049506407316e+01
1.347334289317702805e+01
1.324742856893638354e+01
1.302892577901510229e+01
1.281806200566220610e+01
1.261509641093609524e+01
1.242033242337721433e+01
1.223413092647856182e+01
1.205692450947342387e+01
1.188923323748822902e+01
1.173168239808691204e+01
1.158502268036586891e+01
1.145015323384012085e+01
1.132814802633833295e+01
1.122028585666853040e+01
1.112808425532547396e+01
1.105333729146892807e+01
1.099815695009952776e+01
1.096501718613575704e+01
1.095679891762557112e+01
1.097683298110424488e+01
1.102893630844462258e+01
1.111743415320915673e+01
1.124715796199499707e+01
1.142340437738728731e+01
1.165183594613597684e+01
1.193829875646640915e+01
1.228852732686673832e+01
1.270770431322203642e+01
1.319984482512444401e+01
1.376698652200712125e+01
1.440819251015770419e+01
1.511841972105566612e+01
1.588737362765815320e+01
1.669855630862585016e+01
1.752880120622591420e+01
1.834863874607147594e+01
1.912380117615551001e+01
1.981800293684650072e+01
2.039681085687049134e+01
2.083200892434766516e+01
2.110551874742058587e+01
2.121185555018485758e+01
2.115840562280638792e+01
2.096344189904368349e+01
2.065248800134445162e+01
2.025407727880295994e+01
1.979595574449049877e+01
1.930241477716918297e+01
1.879294618191323707e+01
1.828201941763414240e+01
1.777959509301985008e+01
1.729198800380149237e+01
1.682279313344454863e+01
1.637370983565185512e+01
1.594519762816581476e+01
1.553695858540356234e+01
1.514827132250288955e+01
1.477821082559332666e+01
1.442578667533862991e+01
1.409002613383232472e+01
1.377002176211815332e+01
1.346495732677250423e+01
1.317412121639313582e+01
1.289691336158042390e+01
1.263284948113805939e+01
1.238156508396589572e+01
1.214282080344648662e+01
1.191651014982159751e+01
1.170267050931460417e+01
1.150149811005226574e+01
1.131336765538526379e+01
1.113885735312034342e+01
1.097878011052192271e+01
1.083422168600158564e+01
1.070658654834335799e+01
1.059765203728998628e+01
1.050963106547304449e+01
1.044524293635046774e+01
1.040779071437469305e+01
1.040124175129532347e+01
1.043030515846220574e+01
1.050049586919138456e+01
1.061816907953156353e+01
1.079050097524943475e+01
1.102538168810272623e+01
1.133117492296951667e+01
1.171628738498244537e+01
1.218848372858210993e+01
1.275388589123483563e+01
1.341561956844813430e+01
1.417212836577219903e+01
1.501528032032909898e+01
1.592854536210778527e+01
1.688570580867365933e+01
1.785071538479667197e+01
1.877934032583599944e+01
1.962297457133154666e+01
2.033445246124696482e+01
2.087488429003177970e+01
2.121983488988225375e+01
2.136299738706345863e+01
2.131615914113344701e+01
2.110552976656042290e+01
2.076577032717039373e+01
2.033366119552182028e+01
1.984305254761510540e+01
1.932188615576228585e+01
1.879121123861102305e+01
1.826561024656945875e+01
1.775434988176952800e+01
1.726272299490280915e+01
1.679326866572878174e+01
1.634674212485445466e+01
1.592282026103806203e+01
1.552058202514936625e+01
1.513881830737324918e+01
1.477622209683053889e+01
1.443149915358115365e+01
1.410342825457318483e+01
1.379089077749410919e+01
1.349288248895967257e+01
1.320851563169342313e+01
1.293701625884872186e+01
1.267771976328982042e+01
1.243006631707431531e+01
1.219359720000267622e+01
1.196795257195261186e+01
1.175287101185350380e+01
1.154819103043688067e+01
1.135385471682898739e+01
1.116991367120476575e+01
1.099653738862802399e+01
1.083402428063412870e+01
1.068281554194050997e+01
1.054351208166217724e+01
1.041689473254988663e+01
1.030394791682559230e+01
1.020588686833292158e+01
1.012418836809863798e+01
1.006062471766329658e+01
1.001730031740895477e+01
9.996689692286061302e+00
1.000167506227031389e+01
1.003558052937254885e+01
1.010219858423027972e+01
1.020580286839385487e+01
1.035113893619107550e+01
1.054338217565456226e+01
1.078804921507843240e+01
1.109084638527910727e+01
1.145743672371912325e+01
1.189310655976825792e+01
1.240231531631367368e+01
1.298811963653095702e+01
1.365147736317435445e+01
1.439046004948074042e+01
1.519943512581869882e+01
1.606831851053155802e+01
1.698203901169189933e+01
1.792038561048462952e+01
1.885841112610427572e+01
1.976752320902599536e+01
2.061729492732876423e+01
2.137787769911240332e+01
2.202272853466620006e+01
2.253122386926118281e+01
2.289068312977971686e+01
2.309740562034404832e+01
2.315652712465707097e+01
2.308076814299682766e+01
2.288838442116501781e+01
2.260076451619259430e+01
2.224011779548006729e+01
2.182758400400998511e+01
2.138193145372835602e+01
2.091885598621958664e+01
2.045078579230562354e+01
1.998704791594922270e+01
1.953424997199645929e+01
1.909675612198926231e+01
1.867717198746732521e+01
1.827678714712591201e+01
1.789595052687426247e+01
1.753437211672492779e+01
1.719135516076251946e+01
1.686596821969364157e+01
1.655716821197044908e+01
1.626388520901969059e+01
1.598507843646500959e+01
1.571977126489466769e+01
1.546707132193348677e+01
1.522618039557413638e+01
1.499639758825857960e+01
1.477711822274371123e+01
1.456783026640186307e+01
1.436810949226584988e+01
1.417761419446452287e+01
1.399607998852012436e+01
1.382331502484673891e+01
1.365919580404131217e+01
1.350366368768100145e+01
1.335672213508639139e+01
1.321843465501965120e+01
1.308892343430508554e+01
1.296836858758817002e+01
1.285700796002920576e+01
1.275513740484147363e+01
1.266311144815522738e+01
1.258134424316238764e+01
1.251031070268122924e+01
1.245054768324242289e+01
1.240265507379865006e+01
1.236729661762690036e+01
1.234520026652394620e+01
1.233715783179752457e+01
1.234402365691176584e+01
1.236671199241984453e+01
1.240619270599588475e+01
1.246348491064805941e+01
1.253964804515656439e+01
1.263576989619371105e+01
1.275295101662794117e+01
1.289228497603704326e+01
1.305483388617288476e+01
1.324159868669598339e+01
1.345348376743438124e+01
1.369125565662946720e+01
1.395549573456799131e+01
1.424654725221554052e+01
1.456445735544771303e+01
1.490891534169344723e+01
1.527918900201810892e+01
1.567406160868253018e+01
1.609177285854819672e+01
1.652996781703209095e+01
1.698565854274938047e+01
1.745520350463118930e+01
1.793431001068603692e+01
1.841806452704387809e+01
1.890099486957419472e+01
1.937716673038499238e+01
1.984031485698948671e+01
2.028400652307575669e+01
2.070183191260466060e+01
2.108761298296952091e+01
2.143561965669714553e+01
2.174078022343383054e+01
2.199887198582732495e+01
2.220667871222453726e+01
2.236210344431523112e+01
2.246422850965050699e+01
2.251331885359768137e+01
2.251076951401285342e+01
2.245900261847728530e+01
2.236132312090186147e+01
2.222174517286312323e+01
2.204480230500199411e+01
2.183535445888746906e+01
2.159840354613858437e+01
2.133892695021658881e+01
2.106173562642653962e+01
2.077136058968471843e+01
2.047196893425476460e+01
2.016730833202432649e+01
1.986067732474614900e+01
1.955491768292568011e+01
1.925242459850924703e+01
1.895517041385550883e+01
1.866473785008873065e+01
1.838235916931751746e+01
1.810895828716195055e+01
1.784519346541256724e+01
1.759149880291887413e+01
1.734812327023761824e+01
1.711516648155004816e+01
1.689261076011498375e+01
1.668034933404466003e+01
1.647821070574924462e+01
1.628597938189134808e+01
1.610341324275290731e+01
1.593025788168178281e+01
1.576625826670498931e+01
1.561116807591534794e+01
1.546475704273402840e+01
1.532681662202011807e+01
1.519716425733048304e+01
1.507564649641826371e+01
1.496214116839206731e+01
1.485655880323268896e+01
1.475884344343540278e+01
1.466897296887097113e+01
1.458695902970869795e+01
1.451284665839482280e+01
1.444671361007561927e+01
1.438866946126806567e+01
1.433885447874836139e+01
1.429743825428288062e+01
1.426461808572125456e+01
1.424061707090314144e+01
1.422568186765474785e+01
1.422008006080240250e+01
1.422409706563866294e+01
1.423803248678754585e+01
1.426219584221192527e+01
1.429690155462912493e+01
1.434246310747210451e+01
1.439918626057689544e+01
1.446736122303264871e+01
1.454725368836438371e+01
1.463909465191238901e+01
1.474306895359604930e+01
1.485930252299994869e+01
1.498784834971661617e+01
1.512867126181264510e+01
1.528163167049316762e+01
1.544646853022729793e+01
1.562278187047155420e+01
1.581001537598063145e+01
1.600743962394156839e+01
1.621413672189888544e+01
1.642898722204330753e+01
1.665066030339652059e+01
1.687760829939584895e+01
1.710806668769867045e+01
1.734006063374199869e+01
1.757141907216046661e+01
1.779979710575676322e+01
1.802270719107721320e+01
1.823755916221824336e+01
1.844170863138172578e+01
1.863251272085889454e+01
1.880739146607387724e+01
1.896389263576497441e+01
1.909975720527780041e+01
1.921298235696542633e+01
1.930187872664014037e+01
1.936511871029637533e+01
1.940177301007346600e+01
1.941133322127151928e+01
1.939371909922142478e+01
1.934927012262692614e+01
1.927872199443319090e+01
1.918316968977458714e+01
1.906401947666606844e+01
1.892293292214872480e+01
1.876176620793684435e+01
1.858250810365318273e+01
1.838721970504962400e+01
1.817797858970286029e+01
1.795682944211980114e+01
1.772574252925494420e+01
1.748658073744713093e+01
1.724107527182024668e+01
1.699080961117787325e+01
1.673721092856152737e+01
1.648154793579299593e+01
1.622493398134071896e+01
1.596833420691820571e+01
1.571257562624667337e+01
1.545835910486937337e+01
1.520627236974804042e+01
1.495680334192485361e+01
1.471035324941849787e+01
1.446724912983780342e+01
1.422775546615905107e+01
1.399208481139942961e+01
1.376040734787276243e+01
1.353285939556089623e+01
1.330955093428687519e+01
1.309057223886515153e+01
1.287599974845332795e+01
1.266590130406394543e+01
1.246034089445983817e+01
1.225938305293066044e+01
1.206309704781796377e+01
1.187156100983642659e+01
1.168486614061962925e+01
1.150312115062494733e+01
1.132645708148444363e+01
1.115503267886015948e+01
1.098904049752212053e+01
1.082871394130740228e+01
1.067433546735569827e+01
1.052624621696245200e+01
1.038485737477476611e+01
1.025066360378629327e+01
1.012425895501884909e+01
1.000635570634377380e+01
9.897806641551520457e+00
9.799631333172781567e+00
9.713047031818568655e+00
9.639504776804882269e+00
9.580731305699556444e+00
9.538777221189819855e+00
9.516071623652075928e+00
9.515482966776355411e+00
9.540385142588579725e+00
9.594726615602771957e+00
9.683098624207337579e+00
9.810795824577365210e+00
9.983859003370261220e+00
1.020908435693783112e+01
1.049397711837703362e+01
1.084661901121746652e+01
1.127540958893738221e+01
1.178863232969916375e+01
1.239379020363304029e+01
1.309665728010260288e+01
1.390001047866394579e+01
1.480204904225133511e+01
1.579458961948543028e+01
1.686124835188803317e+01
1.797598029729115865e+01
1.910250581094570421e+01
2.019524008955592720e+01
2.120225023866306913e+01
2.207039480147087218e+01
2.275214092339492922e+01
2.321276711992289776e+01
2.343610031945872052e+01
2.342700885022389556e+01
2.320974661082539825e+01
2.282262342043292946e+01
2.231069517700663951e+01
2.171861130113709493e+01
2.108529284243949320e+01
2.044113402563514370e+01
1.980749210128522719e+01
1.919771642142035617e+01
1.861889743402856112e+01
1.807371478535287679e+01
1.756203368674291809e+01
1.708211993805587881e+01
1.663147967059315135e+01
1.620739168720908907e+01
1.580721495534184484e+01
1.542854504493667278e+01
1.506927647328319786e+01
1.472761100344827945e+01
1.440203811813166190e+01
1.409130378601398803e+01
1.379437679071879685e+01
1.351041752652229100e+01
1.323875153671313853e+01
1.297884858899401905e+01
1.273030732145381272e+01
1.249284516451916005e+01
1.226629316378866541e+01
1.205059538173671996e+01
1.184581267551701522e+01
1.165213079509655181e+01
1.146987289924588893e+01
1.129951673375428811e+01
1.114171684683532426e+01
1.099733231976277104e+01
1.086746054957965057e+01
1.075347760877282610e+01
1.065708558277185070e+01
1.058036698741334902e+01
1.052584580328987052e+01
1.049655370191952208e+01
1.049609850203210648e+01
1.052872955143176625e+01
1.059939129959054149e+01
1.071375150362908180e+01
1.087818403747441920e+01
1.109967808584173454e+01
1.138563599798107262e+01
1.174351254731008254e+01
1.218024161834167174e+01
1.270139752788651499e+01
1.331005524872528412e+01
1.400535728561906446e+01
1.478087561501211233e+01
1.562297986352904466e+01
1.650957611704781769e+01
1.740972273186054053e+01
1.828468059706002791e+01
1.909081145369843213e+01
1.978432259565806106e+01
2.032720663311429377e+01
2.069306100725021480e+01
2.087115728754510968e+01
2.086747013557195274e+01
2.070234878618756369e+01
2.040568134218143470e+01
2.001115783025017691e+01
1.955123556785199312e+01
1.905378614638191337e+01
1.854060437203643730e+01
1.802738575623454764e+01
1.752456956668129706e+01
1.703851231366936148e+01
1.657264113050506538e+01
1.612841680453901105e+01
1.570606071004239190e+01
1.530506593364867207e+01
1.492453761349924868e+01
1.456340949913100502e+01
1.422057612558964657e+01
1.389497011329020282e+01
1.358560522624745737e+01
1.329159895535346081e+01
1.301218351308052235e+01
1.274671084270445043e+01
1.249465512285695290e+01
1.225561492036100120e+01
1.202931633855919635e+01
1.181561803570818547e+01
1.161451872240601269e+01
1.142616760590026104e+01
1.125087817812880076e+01
1.108914570603576166e+01
1.094166874851729965e+01
1.080937496870210524e+01
1.069345140598509225e+01
1.059537918667497003e+01
1.051697234368932854e+01
1.046041993068544862e+01
1.042832988593014676e+01
1.042377204205290475e+01
1.045031619237064113e+01
1.051205911113685332e+01
1.061363179791081102e+01
1.076017494296758592e+01
1.095726677737147448e+01
1.121078338309922628e+01
1.152666786119464426e+01
1.191058269089360522e+01
1.236742106913157180e+01
1.290066069450911179e+01
1.351156065912013915e+01
1.419823206669943616e+01
1.495465738581843240e+01
1.576979008572274843e+01
1.662692551029650545e+01
1.750357756419288791e+01
1.837209627895136066e+01
1.920118955083086121e+01
1.995835198011907607e+01
2.061297036717630249e+01
2.113962918102232535e+01
2.152097604496468364e+01
2.174951986449524099e+01
2.182795718376563343e+01
2.176799508859116727e+01
2.158802231143275208e+01
2.131022636957398575e+01
2.095778619710053192e+01
2.055261282649816579e+01
2.011386360606535817e+01
1.965722489690643826e+01
1.919480930625954684e+01
1.873545794419695909e+01
1.828525183215031191e+01
1.784808483920298272e+01
1.742620543382506426e+01
1.702068048830319213e+01
1.663176619322893046e+01
1.625918980787777102e+01
1.590235487840516271e+01
1.556048527090963240e+01
1.523272270271663054e+01
1.491819028940251535e+01
1.461603205546134454e+01
1.432543594189369074e+01
1.404564581322034122e+01
1.377596636830523735e+01
1.351576365715462735e+01
1.326446303104815705e+01
1.302154573334492760e+01
1.278654490862516546e+01
1.255904151613348496e+01
1.233866043954229674e+01
1.212506695904406762e+01
1.191796367221936137e+01
1.171708790184888294e+01
1.152220960132882688e+01
1.133312975443565485e+01
1.114967926104821316e+01
1.097171830088313094e+01
1.079913617126264391e+01
1.063185160109547311e+01
1.046981355079711662e+01
1.031300251631925669e+01
1.016143236451998888e+01
1.001515273663119387e+01
9.874252066473324874e+00
9.738861270254020042e+00
9.609158175166017557e+00
9.485372764413058988e+00
9.367793326483237593e+00
9.256773606056826864e+00
9.152741062280115969e+00
9.056206346388652406e+00
8.967774113595275765e+00
8.888155282074567509e+00
8.818180842473489989e+00
8.758817301581458992e+00
8.711183809551076962e+00
8.676570966118276829e+00
8.656461220916757071e+00
8.652550667794310257e+00
8.666771872663490583e+00
8.701317156441545464e+00
8.758661464649851069e+00
8.841583577274821693e+00
8.953183929990542467e+00
9.096896715582287740e+00
9.276493201712963099e+00
9.496072337005838193e+00
9.760033737951836486e+00
1.007302709841283672e+01
1.043987102742862838e+01
1.086543344477728823e+01
1.135446517064410799e+01
1.191137855472613971e+01
1.253996432458361454e+01
1.324304281090449997e+01
1.402205089610739996e+01
1.487657395117032166e+01
1.580384297334486021e+01
1.679823094391928606e+01
1.785079813486583333e+01
1.894895164872903237e+01
2.007629652432847678e+01
2.121275974958030019e+01
2.233505942251021992e+01
2.341756479638519650e+01
2.443354741611038605e+01
2.535676210605334902e+01
2.616322835918929357e+01
2.683302244204069353e+01
2.735185557852549820e+01
2.771221846613859441e+01
2.791392291174836160e+01
2.796396058032404497e+01
2.787570741082242165e+01
2.766760404860328748e+01
2.736151346825887032e+01
2.698098262561459748e+01
2.654961519561147654e+01
2.608970913924046897e+01
2.562124428040057467e+01
2.516123906927459331e+01
2.472344463880576271e+01
2.431831331674388608e+01
2.395316697940601713e+01
2.363249338169920222e+01
2.335831007364800982e+01
2.313055054872826588e+01
2.294744216843372442e+01
2.280585805236214370e+01
2.270163466773235328e+01
2.262985329106939858e+01
2.258508729296210404e+01
2.256161893021823772e+01
2.255362963762486572e+01
2.255536723500648577e+01
2.256129244021810720e+01
2.256620593634669447e+01
2.256535621952622250e+01
2.255452770928940609e+01
2.253010822272406699e+01
2.248913492142432347e+01
2.242931820732447434e+01
2.234904369736297269e+01
2.224735324389709135e+01
2.212390686826047670e+01
2.197892831949597436e+01
2.181313765542967431e+01
2.162767469311139834e+01
2.142401734973291383e+01
2.120389878983012011e+01
2.096922693926920900e+01
2.072200937548897315e+01
2.046428592541573721e+01
2.019807056968851455e+01
1.992530353087487072e+01
1.964781376823599501e+01
1.936729155010175063e+01
1.908527034783956111e+01
1.880311699810785697e+01
1.852202890557337511e+01
1.824303699092201825e+01
1.796701310830175657e+01
1.769468074015298598e+01
1.742662790439318243e+01
1.716332136030792910e+01
1.690512135983312447e+01
1.665229634844681073e+01
1.640503716640210641e+01
1.616347043139961315e+01
1.592767089542249082e+01
1.569767266067787048e+01
1.547347921311570573e+01
1.525507228843350838e+01
1.504241962692708157e+01
1.483548170232471897e+01
1.463421752815182586e+01
1.443858965537834216e+01
1.424856847904031021e+01
1.406413597087136225e+01
1.388528895112547445e+01
1.371204200684775643e+01
1.354443015673820838e+01
1.338251135511789691e+01
1.322636891982013374e+01
1.307611396139911975e+01
1.293188788404152234e+01
1.279386502202674336e+01
1.266225546944409075e+01
1.253730815497298856e+01
1.241931420759957483e+01
1.230861065280918965e+01
1.220558447157457671e+01
1.211067704573785697e+01
1.202438900239007857e+01
1.194728545563156352e+01
1.188000162547833050e+01
1.182324878923860467e+01
1.177782048869951481e+01
1.174459887489049592e+01
1.172456101862935363e+01
1.171878494676315619e+01
1.172845507793670983e+01
1.175486662460885157e+01
1.179942839666386689e+01
1.186366328349363997e+01
1.194920550399436365e+01
1.205779349753123597e+01
1.219125708671726294e+01
1.235149728287480286e+01
1.254045684258326609e+01
1.276007944420545925e+01
1.301225517575726798e+01
1.329874996619171057e+01
1.362111672779528959e+01
1.398058640672874198e+01
1.437793798100829612e+01
1.481334783253718967e+01
1.528622098052703571e+01
1.579500949314676994e+01
1.633702701023688064e+01
1.690827259251634374e+01
1.750328173425203460e+01
1.811502673556422849e+01
1.873489181650127122e+01
1.935274917854905041e+01
1.995715935410135344e+01
2.053571145057373215e+01
2.107550568117853018e+01
2.156376232601084553e+01
2.198851990052973804e+01
2.233936431627043007e+01
2.260811486350322141e+01
2.278938674713672086e+01
2.288095717711678034e+01
2.288388338814415590e+01
2.280235355203857850e+01
2.264328913689566747e+01
2.241575188021696974e+01
2.213023277503159036e+01
2.179790972822885564e+01
2.142995429173369359e+01
2.103694936763890766e+01
2.062845470231344436e+01
2.021273137710450030e+01
1.979661516957804324e+01
1.938551423853652267e+01
1.898349954403017747e+01
1.859345562541588848e+01
1.821726290853797181e+01
1.785598858598221739e+01
1.751006965261157333e+01
1.717947775531428789e+01
1.686386052382106726e+01
1.656265778613618878e+01
1.627519359754384354e+01
1.600074652306102863e+01
1.573860135223787182e+01
1.548808562531755761e+01
1.524859420682192912e+01
1.501960480676425469e+01
1.480068692745800263e+01
1.459150627535172440e+01
1.439182626451354885e+01
1.420150787323845876e+01
1.402050880609884764e+01
1.384888266033464710e+01
1.368677859244990813e+01
1.353444182022887077e+01
1.339221516788366628e+01
1.326054175810598856e+01
1.313996886483239557e+01
1.303115285504894416e+01
1.293486505743528348e+01
1.285199829034334407e+01
1.278357365137078361e+01
1.273074700496315437e+01
1.269481439201372375e+01
1.267721531540881408e+01
1.267953251825023564e+01
1.270348646081525068e+01
1.275092221877818233e+01
1.282378598158118876e+01
1.292408775870895532e+01
1.305384636574361323e+01
1.321501236709088900e+01
1.340936456059430704e+01
1.363837603192981618e+01
1.390304708696191405e+01
1.420370484879355644e+01
1.453977335323537901e+01
1.490952387341773289e+01
1.530982298138470910e+01
1.573590506304032566e+01
1.618120545653659903e+01
1.663729795706284165e+01
1.709398306583600657e+01
1.753956748993191184e+01
1.796135794103765448e+01
1.834636219148471525e+01
1.868215033206324804e+01
1.895778673733121877e+01
1.916470998399129400e+01
1.929742650287008487e+01
1.935390270050511674e+01
1.933558940108152768e+01
1.924708065154748127e+01
1.909547726299214787e+01
1.888957429810036359e+01
1.863900864804492130e+01
1.835348715170666622e+01
1.804217723016325081e+01
1.771329561959618459e+01
1.737388997368771371e+01
1.702978079331297323e+01
1.668561893262926432e+01
1.634501392196505520e+01
1.601069577046405357e+01
1.568468325794098917e+01
1.536844182739652531e+01
1.506302238522356696e+01
1.476917811340917019e+01
1.448746000134011602e+01
1.421829371516897389e+01
1.396204118138524386e+01
1.371905032333322971e+01
1.348969608481296056e+01
1.327441541590975937e+01
1.307373840312881974e+01
1.288831725456902255e+01
1.271895441504845969e+01
1.256663067327633776e+01
1.243253370413279413e+01
1.231808702300132730e+01
1.222497876557526553e+01
1.215518898683292370e+01
1.211101323118113093e+01
1.209507889350795828e+01
1.211034930625018902e+01
1.216010851454876551e+01
1.224791736343564530e+01
1.237752895429945355e+01
1.255274906152327397e+01
1.277722535948446492e+01
1.305414933210172457e+01
1.338585805754610725e+01
1.377333169017661518e+01
1.421559861285797766e+01
1.470908561423791916e+01
1.524698495852230629e+01
1.581875007432429747e+01
1.640986735262651663e+01
1.700206729393988780e+01
1.757411389925348288e+01
1.810322984977942085e+01
1.856707510826111829e+01
1.894602418576601721e+01
1.922533893290375673e+01
1.939677970083372571e+01
1.945928688973565457e+01
1.941858801273821555e+01
1.928586590537454981e+01
1.907585138336362718e+01
1.880479400777936760e+01
1.848870295496148231e+01
1.814208975370640786e+01
1.777726687132966177e+01
1.740412389841914020e+01
1.703023988398092214e+01
1.666118601346908790e+01
1.630090230509044247e+01
1.595207183177879351e+01
1.561645152015120530e+01
1.529514405365741858e+01
1.498881073153259891e+01
1.469783269716650764e+01
1.442243053552501131e+01
1.416275210025343689e+01
1.391893706993777791e+01
1.369116501708254674e+01
1.347969213206110517e+01
1.328488034421561714e+01
1.310722145051360421e+01
1.294735796157742413e+01
1.280610164524114403e+01
1.268445012564811769e+01
1.258360132311502966e+01
1.250496494662026237e+01
1.245016963644035535e+01
1.242106367022553748e+01
1.241970637818180556e+01
1.244834657112479448e+01
1.250938341183768721e+01
1.260530434735301597e+01
1.273859412732227625e+01
1.291160880855295900e+01
1.312640933571038104e+01
1.338455123753481502e+01
1.368683068945480663e+01
1.403299313262995973e+01
1.442141905965997140e+01
1.484881225724437392e+01
1.530992771571818878e+01
1.579738745755653540e+01
1.630163938708155058e+01
1.681111274378270082e+01
1.731260980057071919e+01
1.779194484168711554e+01
1.823479975249629703e+01
1.862771759790781800e+01
1.895911320316118065e+01
1.922015696701519261e+01
1.940539592864399765e+01
1.951301703282162947e+01
1.954472291594406030e+01
1.950526253665469056e+01
1.940171724879621706e+01
1.924267262345981067e+01
1.903740340891244642e+01
1.879517021746965000e+01
1.852468490208796581e+01
1.823376047746064188e+01
1.792913002597653005e+01
1.761640083355354136e+01
1.730010393911969047e+01
1.698380181660520094e+01
1.667022405052444611e+01
1.636140939540860728e+01
1.605884049123600121e+01
1.576356378396908475e+01
1.547629166415889301e+01
1.519748669220417270e+01
1.492742939269640345e+01
1.466627184939974704e+01
1.441407953329409608e+01
1.417086368403280794e+01
1.393660629976589860e+01
1.371127947123478208e+01
1.349486048014496831e+01
1.328734379750064676e+01
1.308875087583006369e+01
1.289913843111497371e+01
1.271860575175473329e+01
1.254730144687390947e+01
1.238542994800780228e+01
1.223325800022655585e+01
1.209112131522956979e+01
1.195943150464261429e+01
1.183868336201830473e+01
1.172946251261930861e+01
1.163245339694286429e+01
1.154844749322059805e+01
1.147835161190072384e+01
1.142319600745641139e+01
1.138414194583982564e+01
1.136248823576293354e+01
1.135967607547469171e+01
1.137729138159356701e+01
1.141706355247088212e+01
1.148085937815559987e+01
1.157067054957179941e+01
1.168859295493715855e+01
1.183679570482090782e+01
1.201747763356197929e+01
1.223280893370617051e+01
1.248485565809835407e+01
1.277548515492090608e+01
1.310625118252531074e+01
1.347825858855616943e+01
1.389200912902988527e+01
1.434723231347091321e+01
1.484270809215751363e+01
1.537609164324665834e+01
1.594375420988469472e+01
1.654065742856083787e+01
1.716028122590339322e+01
1.779462632187922821e+01
1.843431078250693389e+01
1.906877515945981116e+01
1.968660216027182486e+01
2.027594478514704335e+01
2.082504257619551780e+01
2.132279107460865575e+01
2.175931745057879851e+01
2.212650837172946083e+01
2.241843672266213972e+01
2.263164266658136015e+01
2.276524084362974421e+01
2.282084655903216586e+01
2.280233577406626111e+01
2.271547251881536056e+01
2.256744979285548425e+01
2.236639451621267938e+01
2.212088388978387954e+01
2.183951139832738164e+01
2.153052825504073553e+01
2.120157302709221980e+01
2.085949064034435096e+01
2.051023323557971523e+01
2.015882987325737830e+01
1.980940962284949691e+01
1.946526249079521165e+01
1.912892416137086826e+01
1.880227291666160738e+01
1.848662978417057090e+01
1.818285553452713543e+01
1.789144038692288419e+01
1.761258407797807735e+01
1.734626530239780351e+01
1.709230048544507596e+01
1.685039246683467695e+01
1.662017003760028899e+01
1.640121944482880068e+01
1.619310902221128146e+01
1.599540806324038655e+01
1.580770096312028627e+01
1.562959753965819587e+01
1.546074031924795733e+01
1.530080945217696886e+01
1.514952580814854421e+01
1.500665270132022400e+01
1.487199660548812119e+01
1.474540714418436416e+01
1.462677657652828067e+01
1.451603894641557524e+01
1.441316901861945787e+01
1.431818108918061938e+01
1.423112772772599044e+01
1.415209848485189958e+01
1.408121857735494231e+01
1.401864754696409499e+01
1.396457787353750568e+01
1.391923351079320881e+01
1.388286830103058378e+01
1.385576421457727925e+01
1.383822934959054862e+01
1.383059561819531602e+01
1.383321603571557112e+01
1.384646152103846006e+01
1.387071710816561954e+01
1.390637746212720316e+01
1.395384158719912726e+01
1.401350661249270324e+01
1.408576054039197700e+01
1.417097384811453153e+01
1.426948984318433311e+01
1.438161369133209533e+01
1.450760006192540175e+01
1.464763937319574616e+01
1.480184266895416378e+01
1.497022522165657143e+01
1.515268903467068284e+01
1.534900450980410902e+01
1.555879165396508235e+01
1.578150131925214872e+01
1.601639710004894113e+01
1.626253864294702112e+01
1.651876725223753084e+01
1.678369478448442820e+01
1.705569690712823316e+01
1.733291183311264660e+01
1.761324562020922002e+01
1.789438502461774405e+01
1.817381871062467269e+01
1.844886733354425346e+01
1.871672263116227697e+01
1.897449518850952899e+01
1.921927000255982065e+01
1.944816840003911906e+01
1.965841429674962626e+01
1.984740228269759399e+01
2.001276462927886257e+01
2.015243409509756844e+01
2.026469939741994963e+01
2.034825044086369417e+01
2.040221085447594618e+01
2.042615605756216368e+01
2.042011590301717305e+01
2.038456186368036427e+01
2.032037964956758458e+01
2.022882898736507329e+01
2.011149298333041457e+01
1.997021997059499654e+01
1.980706098089560996e+01
1.962420597566669400e+01
1.942392174467401134e+01
1.920849397491228316e+01
1.898017546416578938e+01
1.874114186284339567e+01
1.849345573173308210e+01
1.823903915039386803e+01
1.797965463650724161e+01
1.771689376210776246e+01
1.745217258634852442e+01
1.718673286331311090e+01
1.692164791611419972e+01
1.665783207876991412e+01
1.639605267652551390e+01
1.613694362485914269e+01
1.588101986055552395e+01
1.562869196083165058e+01
1.538028044756221036e+01
1.513602940531472463e+01
1.489611915913378581e+01
1.466067785816002633e+01
1.442979189344596769e+01
1.420351514330891973e+01
1.398187708871619606e+01
1.376488987653381990e+01
1.355255443222578116e+01
1.334486573802698750e+01
1.314181739986694453e+01
1.294340562831970409e+01
1.274963275727136747e+01
1.256051042023528197e+01
1.237606249945652337e+01
1.219632795804627712e+01
1.202136366108464216e+01
1.185124728846540343e+01
1.168608044062476203e+01
1.152599203847756648e+01
1.137114212106251543e+01
1.122172614867079865e+01
1.107797992561677169e+01
1.094018526522866530e+01
1.080867652989901906e+01
1.068384819078563375e+01
1.056616356441345417e+01
1.045616489608782196e+01
1.035448497131387846e+01
1.026186044428570554e+01
1.017914707399320129e+01
1.010733704934039956e+01
1.004757855886841966e+01
1.000119770986468382e+01
9.969722814337371730e+00
9.954910920024335752e+00
9.958776252676720731e+00
9.983619924476155205e+00
1.003205981854355500e+01
1.010705893921999099e+01
1.021194967301050660e+01
1.035045028197861328e+01
1.052666849782365155e+01
1.074508526285395327e+01
1.101050947165563620e+01
1.132799207426877608e+01
1.170268530357839332e+01
1.213963048274428758e+01
1.264345654485613402e+01
1.321797214560448630e+01
1.386563862996453267e+01
1.458692113253619382e+01
1.537953297021482335e+01
1.623761606575800442e+01
1.715093776415922378e+01
1.810422923204805556e+01
1.907683465727872374e+01
2.004286906051551753e+01
2.097207506945000688e+01
2.183150358083635467e+01
2.258800668015564028e+01
2.321133283789760071e+01
2.367739720683755067e+01
2.397113843100331465e+01
2.408835049877399825e+01
2.403604283323521074e+01
2.383121001863469957e+01
2.349828070691142656e+01
2.306582159205429505e+01
2.256318773407751621e+01
2.201771318101694419e+01
2.145279387733798160e+01
2.088693930567165324e+01
2.033365460148047887e+01
1.980190395889501787e+01
1.929689157221596219e+01
1.882094326763197500e+01
1.837434248205346421e+01
1.795604146101855747e+01
1.756421951860554387e+01
1.719669246555169906e+01
1.685119396188802554e+01
1.652555540933825640e+01
1.621781050077363773e+01
1.592624695704915716e+01
1.564942337590976784e+01
1.538616463200057183e+01
1.513554542044114548e+01
1.489686848364738836e+01
1.466964176826044941e+01
1.445355711155448830e+01
1.424847191872308372e+01
1.405439453610436473e+01
1.387147354235051999e+01
1.369999088331493908e+01
1.354035860043449802e+01
1.339311879624660229e+01
1.325894640626154164e+01
1.313865427417711018e+01
1.303319993340421590e+01
1.294369336130487902e+01
1.287140477426258656e+01
1.281777125340388857e+01
1.278440061538214501e+01
1.277307045609959602e+01
1.278571969056518753e+01
1.282442919605676757e+01
1.289138736958415166e+01
1.298883560515546520e+01
1.311898801198171149e+01
1.328391934510219663e+01
1.348541542441359731e+01
1.372478171457608731e+01
1.400260876873942806e+01
1.431849848335029662e+01
1.467076303732820364e+01
1.505611909067379628e+01
1.546941263860153626e+01
1.590342301751107712e+01
1.634880458882674148e+01
1.679422679745203695e+01
1.722676222005391367e+01
1.763254374366512067e+01
1.799766596897748983e+01
1.830924873492723393e+01
1.855652619244394685e+01
1.873179177101869186e+01
1.883103441840885850e+01
1.885415094319790086e+01
1.880470325665861253e+01
1.868928325700793280e+01
1.851662242738741426e+01
1.829661624783071971e+01
1.803942044139705558e+01
1.775472894623462139e+01
1.745128332123785952e+01
1.713660973342903304e+01
1.681694426387653252e+01
1.649729213641593972e+01
1.618156725620110237e+01
1.587276838727781048e+01
1.557316134745363811e+01
1.528444878478400071e+01
1.500791856652328704e+01
1.474456820249536726e+01
1.449520648125626110e+01
1.426053532909410571e+01
1.404121548846251066e+01
1.383791948046230047e+01
1.365137482039478378e+01
1.348239980745955258e+01
1.333193351716187003e+01
1.320106092861934322e+01
1.309103341978781820e+01
1.300328414224704510e+01
1.293943701701331506e+01
1.290130725061260009e+01
1.289089034682524826e+01
1.291033560101289801e+01
1.296189907087156712e+01
1.304787014472639584e+01
1.317046529111808972e+01
1.333168270111193188e+01
1.353311278549670149e+01
1.377570243398443495e+01
1.405947619594305920e+01
1.438322559746064933e+01
1.474418876795327904e+01
1.513775572307925188e+01
1.555724812243484401e+01
1.599383263487176166e+01
1.643662933203406951e+01
1.687306542932243403e+01
1.728949628062125399e+01
1.767207001968278490e+01
1.800775641089111900e+01
1.828540818054945305e+01
1.849669224874172713e+01
1.863673415916031573e+01
1.870436641070274675e+01
1.870194997209940624e+01
1.863482480860514912e+01
1.851051300865050209e+01
1.833782829711788409e+01
1.812603485620045873e+01
1.788415748128348426e+01
1.762049251857964549e+01
1.734232168554205344e+01
1.705579869032282403e+01
1.676596358840185985e+01
1.647683864370049989e+01
1.619156660734666886e+01
1.591256274061647957e+01
1.564166214885828943e+01
1.538025231756020261e+01
1.512938666127214482e+01
1.488987863193332473e+01
1.466237799001266140e+01
1.444743175125167411e+01
1.424553252389955382e+01
1.405715676366800615e+01
1.388279510255993721e+01
1.372297647480321814e+01
1.357828733196708093e+01
1.344938683731002627e+01
1.333701856309828493e+01
1.324201888014708395e+01
1.316532191829544018e+01
1.310796068218370536e+01
1.307106362373055042e+01
1.305584570137167155e+01
1.306359270384809435e+01
1.309563739982083064e+01
1.315332592200513062e+01
1.323797274741668240e+01
1.335080274969720371e+01
1.349287914490964191e+01
1.366501680759567172e+01
1.386768147820914798e+01
1.410087687892024633e+01
1.436402372410469575e+01
1.465583700351218788e+01
1.497421056968701691e+01
1.531612067424605605e+01
1.567756221035182307e+01
1.605353243399026297e+01
1.643807619337358261e+01
1.682440360668026713e+01
1.720508537411067351e+01
1.757232265283197847e+01
1.791827846959015957e+01
1.823544747316198666e+01
1.851703239981051752e+01
1.875729097250934174e+01
1.895181761831867462e+01
1.909773087250452761e+01
1.919374880898851998e+01
1.924014921777577669e+01
1.923862573238100637e+01
1.919206292005424430e+01
1.910426049266175141e+01
1.897963852579220756e+01
1.882295241478067283e+01
1.863903970858570247e+01
1.843261279472532976e+01
1.820810337290741643e+01
1.796955797635787633e+01
1.772057909343488191e+01
1.746430378113961268e+01
1.720341074976016316e+01
1.694014725921969955e+01
1.667636830541226090e+01
1.641358206599577230e+01
1.615299711248690429e+01
1.589556828873850947e+01
1.564203931109741674e+01
1.539298103733008105e+01
1.514882499632988377e+01
1.490989220636138590e+01
1.467641758064647028e+01
1.444857036820148721e+01
1.422647114171703997e+01
1.401020585217766801e+01
1.379983744379628163e+01
1.359541547832436414e+01
1.339698416547486914e+01
1.320458914281767271e+01
1.301828329807692342e+01
1.283813188137037109e+01
1.266421711541798700e+01
1.249664247815223916e+01
1.233553680405444908e+01
1.218105832722974569e+01
1.203339876989787882e+01
1.189278756374607582e+01
1.175949627757291438e+01
1.163384331195035948e+01
1.151619890932905044e+01
1.140699051515755080e+01
1.130670851116394715e+01
1.121591232484776235e+01
1.113523689821555251e+01
1.106539947247245692e+01
1.100720661218161212e+01
1.096156135055713854e+01
1.092947028510898910e+01
1.091205038769886748e+01
1.091053521300746532e+01
1.092628009232811515e+01
1.096076578365348020e+01
1.101559991300764807e+01
1.109251538582785557e+01
1.119336477267760444e+01
1.132010948518649052e+01
1.147480236430154754e+01
1.165956211750283877e+01
1.187653788538210975e+01
1.212786212040666101e+01
1.241558996149816707e+01
1.274162343804162312e+01
1.310761919757916694e+01
1.351487909230286455e+01
1.396422395229506996e+01
1.445585228178818049e+01
1.498918747779385185e+01
1.556271948132742544e+01
1.617384944996445384e+01
1.681874890444763793e+01
1.749224754299252282e+01
1.818776608975957387e+01
1.889731158363008845e+01
1.961155179123821313e+01
2.031998235672888242e+01
2.101119448543507318e+01
2.167324237695605760e+01
2.229409878906620435e+01
2.286217516935988314e+01
2.336687145900930673e+01
2.379911202605849141e+01
2.415182024236814584e+01
2.442028643188189108e+01
2.460239270365219610e+01
2.469867264771382054e+01
2.471220187406714786e+01
2.464833394653769361e+01
2.451431228987341981e+01
2.431879960570849164e+01
2.407137084602646837e+01
2.378201385407600554e+01
2.346067459181687909e+01
2.311687339181338530e+01
2.275940706990764539e+01
2.239614090259341950e+01
2.203388571318327749e+01
2.167834924863359092e+01
2.133414769288743429e+01
2.100486216577553833e+01
2.069312579959785836e+01
2.040072882909862884e+01
2.012873151069646482e+01
1.987757717249327527e+01
1.964720000141897671e+01
1.943712413943631745e+01
1.924655222657684206e+01
1.907444270024501876e+01
1.891957598150268538e+01
1.878061021101870409e+01
1.865612750438052103e+01
1.854467183785680007e+01
1.844477970182768445e+01
1.835500461015827511e+01
1.827393646029993590e+01
1.820021662300134579e+01
1.813254951752899302e+01
1.806971130830466166e+01
1.801055624802322086e+01
1.795402109397205237e+01
1.789912793984536776e+01
1.784498573494870399e+01
1.779079070560882769e+01
1.773582584863463651e+01
1.767945963234085482e+01
1.762114401536283381e+01
1.756041187566674466e+01
1.749687393026772497e+01
1.743021521879310498e+01
1.736019121989394165e+01
1.728662366750208434e+01
1.720939613310976668e+01
1.712844943984833535e+01
1.704377697356960653e+01
1.695541995496174792e+01
1.686346273468902979e+01
1.676802817049681593e+01
1.666927314115247327e+01
1.656738424707791779e+01
1.646257374172148147e+01
1.635507573131620518e+01
1.624514267390753730e+01
1.613304220164312497e+01
1.601905428353004979e+01
1.590346873938872641e+01
1.578658310974437917e+01
1.566870088103609859e+01
1.555013006088864813e+01
1.543118209434132027e+01
1.531217110887991062e+01
1.519341347385526220e+01
1.507522765834671219e+01
1.495793437066676290e+01
1.484185696240889030e+01
1.472732208010137889e+01
1.461466054802131431e+01
1.450420846640939843e+01
1.439630851006438839e+01
1.429131141293459351e+01
1.418957762470271611e+01
1.409147912530906943e+01
1.399740138269251766e+01
1.390774543754691983e+01
1.382293009636945058e+01
1.374339421026520824e+01
1.366959901158660173e+01
1.360203047320625025e+01
1.354120164568881002e+01
1.348765491543990080e+01
1.344196411163217952e+01
1.340473637087507264e+01
1.337661364573297895e+01
1.335827371585676104e+01
1.335043052829699306e+01
1.335383365628010033e+01
1.336926662336197857e+01
1.339754379282526742e+01
1.343950547142548757e+01
1.349601082389687434e+01
1.356792814288515991e+01
1.365612197252039017e+01
1.376143654886119805e+01
1.388467500536150823e+01
1.402657380735913861e+01
1.418777194020498200e+01
1.436877449763293058e+01
1.456991051912091706e+01
1.479128522708210269e+01
1.503272723523311427e+01
1.529373185207220942e+01
1.557340229188916148e+01
1.587039141762851813e+01
1.618284753886949900e+01
1.650836870626740449e+01
1.684397077560207023e+01
1.718607511546827027e+01
1.753052202470413334e+01
1.787261551465760689e+01
1.820720391725755860e+01
1.852879868043038414e+01
1.883173069594925053e+01
1.911033972088189969e+01
1.935918824667866289e+01
1.957328707591660688e+01
1.974831655981510181e+01
1.988082563093766097e+01
1.996839100939184775e+01
2.000972155207966097e+01
2.000469752447751759e+01
1.995434102471323357e+01
1.986072093202221112e+01
1.972680245573528524e+01
1.955625656428173542e+01
1.935324752045291063e+01
1.912221714651014537e+01
1.886768249097715966e+01
1.859405986618059714e+01
1.830552358732718687e+01
1.800590300041185188e+01
1.769861721568829083e+01
1.738664379636770008e+01
1.707251565393858073e+01
1.675833951504234420e+01
1.644582934627941739e+01
1.613634878194520184e+01
1.583095762376619930e+01
1.553045864121697583e+01
1.523544202743629050e+01
1.494632585402256986e+01
1.466339166727452969e+01
1.438681496831078910e+01
1.411669073553100340e+01
1.385305440947784206e+01
1.359589890152826008e+01
1.334518824210863563e+01
1.310086848009219196e+01
1.286287640585365821e+01
1.263114661356292601e+01
1.240561735604942761e+01
1.218623558617188962e+01
1.197296152715406592e+01
1.176577307364187597e+01
1.156467029669109969e+01
1.136968031004017732e+01
1.118086275197678958e+01
1.099831614687569825e+01
1.082218543315392800e+01
1.065267098021598535e+01
1.049003946638364582e+01
1.033463705335018545e+01
1.018690537078280123e+01
1.004740091725560625e+01
9.916818589579092347e+00
9.796020168596783151e+00
9.686068708874833177e+00
9.588269889754226227e+00
9.504221463910145218e+00
9.435871950219118176e+00
9.385589601602033483e+00
9.356242344087322138e+00
9.351288691981121559e+00
9.374878391449291470e+00
9.431959439355692254e+00
9.528384765592630146e+00
9.671006735035259538e+00
9.867740097388351117e+00
1.012756345091822041e+01
1.046041525240050873e+01
1.087692311668574519e+01
1.138788629150256959e+01
1.200341522836519026e+01
1.273162811267788008e+01
1.357682743820178395e+01
1.453715242282394371e+01
1.560185060046105576e+01
1.674855042374168690e+01
1.794122810853890826e+01
1.912985876972550159e+01
2.025284165599262209e+01
2.124294355222059849e+01
2.203653538653043853e+01
2.258443479879862537e+01
2.286132848784260929e+01
2.287046589472046776e+01
2.264169169221737477e+01
2.222347710089155726e+01
2.167197256670350214e+01
2.104083436770653748e+01
2.037445609180444706e+01
1.970527518142769452e+01
1.905427006882433361e+01
1.843318170381854415e+01
1.784719540053264808e+01
1.729732947520919595e+01
1.678224026531371038e+01
1.629943813438422140e+01
1.584603192643219849e+01
1.541914274186263789e+01
1.501610673717673450e+01
1.463455373404005044e+01
1.427241859499461007e+01
1.392792003813034540e+01
1.359952661695444753e+01
1.328592028703864614e+01
1.298596252973496412e+01
1.269866499241165059e+01
1.242316505378526870e+01
1.215870600273886026e+01
1.190462124757897122e+01
1.166032192867523243e+01
1.142528736824916358e+01
1.119905789228378090e+01
1.098122966963954816e+01
1.077145131902932818e+01
1.056942213150951382e+01
1.037489184527226627e+01
1.018766199365520642e+01
1.000758893024118379e+01
9.834588720892867286e+00
9.668644185887764309e+00
9.509814480385728075e+00
9.358247722675747227e+00
9.214197321284864017e+00
9.078042817913715368e+00
8.950316256024841266e+00
8.831735305229059918e+00
8.723244615607210761e+00
8.626067132418169692e+00
8.541767346064300881e+00
8.472328639364837599e+00
8.420246945055748000e+00
8.388642709561363375e+00
8.381392464057219271e+00
8.403279805047958462e+00
8.460162797576371574e+00
8.559150036904428660e+00
8.708769890310145811e+00
8.919105597801546992e+00
9.201851634909161248e+00
9.570223005854204601e+00
1.003861906373074930e+01
1.062190996991946612e+01
1.133418544860750288e+01
1.218679973755864410e+01
1.318559406915293764e+01
1.432732192564683160e+01
1.559558814041828967e+01
1.695705696185999756e+01
1.835921575628072588e+01
1.973137445539030921e+01
2.099044157343969630e+01
2.205193238025732683e+01
2.284458101363622262e+01
2.332458489349984276e+01
2.348440415847649732e+01
2.335248170286293501e+01
2.298397834948024965e+01
2.244646959937598041e+01
2.180606617451973861e+01
2.111797131921280979e+01
2.042259643138556413e+01
1.974603611862178454e+01
1.910286230284539144e+01
1.849951369493706466e+01
1.793728983166634094e+01
1.741459141475765549e+01
1.692841767364548744e+01
1.647527923006477124e+01
1.605170600194432495e+01
1.565449838109504199e+01
1.528082730524783273e+01
1.492825192513487487e+01
1.459469664377000520e+01
1.427841147486002882e+01
1.397792860531004067e+01
1.369202153130725819e+01
1.341966948441928409e+01
1.316002792940223465e+01
1.291240497094117501e+01
1.267624310966294665e+01
1.245110567887618558e+01
1.223666732535371260e+01
1.203270798945159470e+01
1.183910994965519414e+01
1.165585760329070197e+01
1.148303974904897551e+01
1.132085421418021554e+01
1.116961472814548451e+01
1.102975998407906744e+01
1.090186484797627209e+01
1.078665367017591947e+01
1.068501561982430559e+01
1.059802189383864679e+01
1.052694453823725595e+01
1.047327644968544647e+01
1.043875188406842724e+01
1.042536646967653979e+01
1.043539528631744595e+01
1.047140700959770854e+01
1.053627141636006037e+01
1.063315669626597071e+01
1.076551202649738492e+01
1.093702978180822605e+01
1.115158065726663672e+01
1.141311402983888001e+01
1.172551532202668589e+01
1.209241231258541127e+01
1.251692374432316690e+01
1.300134679099807755e+01
1.354678558953330736e+01
1.415273164903478609e+01
1.481661871457676938e+01
1.553338913353058715e+01
1.629512444581472153e+01
1.709080693291464925e+01
1.790628692724307669e+01
1.872452756681503416e+01
1.952617942785792593e+01
