1.000000000000000000e+00
6.767982756277133305e-01
4.471023434432493948e-01
2.708504979942895075e-01
1.281974427645340420e-01
7.106664164103562720e-03
-1.004600257761264909e-01
-2.002300781650552253e-01
-2.965125324971084053e-01
-3.927222724846959889e-01
-4.917110569422600830e-01
-5.959885988930010425e-01
-7.078776791057562745e-01
-8.296283280171860008e-01
-9.635061444724266622e-01
-1.111864220268479198e+00
-1.277204815987846853e+00
-1.462234856138817651e+00
-1.669917932526234328e+00
-1.903524508869991028e+00
-2.166681206541190896e+00
-2.463419274538543924e+00
-2.798221479070577722e+00
-3.176065557138768813e+00
-3.602460908073136903e+00
-4.083473148571487243e+00
-4.625728271487498766e+00
-5.236384089844944079e+00
-5.923050989974939284e+00
-6.693636253382901025e+00
-7.556075792595352780e+00
-8.517903634947881386e+00
-9.585592823937103546e+00
-1.076358250812000072e+01
-1.205288780283897054e+01
-1.344917828668384807e+01
-1.494022091341922298e+01
-1.650263661208328259e+01
-1.809805231881746224e+01
-1.966898800689481774e+01
-2.113524530702554571e+01
-2.239216389135907193e+01
-2.331277227972338295e+01
-2.375625194235931659e+01
-2.358465123769320826e+01
-2.268770266186712803e+01
-2.101165658638235101e+01
-1.858341743067536456e+01
-1.551902616892142994e+01
-1.200915543283238840e+01
-8.283997739244764347e+00
-4.570299761362672797e+00
-1.056653325370866536e+00
2.122975048039261736e+00
4.887746170266481727e+00
7.197748020354600484e+00
9.039360712925113006e+00
1.041362672912310394e+01
1.132962374048490339e+01
1.180246080954813870e+01
1.185437058612331640e+01
1.151704570385821214e+01
1.083352031273671656e+01
9.858365674683081892e+00
8.655661081506655918e+00
7.294973401640943322e+00
5.846210645203366418e+00
4.374502002301420056e+00
2.936128733241917033e+00
1.576097114095436513e+00
3.274264482482760474e-01
-7.881752467191756040e-01
-1.758762100036412424e+00
-2.580233108741961878e+00
-3.254427080703837571e+00
-3.787452611958236126e+00
-4.188340660735788923e+00
-4.468016295733889365e+00
-4.638538758151036667e+00
-4.712544041635992720e+00
-4.702828944033270453e+00
-4.622029469125248369e+00
-4.482362431228378519e+00
-4.295413057321192163e+00
-4.071961473116091135e+00
-3.821846890352539994e+00
-3.553870663728325052e+00
-3.275739165024149191e+00
-2.994045726284825015e+00
-2.714288695935876294e+00
-2.440920637501584611e+00
-2.177422295125587937e+00
-1.926394307189659205e+00
-1.689659728720716458e+00
-1.468371068941721980e+00
-1.263116560617805861e+00
-1.074021556989706916e+00
-9.008421403875995770e-01
-7.430491124156144433e-01
-5.999014542704405040e-01
-4.705090715089131903e-01
-3.538851725322380570e-01
-2.489889936763591549e-01
-1.547598042278652830e-01
-7.014323246956914726e-02
5.889022035144228506e-03
7.432505906075574653e-02
1.361032725572914881e-01
1.921066049995073244e-01
2.431598004491454801e-01
2.900290010027974930e-01
3.334231327500659647e-01
3.739966213553370111e-01
4.123530620292333859e-01
4.490495432142974086e-01
4.846013877712126994e-01
5.194871303001572516e-01
5.541535952377153462e-01
5.890209784510437308e-01
6.244878661752930604e-01
6.609361502602973948e-01
6.987358187050152214e-01
7.382496161797873491e-01
7.798375813910407572e-01
8.238614773566601546e-01
8.706891374607720335e-01
9.206987549760716760e-01
9.742831469191441940e-01
1.031854024888413379e+00
1.093846306085562325e+00
1.160722497109925033e+00
1.232977181318098081e+00
1.311141637432648555e+00
1.395788612424060604e+00
1.487537265104510009e+00
1.587058287825028779e+00
1.695079201426283211e+00
1.812389802180179199e+00
1.939847717592388943e+00
2.078383998950794620e+00
2.229008640262165386e+00
2.392815862989831732e+00
2.570988940335827255e+00
2.764804249374183787e+00
2.975634128774458986e+00
3.204947977603992193e+00
3.454310848909155407e+00
3.725378561275187739e+00
4.019888062028349474e+00
4.339641416216345249e+00
4.686481355482813527e+00
5.062255792416864963e+00
5.468768086833517117e+00
5.907709150230120443e+00
6.380566723200167267e+00
6.888506421042447592e+00
7.432218530179210525e+00
8.011724243946751756e+00
8.626135350041579386e+00
9.273362764076043874e+00
9.949772355210301455e+00
1.064979201790879770e+01
1.136548282435772173e+01
1.208610023864595817e+01
1.279768933779268991e+01
1.348278041635873059e+01
1.412027617152154413e+01
1.468564405666428740e+01
1.515153894239728771e+01
1.548896992987008581e+01
1.566907735131291091e+01
1.566549126556845195e+01
1.545710208490709014e+01
1.503090879580114958e+01
1.438446704313437507e+01
1.352740212388245133e+01
1.248153799860472013e+01
1.127943852490083643e+01
9.961509325302975171e+00
8.572154955658238151e+00
7.155699039818570029e+00
5.752777797507402369e+00
4.397723357670895616e+00
3.117154068322486093e+00
1.929700703002926288e+00
8.466038870009913175e-01
-1.271550016339293432e-01
-9.915024935228791136e-01
-1.749935801150273917e+00
-2.408342842331831157e+00
-2.974044187185405974e+00
-3.455066403123225882e+00
-3.859624091497312559e+00
-4.195773542084611840e+00
-4.471198168020293906e+00
-4.693089496223454837e+00
-4.868093823738822934e+00
-5.002301501155919539e+00
-5.101262028302359752e+00
-5.170013284006492960e+00
-5.213117185051878266e+00
-5.234696991625563456e+00
-5.238473530794364841e+00
-5.227798987959388022e+00
-5.205687791249051344e+00
-5.174844628079680930e+00
-5.137689898866795168e+00
-5.096383015228822089e+00
-5.052843951586847737e+00
-5.008773404457682155e+00
-4.965671833631982501e+00
-4.924857573882960970e+00
-4.887484127034885439e+00
-4.854556678598865638e+00
-4.826947833242840602e+00
-4.805412528960522955e+00
-4.790602069200010860e+00
-4.783077202834358665e+00
-4.783320180844669700e+00
-4.791745723162163628e+00
-4.808710836805813571e+00
-4.834523435207978004e+00
-4.869449716861830701e+00
-4.913720268032530036e+00
-4.967534858555994859e+00
-5.031065901388791062e+00
-5.104460545581815722e+00
-5.187841369026865657e+00
-5.281305632223887159e+00
-5.384923048236799126e+00
-5.498732017994099941e+00
-5.622734275460486764e+00
-5.756887885569698327e+00
-5.901098541118337870e+00
-6.055209115408084486e+00
-6.218987448035367294e+00
-6.392112375031200777e+00
-6.574158065103094195e+00
-6.764576794857926956e+00
-6.962680391487637621e+00
-7.167620695084474747e+00
-7.378369547285983820e+00
-7.593698999480484879e+00
-7.812162650824348908e+00
-8.032079268373893299e+00
-8.251520097806336551e+00
-8.468301525567655474e+00
-8.679984975515896650e+00
-8.883886079709963468e+00
-9.077095209549295163e+00
-9.256511338882473794e+00
-9.418890881708030349e+00
-9.560912555856249995e+00
-9.679258438818681753e+00
-9.770710200051894390e+00
-9.832258055746866177e+00
-9.861218391322120524e+00
-9.855354386586190785e+00
-9.812992564068537149e+00
-9.733127200194489959e+00
-9.615504226617204608e+00
-9.460676790456147955e+00
-9.270026123825275022e+00
-9.045743742470726545e+00
-8.790774042553454848e+00
-8.508719746069498768e+00
-8.203715923115737496e+00
-7.880281046309685067e+00
-7.543155337673581151e+00
-7.197137327934292728e+00
-6.846929027523586342e+00
-6.496998558431530846e+00
-6.151466810733641211e+00
-5.814022036404443483e+00
-5.487863645530658196e+00
-5.175674133327336612e+00
-4.879616246335331198e+00
-4.601351286336616830e+00
-4.342073844030140961e+00
-4.102558170884476496e+00
-3.883211714483094656e+00
-3.684131925084417336e+00
-3.505163163331098453e+00
-3.345951297993030593e+00
-3.205994303299443793e+00
-3.084687800367345023e+00
-2.981365012543167659e+00
-2.895331014101985900e+00
-2.825891451782871933e+00
-2.772376122283498390e+00
-2.734157912513100364e+00
-2.710667670014307085e+00
-2.701405584181509667e+00
-2.705949638242908240e+00
-2.723961648442886130e+00
-2.755191348969177056e+00
-2.799478915141131008e+00
-2.856756247467384213e+00
-2.927047268015886328e+00
-3.010467409421291762e+00
-3.107222406045463625e+00
-3.217606425749838461e+00
-3.341999508239013927e+00
-3.480864200302496769e+00
-3.634741197447275418e+00
-3.804243713041781216e+00
-3.990050197704705592e+00
-4.192894920821213844e+00
-4.413555800583802480e+00
-4.652838727322524015e+00
-4.911557466826375951e+00
-5.190508057657328145e+00
-5.490436434209379435e+00
-5.811997825559773290e+00
-6.155706316406698519e+00
-6.521872838320824428e+00
-6.910529828929896645e+00
-7.321340913577782494e+00
-7.753494311134289774e+00
-8.205579351600967186e+00
-8.675446652973484163e+00
-9.160054294382398155e+00
-9.655304902602654948e+00
-1.015588207264171317e+01
-1.065509901968892947e+01
-1.114477769027121212e+01
-1.161518234429053642e+01
-1.205503704489112415e+01
-1.245166022616108847e+01
-1.279124966695965249e+01
-1.305934550411264539e+01
-1.324148513686868256e+01
-1.332404061939719497e+01
-1.329519696770696413e+01
-1.314599234120121451e+01
-1.287130555014618594e+01
-1.247065299432073893e+01
-1.194865667341028015e+01
-1.131507457721161813e+01
-1.058434414122893763e+01
-9.774668185039409707e+00
-8.906752186427702611e+00
-8.002360751601884203e+00
-7.082883924320551472e+00
-6.168086139820245783e+00
-5.275160380704861929e+00
-4.418144130895323762e+00
-3.607690265000303764e+00
-2.851138543781015944e+00
-2.152807689982019657e+00
-1.514422749198458984e+00
-9.356019061381446456e-01
-4.143442160443375766e-01
5.252106837424863617e-02
4.689456264499364258e-01
8.393422660534363144e-01
1.168333556399902440e+00
1.460562723949421438e+00
1.720557931124375495e+00
1.952640292629149954e+00
2.160866405785603739e+00
2.348997216316527581e+00
2.520486329841761464e+00
2.678482180172280902e+00
2.825839652947021552e+00
2.965137782115418119e+00
3.098700974542048403e+00
3.228621885043056139e+00
3.356784581576643944e+00
3.484887032466555734e+00
3.614462238008422368e+00
3.746897538468492161e+00
3.883451776870274319e+00
4.025270092323354199e+00
4.173396179314814880e+00
4.328781879290925616e+00
4.492293980073897686e+00
4.664718091903987229e+00
4.846759451017859988e+00
5.039040477092516568e+00
5.242094884026736068e+00
5.456358119250003469e+00
5.682153890740822888e+00
5.919676540171631807e+00
6.168969043725248014e+00
6.429896479831304745e+00
6.702114908298219653e+00
6.985035773268473136e+00
7.277786190136081856e+00
7.579165821832781980e+00
7.887601509262073485e+00
8.201101406138528560e+00
8.517211082614595696e+00
8.832974891200796819e+00
9.144906794323306443e+00
9.448975762993628180e+00
9.740611654929407948e+00
1.001473800363058153e+01
1.026583818572589202e+01
1.048806073776436953e+01
1.067536792028391268e+01
1.082172878436276520e+01
1.092135391902493247e+01
1.096896389341892686e+01
1.096007758761905926e+01
1.089130087980695194e+01
1.076059154793939499e+01
1.056747389853923202e+01
1.031317757775497590e+01
1.000067984269754362e+01
9.634639156644013269e+00
9.221219352584496320e+00
8.767816057684592934e+00
8.282708437033480919e+00
7.774667541060925835e+00
7.252556190888275189e+00
6.724953958073326632e+00
6.199834996000941345e+00
5.684317692680004974e+00
5.184495164026861502e+00
4.705346233773236797e+00
4.250719041640609319e+00
3.823374453632720105e+00
3.425074084998232404e+00
3.056697610392059783e+00
2.718375511600992223e+00
2.409625836235212759e+00
2.129486329288978297e+00
1.876636021314379121e+00
1.649502742300714697e+00
1.446354950111142346e+00
1.265377691316895037e+00
1.104733490916094407e+00
9.626095696602962049e-01
8.372530978582809480e-01
7.269962928849161843e-01
6.302731230119025252e-01
5.456292472893993217e-01
4.717266408959410739e-01
4.073441564421839134e-01
3.513750732588885595e-01
3.028225004492083317e-01
2.607933318498745212e-01
2.244913047800181360e-01
1.932095899318220789e-01
1.663232358924351950e-01
1.432817066988223975e-01
1.236016822713414953e-01
1.068602372226202940e-01
9.268847116173670186e-02
8.076563116203289150e-02
7.081374271737893300e-02
6.259274770311386293e-02
5.589613524762256785e-02
5.054704289072112916e-02
4.639480003355645615e-02
4.331188272012920226e-02
4.119124762768641007e-02
3.994401330035005082e-02
3.949745775852945423e-02
3.979330336170442545e-02
4.078626196891779743e-02
4.244281586047612964e-02
4.474021243127052072e-02
4.766565325160578015e-02
5.121566065411310709e-02
5.539560750558971541e-02
6.021939823754589305e-02
6.570929152872707901e-02
7.189585725646356618e-02
7.881806246815367678e-02
8.652348318165281604e-02
9.506864081989974125e-02
1.045194640397379693e-01
1.149518786486685984e-01
1.264525302388603833e-01
1.391196461289790909e-01
1.530640452160233200e-01
1.684103064268262784e-01
1.852981086481911566e-01
2.038837573320881891e-01
2.243419154443425934e-01
2.468675590778146578e-01
2.716781809092508881e-01
2.990162677658573798e-01
3.291520819028723177e-01
3.623867791911235536e-01
3.990559012792434523e-01
4.395332829213152714e-01
4.842354200203539683e-01
5.336263484761034626e-01
5.882230885464904135e-01
6.486017139820925426e-01
7.154041094364733677e-01
7.893454832409404487e-01
8.712227050470032763e-01
9.619235383443692777e-01
1.062436835403390401e+00
1.173863755279759058e+00
1.297430052065986938e+00
1.434499457660983524e+00
1.586588146902699226e+00
1.755380217365044127e+00
1.942744033746654386e+00
2.150749167014672558e+00
2.381683486931974958e+00
2.638069723842784597e+00
2.922680475530891719e+00
3.238550162964972223e+00
3.588981789456915816e+00
3.977545472877536792e+00
4.408064527036387403e+00
4.884583277949178459e+00
5.411308713131559145e+00
5.992515374391341076e+00
6.632399533436514893e+00
7.334864614535848482e+00
8.103215170895440522e+00
8.939731878561712364e+00
9.845095869834404212e+00
1.081762897875836593e+01
1.185232003448158977e+01
1.293962084301316651e+01
1.406402563537461603e+01
1.520250307945334001e+01
1.632293927286162116e+01
1.738287828397382739e+01
1.832900624193047889e+01
1.909798282216143761e+01
1.961930779037938777e+01
1.982080347157418387e+01
1.963686181784159146e+01
1.901877352906529950e+01
1.794534365629023398e+01
1.643101933919839652e+01
1.452856138310812106e+01
1.232440902902623137e+01
9.927195004759482799e+00
7.452371131578484409e+00
5.007239257989238190e+00
2.680108575946972493e+00
5.352858738033994257e-01
-1.386603187304796370e+00
-3.064817734495698609e+00
-4.493322028879862096e+00
-5.675803147380321434e+00
-6.621733333076528005e+00
-7.343715365446413124e+00
-7.855977512744037661e+00
-8.173720239027362666e+00
-8.312986267830371645e+00
-8.290764966977715034e+00
-8.125111141857159325e+00
-7.835135965394687041e+00
-7.440802834465864990e+00
-6.962526177825242968e+00
-6.420620772214643779e+00
-5.834678742023678311e+00
-5.222959904714416624e+00
-4.601871042232479780e+00
-3.985586853753086523e+00
-3.385837179164639554e+00
-2.811858476090060233e+00
-2.270487285107869013e+00
-1.766361597819672280e+00
-1.302192308374403806e+00
-8.790694047215132922e-01
-4.967738053216101957e-01
-1.540735207235287008e-01
1.510095473543737743e-01
4.209693512784427605e-01
6.586242006246588732e-01
8.669628149517532023e-01
1.049024628197938291e+00
1.207809986406672698e+00
1.346215546412905084e+00
1.466990315941322898e+00
1.572708175706004852e+00
1.665753250273019459e+00
1.748315054183811057e+00
1.822390877698903289e+00
1.889793363087964861e+00
1.952161645299403725e+00
2.010974788120057255e+00
2.067566542388669326e+00
2.123140693029160087e+00
2.178786454124380434e+00
2.235493523349068479e+00
2.294166525570997095e+00
2.355638666199031839e+00
2.420684482887663691e+00
2.490031633621669904e+00
2.564371693349729142e+00
2.644369952881056474e+00
2.730674224785534232e+00
2.823922663119056597e+00
2.924750598066058416e+00
3.033796373801956658e+00
3.151706158446144546e+00
3.279137669025506963e+00
3.416762721772156119e+00
3.565268478504311389e+00
3.725357212803576790e+00
3.897744364650202797e+00
4.083154588591677125e+00
4.282315428075127883e+00
4.495948167368699622e+00
4.724755323375878113e+00
4.969404144654127720e+00
5.230505387949690999e+00
5.508586550065699861e+00
5.804058655118375931e+00
6.117175649476377153e+00
6.447985460796935797e+00
6.796271863746088826e+00
7.161486503296538686e+00
7.542670807976225689e+00
7.938368141885905338e+00
8.346527465630741105e+00
8.764401073899703576e+00
9.188440711365810643e+00
9.614198566528159517e+00
1.003624226890025462e+01
1.044809592662720554e+01
1.084222214229308356e+01
1.121006233556171416e+01
1.154215385534787330e+01
1.182834134904386403e+01
1.205809564219885033e+01
1.222094506810328873e+01
1.230701135491722553e+01
1.230762533203049003e+01
1.221597868513419805e+01
1.202775008557518710e+01
1.174163173180350306e+01
1.135968038629923349e+01
1.088742882193993822e+01
1.033371976714252405e+01
9.710261570047407531e+00
9.030945757564076359e+00
8.311002311151899136e+00
7.566090485294008516e+00
6.811426590758735244e+00
6.061035661202905267e+00
5.327186299614922405e+00
4.620034883130479386e+00
3.947474303588738742e+00
3.315159003781623870e+00
2.726664615796560387e+00
2.183736577171349502e+00
1.686585435880419981e+00
1.234194243404686642e+00
8.246128029362331802e-01
4.552226287872644939e-01
1.229641430459286755e-01
-1.754765642503774425e-01
-4.435201349596277209e-01
-6.845818494714219771e-01
-9.019902121415919183e-01
-1.098931049886384015e+00
-1.278412150257842050e+00
-1.443243953006781100e+00
-1.596032428890517663e+00
-1.739180925583716952e+00
-1.874898370748336651e+00
-2.005211764591062540e+00
-2.131981356175865816e+00
-2.256917278748055367e+00
-2.381596725147153926e+00
-2.507480983724840407e+00
-2.635931837498315389e+00
-2.768226963584562661e+00
-2.905574064267209433e+00
-3.049123522062204827e+00
-3.199979404290773211e+00
-3.359208652151590258e+00
-3.527848278268537197e+00
-3.706910367466615064e+00
-3.897384629728316785e+00
-4.100238193118038055e+00
-4.316412249011428059e+00
-4.546815073532799900e+00
-4.792310849678358409e+00
-5.053703607478570170e+00
-5.331715490132063806e+00
-5.626958450893045693e+00
-5.939898401687605300e+00
-6.270810789194592338e+00
-6.619726594730236613e+00
-6.986367878067083481e+00
-7.370072261511173117e+00
-7.769706241222011478e+00
-8.183567991967525046e+00
-8.609281481177415429e+00
-9.043685308421851587e+00
-9.482721797953386655e+00
-9.921334507428754890e+00
-1.035338539905888311e+01
-1.077160623188412636e+01
-1.116760185649304837e+01
-1.153192535658545381e+01
-1.185424545090736359e+01
-1.212362410520580802e+01
-1.232891574170950300e+01
-1.245928791092562982e+01
-1.250484671816439963e+01
-1.245732988228933635e+01
-1.231080893400220155e+01
-1.206232427271963203e+01
-1.171236807556515913e+01
-1.126513535315183390e+01
-1.072848529292230069e+01
-1.011359179646516360e+01
-9.434307469719261263e+00
-8.706309433550909915e+00
-7.946127719250149823e+00
-7.170170076139977589e+00
-6.393848553180256467e+00
-5.630886967891863826e+00
-4.892852306376129334e+00
-4.188916366961012550e+00
-3.525824019270104248e+00
-2.908025357900320795e+00
-2.337921291971783333e+00
-1.816173654368035351e+00
-1.342038468760555103e+00
-9.136913150149009732e-01
-5.285242466226307556e-01
-1.834028622238635942e-01
1.251207904296664508e-01
4.006388817644270239e-01
6.467584112456558065e-01
8.670065694751615260e-01
1.064765129624939632e+00
1.243228279889293519e+00
1.405378818933067819e+00
1.553978321320158562e+00
1.691567608422299918e+00
1.820474554653457311e+00
1.942826878735811613e+00
2.060568099036043321e+00
2.175475269363716269e+00
2.289177463470135176e+00
2.403174252912215980e+00
2.518853635036311100e+00
2.637509026210484553e+00
2.760355049515103243e+00
2.888541923838821024e+00
3.023168309161659462e+00
3.165292485776128206e+00
3.315941747096952774e+00
3.476119869280260843e+00
3.646812487992355134e+00
3.828990164553278230e+00
4.023608861103475931e+00
4.231607467982136939e+00
4.453901936861850430e+00
4.691375471580817802e+00
4.944864117345818322e+00
5.215136972140979488e+00
5.502870128634572033e+00
5.808613351528766344e+00
6.132748420675255829e+00
6.475438048461649387e+00
6.836564344745378996e+00
7.215655999625189665e+00
7.611803742794227112e+00
8.023564291219532407e+00
8.448853999141379134e+00
8.884834865218490307e+00
9.327797510804474612e+00
9.773048266443435494e+00
1.021481056461892756e+01
1.064615428612193249e+01
1.105897020984697043e+01
1.144400968801958562e+01
1.179101123985940447e+01
1.208893478774071895e+01
1.232631947102710690e+01
1.249177122161512443e+01
1.257457101515495346e+01
1.256537451703984409e+01
1.245695099158678865e+01
1.224488799293981955e+01
1.192817413558992001e+01
1.150957100277638823e+01
1.099570110597431061e+01
1.039681204619722976e+01
9.726222853939455959e+00
8.999507504973559335e+00
8.233511315605856140e+00
7.445318427391823590e+00
6.651288054132344030e+00
5.866255311750610879e+00
5.102956558764664585e+00
4.371699101496009376e+00
3.680259896464485703e+00
3.033973296225928262e+00
2.435955724899716568e+00
1.887413957885777815e+00
1.387990128903567433e+00
9.361070399333806247e-01
5.292887562928066947e-01
1.644418014686191976e-01
-1.619094977929353418e-01
-4.534340826946358094e-01
-7.138484730178089599e-01
-9.468091052530532847e-01
-1.155836683391979758e+00
-1.344266531333552894e+00
-1.515219411132314065e+00
-1.671587977521330926e+00
-1.816034817571861026e+00
-1.950998779351971635e+00
-2.078706973995833707e+00
-2.201190420002721027e+00
-2.320301783008944518e+00
-2.437734054737267453e+00
-2.555039321998783475e+00
-2.673647012644199350e+00
-2.794881182051063728e+00
-2.919976531676597098e+00
-3.050092939397491154e+00
-3.186328337153150780e+00
-3.329729800635991221e+00
-3.481302722925206261e+00
-3.642017932419066462e+00
-3.812816587683493186e+00
-3.994612639755743100e+00
-4.188292597485007818e+00
-4.394712265013322572e+00
-4.614690044088694876e+00
-4.848996309798573989e+00
-5.098338279945986429e+00
-5.363339710970720375e+00
-5.644514675101811818e+00
-5.942234616202713759e+00
-6.256687862534297651e+00
-6.587830816947535695e+00
-6.935330180323397542e+00
-7.298495832992712984e+00
-7.676204451411033247e+00
-8.066814631705261363e+00
-8.468075290128442845e+00
-8.877030470951789098e+00
-9.289925454025095064e+00
-9.702121214881085365e+00
-1.010802677469055944e+01
-1.050106159825989316e+01
-1.087366261412906887e+01
-1.121735211282489253e+01
-1.152288300612056382e+01
-1.178047583815414612e+01
-1.198015665810781805e+01
-1.211219575820829775e+01
-1.216763428783556655e+01
-1.213886975935821511e+01
-1.202025457346825910e+01
-1.180864724032758240e+01
-1.150384803763760821e+01
-1.110885326095193371e+01
-1.062987721388885909e+01
-1.007611800981684880e+01
-9.459278016789159693e+00
-8.792885441676611791e+00
-8.091492176450765683e+00
-7.369838133352320853e+00
-6.642070948978095579e+00
-5.921093602489375662e+00
-5.218086254117883627e+00
-4.542219235097604724e+00
-3.900547863319871578e+00
-3.298060773642490506e+00
-2.737843242263902077e+00
-2.221314797664289298e+00
-1.748504138688066423e+00
-1.318331511867077310e+00
-9.288770139895290434e-01
-5.776211960584952676e-01
-2.616509517388869721e-01
2.217135801719299915e-02
2.770742187060893369e-01
5.062753628044247556e-01
7.129079073903220598e-01
8.999695981138547962e-01
1.070290703388284470e+00
1.226516533645821250e+00
1.371101107678865949e+00
1.506309060226169061e+00
1.634223427708717757e+00
1.756757433881153130e+00
1.875668812605152169e+00
1.992575549773101251e+00
2.108972205146427914e+00
2.226246194760844510e+00
2.345693583657941783e+00
2.468534064842446973e+00
2.595924890529356155e+00
2.728973581859935660e+00
2.868749278129926417e+00
3.016292599907453909e+00
3.172623894962367963e+00
3.338749713568220479e+00
3.515667321643633603e+00
3.704367006984722988e+00
3.905831865744080034e+00
4.121034673429844197e+00
4.350931347284437756e+00
4.596450395781728204e+00
4.858477628120962066e+00
5.137835265889953540e+00
5.435254467405712830e+00
5.751340153909483277e+00
6.086526933302841336e+00
6.441024877408544569e+00
6.814753959765838864e+00
7.207266153310207812e+00
7.617654587395646715e+00
8.044449854672903300e+00
8.485504638192049143e+00
8.937869403000581414e+00
9.397664061464165997e+00
9.859953338562194247e+00
1.031863701411628753e+01
1.076637014475407028e+01
1.119453239586041882e+01
1.159326907791640693e+01
1.195162837505009001e+01
1.225781824479084570e+01
1.249960104800519112e+01
1.266483278305006088e+01
1.274213619058425984e+01
1.272167368957195066e+01
1.259595984103359179e+01
1.236062881262477831e+01
1.201505684715901801e+01
1.156273987484692967e+01
1.101134672044620899e+01
1.037240862427568366e+01
9.660659653118310430e+00
8.893098374315195898e+00
8.087885270948362404e+00
7.263211796578645796e+00
6.436271271574249830e+00
5.622432480741389682e+00
4.834673426485741388e+00
4.083287032666793159e+00
3.375832684856493682e+00
2.717283013854837836e+00
2.110305233363382271e+00
1.555618073983303873e+00
1.052374711583296429e+00
5.985348531235912262e-01
1.912020665078514314e-01
-1.730864530010265412e-01
-4.981220416397318940e-01
-7.878372773993320699e-01
-1.046164451523501571e+00
-1.276933357327516783e+00
-1.483801509195553203e+00
-1.670210209853521643e+00
-1.839360591636798548e+00
-1.994204630758003693e+00
-2.137447024383590133e+00
-2.271554645378185189e+00
-2.398771009420920475e+00
-2.521133791777952382e+00
-2.640493919924121080e+00
-2.758535154887847174e+00
-2.876793373090130057e+00
-2.996674986211823821e+00
-3.119474102666226489e+00
-3.246388152135293748e+00
-3.378531773915232073e+00
-3.516948818205400507e+00
-3.662622333023522359e+00
-3.816482412849386829e+00
-3.979411772039966433e+00
-4.152248879403909854e+00
-4.335788452474688803e+00
-4.530779063198187906e+00
-4.737917553311530305e+00
-4.957839900504339425e+00
-5.191108119334578497e+00
-5.438192729094734723e+00
-5.699450281743783542e+00
-5.975095426774683638e+00
-6.265167010173878559e+00
-6.569487779474985523e+00
-6.887617419298215360e+00
-7.218798899896551546e+00
-7.561898518020237603e+00
-7.915340580746045518e+00
-8.277038463894360376e+00
-8.644324794988934357e+00
-9.013884776390977294e+00
-9.381698154786128896e+00
-9.742996984592400267e+00
-1.009224797756718672e+01
-1.042316963698474375e+01
-1.072879519318810004e+01
-1.100159213848245265e+01
-1.123364739280839864e+01
-1.141692333285791072e+01
-1.154358376817099163e+01
-1.160638048172921089e+01
-1.159908074830329738e+01
-1.151690555976331076e+01
-1.135693904571126112e+01
-1.111846411796300060e+01
-1.080317992733877830e+01
-1.041526473911907047e+01
-9.961263261773291688e+00
-9.449798386729233002e+00
-8.891130106043865666e+00
-8.296604569387001860e+00
-7.678049657289043317e+00
-7.047177476437125776e+00
-6.415048512000739223e+00
-5.791638753724133615e+00
-5.185533415771928389e+00
-4.603752757450079613e+00
-4.051700189894591020e+00
-3.533212237612632478e+00
-3.050684518257723354e+00
-2.605247095075574837e+00
-2.196965095098800003e+00
-1.825044960882070244e+00
-1.488031876435906842e+00
-1.183988881415680261e+00
-9.106524309418446705e-01
-6.655624493876549641e-01
-4.461672586552515307e-01
-2.499052534836543882e-01
-7.426602040025967466e-02
8.316606862308406622e-02
2.246827538131472568e-01
3.524344442140124323e-01
4.684219128659471987e-01
5.744949667050806008e-01
6.723562861219453124e-01
7.635689648635957116e-01
8.495665805489603928e-01
9.316648843769730348e-01
1.011074415508866231e+00
1.088913523807721440e+00
1.166221428233480628e+00
1.243971051822582607e+00
1.323081462366826111e+00
1.404429814811347654e+00
1.488862740655749528e+00
1.577207164319542443e+00
1.670280548987359115e+00
1.768900586775858041e+00
1.873894351518653689e+00
1.986106927892053342e+00
2.106409518354531052e+00
2.235707009312913662e+00
2.374944949431731178e+00
2.525115854928468906e+00
2.687264707357348126e+00
2.862493446495935956e+00
3.051964181591989345e+00
3.256900744807338377e+00
3.478588086936547530e+00
3.718368862485657900e+00
3.977636363632245597e+00
4.257822735045113660e+00
4.560381129234671427e+00
4.886760142048963473e+00
5.238368500848769926e+00
5.616527571174740885e+00
6.022408819818046766e+00
6.456952958983203317e+00
6.920767159660794476e+00
7.413996561875970670e+00
7.936166475937845632e+00
8.485992379286120268e+00
9.061156364252608952e+00
9.658051462415896182e+00
1.027149970730523698e+01
1.089445635666905332e+01
1.151772172907459257e+01
1.212969365122622456e+01
1.271620695871690998e+01
1.326052018389183473e+01
1.374352034717386140e+01
1.414421974245379943e+01
1.444060739777368596e+01
1.461088589475405541e+01
1.463506718348987334e+01
1.449682078820830533e+01
1.418537618151566093e+01
1.369720147970221724e+01
1.303714427437467194e+01
1.221875613045400755e+01
1.126364123481569202e+01
1.019985311020180418e+01
9.059562172900612609e+00
7.876368310472740220e+00
6.682687081518023042e+00
5.507582487920815062e+00
4.375281466862537272e+00
3.304438190983571833e+00
2.308072161068442263e+00
1.394014559888472782e+00
5.656679178029272448e-01
-1.770988335059345831e-01
-8.370554468378365032e-01
-1.418802283730684621e+00
-1.928092790290623304e+00
-2.371298489286994382e+00
-2.755008425399345651e+00
-3.085744609445042919e+00
-3.369771384453949636e+00
-3.612977141772678813e+00
-3.820809441819579266e+00
-3.998248007943548288e+00
-4.149803480980221337e+00
-4.279532854127068298e+00
-4.391065005999355009e+00
-4.487631706145005950e+00
-4.572100941463958179e+00
-4.647010488293704000e+00
-4.714600419301078205e+00
-4.776843763152398559e+00
-4.835474891163151767e+00
-4.892015438077693013e+00
-4.947797711060268888e+00
-5.003985629240506050e+00
-5.061593285344217819e+00
-5.121501244797624253e+00
-5.184470705674729452e+00
-5.251155641355476966e+00
-5.322113041034584491e+00
-5.397811354079847135e+00
-5.478637234547736767e+00
-5.564900673191976566e+00
-5.656838596967241450e+00
-5.754617011074301125e+00
-5.858331756683638147e+00
-5.968007959278804897e+00
-6.083598248779382267e+00
-6.204979843979534948e+00
-6.331950611141193619e+00
-6.464224230564277640e+00
-6.601424636288371950e+00
-6.743079933242709600e+00
-6.888616043314309323e+00
-7.037350386613455022e+00
-7.188485965645375231e+00
-7.341106286172517592e+00
-7.494171616111114709e+00
-7.646517148263111352e+00
-7.796853687850142656e+00
-7.943771523826971048e+00
-8.085748154386177333e+00
-8.221160511323965636e+00
-8.348302253966322084e+00
-8.465406570784713480e+00
-8.570674727531608639e+00
-8.662310330740096376e+00
-8.738558937109756286e+00
-8.797752243362495506e+00
-8.838355658254515745e+00
-8.859017619740731320e+00
-8.858618616543678215e+00
-8.836317552036726752e+00
-8.791592898686296564e+00
-8.724276077734231194e+00
-8.634574693261994227e+00
-8.523083664310304286e+00
-8.390782919975787735e+00
-8.239021109462953518e+00
-8.069485665801087393e+00
-7.884160464030875559e+00
-7.685273140609794496e+00
-7.475234804930962262e+00
-7.256575309116620964e+00
-7.031877409913432686e+00
-6.803713051158078784e+00
-6.574584644001019385e+00
-6.346873678454639567e+00
-6.122798334143822352e+00
-5.904381046016850654e+00
-5.693426292575703762e+00
-5.491508266798317273e+00
-5.299967602030308811e+00
-5.119915975987982648e+00
-4.952247207267367557e+00
-4.797653378147830772e+00
-4.656644543555005455e+00
-4.529570692765971351e+00
-4.416644791108594426e+00
-4.317965919070522851e+00
-4.233541725442096393e+00
-4.163309603706460749e+00
-4.107156175990740898e+00
-4.064934819933247567e+00
-4.036481097755717506e+00
-4.021626043267715112e+00
-4.020207332915433085e+00
-4.032078413879375489e+00
-4.057115688734175940e+00
-4.095223865549385778e+00
-4.146339577622565109e+00
-4.210433361068798952e+00
-4.287510053625224415e+00
-4.377607646248624640e+00
-4.480794582019868244e+00
-4.597165455884959506e+00
-4.726835025072571916e+00
-4.869930394840800147e+00
-5.026581198899654268e+00
-5.196907550184214131e+00
-5.381005497988421205e+00
-5.578929695082779361e+00
-5.790672957822492251e+00
-6.016142399467286239e+00
-6.255131839969963359e+00
-6.507290254587062783e+00
-6.772086131521936281e+00
-7.048767780568520713e+00
-7.336319887537505302e+00
-7.633416961209238849e+00
-7.938374787673264876e+00
-8.249101603758454360e+00
-8.563051429988872698e+00
-8.877182850996391039e+00
-9.187927459522354567e+00
-9.491173116257241915e+00
-9.782268004913213133e+00
-1.005605201298793006e+01
-1.030692202765345478e+01
-1.052893705239150179e+01
-1.071596737067371663e+01
-1.086188910831439181e+01
-1.096082140507432001e+01
-1.100739814351369006e+01
-1.099706023657893361e+01
-1.092634860980649592e+01
-1.079317327693393302e+01
-1.059703147878867924e+01
-1.033914879007779675e+01
-1.002252201110332841e+01
-9.651851435427872161e+00
-9.233361728454488215e+00
-8.774523389578000376e+00
-8.283698391507275716e+00
-7.769741980334867293e+00
-7.241596307438263658e+00
-6.707910094798861245e+00
-6.176712543952458390e+00
-5.655160668558583126e+00
-5.149369041215970277e+00
-4.664321381648058207e+00
-4.203855790789418734e+00
-3.770710425185843206e+00
-3.366614063409005819e+00
-2.992405942405635511e+00
-2.648170799143730658e+00
-2.333377558641915872e+00
-2.047012969685760186e+00
-1.787704266241222584e+00
-1.553827354877540090e+00
-1.343598969296112999e+00
-1.155152670578099450e+00
-9.865995501596187545e-01
-8.360750890723879225e-01
-7.017739285886698264e-01
-5.819743962492346379e-01
-4.750545773503420666e-01
-3.795015806920999935e-01
-2.939154599061885587e-01
-2.170090468527420824e-01
-1.476047504199763938e-01
-8.462918414811745893e-02
-2.710631565738922527e-02
2.585031754128637449e-02
7.504590743181928369e-02
1.212128767958911557e-01
1.650193552863546964e-01
2.070774725896615265e-01
2.479513661981022354e-01
2.881648445452368867e-01
3.282086796128482753e-01
3.685475284430154153e-01
4.096265018776448219e-01
4.518774126464092378e-01
4.957247447503437265e-01
5.415913928541276068e-01
5.899042248345623962e-01
6.410995233044074482e-01
6.956283632661017791e-01
7.539619833484787481e-01
8.165972075240062189e-01
8.840619728650224163e-01
9.569210167324889715e-01
1.035781773636485603e+00
1.121300527563446447e+00
1.214188859367440809e+00
1.315220420207469099e+00
1.425238050062508144e+00
1.545161243829722197e+00
1.675993944749987419e+00
1.818832613709910451e+00
1.974874480445254710e+00
2.145425825025874644e+00
2.331910060303102661e+00
2.535875281870354936e+00
2.759000813354045789e+00
3.003102091150764874e+00
3.270132991094264696e+00
3.562184384050925523e+00
3.881477299041203644e+00
4.230348549163498006e+00
4.611226013368101562e+00
5.026589942322150506e+00
5.478915650445794761e+00
5.970591763055235646e+00
6.503806828876787627e+00
7.080395654896904034e+00
7.701635327059419112e+00
8.367979834157525332e+00
9.078722000679480431e+00
9.831572826654394248e+00
1.062215246509960309e+01
1.144339549947284418e+01
1.228488785531131278e+01
1.313217566035149630e+01
1.396611920965042941e+01
1.476240769762085314e+01
1.549139862136452628e+01
1.611848953566596876e+01
1.660525039385797896e+01
1.691151470863835726e+01
1.699851666583411713e+01
1.683294920275472251e+01
1.639151773616498886e+01
1.566524329451946151e+01
1.466255296003150832e+01
1.341023155728047733e+01
1.195168399502712475e+01
1.034261476438773641e+01
8.644945699662391903e+00
6.920267712964617957e+00
5.224153805170832499e+00
3.602263973153712939e+00
2.088560536819669355e+00
7.053936066419472795e-01
-5.351126016447591560e-01
-1.629012322552657599e+00
-2.578358663617512203e+00
-3.389236042323694686e+00
-4.070171403978392277e+00
-4.630960635128269054e+00
-5.081869671503103092e+00
-5.433135697526544128e+00
-5.694687505072182354e+00
-5.876012599599907738e+00
-5.986113171429354729e+00
-6.033508465647516417e+00
-6.026254878830759942e+00
-5.971966340258228811e+00
-5.877826068091184908e+00
-5.750586859077671420e+00
-5.596561037213555245e+00
-5.421603444732543409e+00
-5.231091790358354920e+00
-5.029908633985534117e+00
-4.822428611055570968e+00
-4.612513469921212028e+00
-4.403516346756803479e+00
-4.198295612621039119e+00
-3.999237713953561535e+00
-3.808287753226042405e+00
-3.626986136159142227e+00
-3.456509426825479903e+00
-3.297713561426301787e+00
-3.151177724967421767e+00
-3.017247441178223522e+00
-2.896075719087135791e+00
-2.787661402945958322e+00
-2.691884159043427260e+00
-2.608535786316946492e+00
-2.537347748640371048e+00
-2.478014992576833997e+00
-2.430216236962693621e+00
-2.393631004379319194e+00
-2.367953715216879473e+00
-2.352905188900912048e+00
-2.348241899962181911e+00
-2.353763324373081112e+00
-2.369317688507042163e+00
-2.394806402865579553e+00
-2.430187428159253926e+00
-2.475477784433804729e+00
-2.530755376020539238e+00
-2.596160266893230428e+00
-2.671895502772529962e+00
-2.758227537863473522e+00
-2.855486284928363983e+00
-2.964064766679942231e+00
-3.084418303168098063e+00
-3.217063122643365247e+00
-3.362574230831726574e+00
-3.521582314004095160e+00
-3.694769382912867162e+00
-3.882862785807442485e+00
-4.086627127642747936e+00
-4.306853527889188626e+00
-4.544345530321412419e+00
-4.799900845247496051e+00
-5.074287960178397228e+00
-5.368216504217495633e+00
-5.682300104156419174e+00
-6.017010342404674361e+00
-6.372620343250481767e+00
-6.749136511102157066e+00
-7.146217073925378749e+00
-7.563076417003262719e+00
-7.998374816873480952e+00
-8.450094213557163059e+00
-8.915402216673363966e+00
-9.390508754570827676e+00
-9.870522746284059679e+00
-1.034931993424792651e+01
-1.081943745399918555e+01
-1.127201550268133623e+01
-1.169681094368323215e+01
-1.208231078490973331e+01
-1.241597370045945681e+01
-1.268462332570528339e+01
-1.287500615873196708e+01
-1.297450837861180339e+01
-1.297200002100286831e+01
-1.285874432087390318e+01
-1.262928003975377322e+01
-1.228216307686798636e+01
-1.182044923101722489e+01
-1.125181913314360749e+01
-1.058829021770167245e+01
-9.845522708151994706e+00
-9.041793493432178863e+00
-8.196766712253998222e+00
-7.330218582803380123e+00
-6.460870023530301154e+00
-5.605447336930087232e+00
-4.778040087826037841e+00
-3.989770859029651895e+00
-3.248746299999316189e+00
-2.560229902610337227e+00
-1.926965391814004391e+00
-1.349582266714884682e+00
-8.270266282710938555e-01
-3.569758129887717901e-01
6.378938073682943743e-02
4.390682214603881528e-01
7.729831077001904083e-01
1.069779626081174717e+00
1.333677457227922858e+00
1.568764378984411900e+00
1.778925349712267456e+00
1.967799181285545540e+00
2.138756237594697573e+00
2.294891658695118686e+00
2.439029656099585885e+00
2.573735367882201697e+00
2.701331568236610803e+00
2.823918188890484515e+00
2.943393138962440148e+00
3.061473322207859837e+00
3.179715064894029108e+00
3.299533401755334161e+00
3.422219837501258688e+00
3.548958320548575962e+00
3.680839244892834650e+00
3.818871343963385900e+00
3.963991363695207770e+00
4.117071406190918381e+00
4.278923824415384658e+00
4.450303525775921365e+00
4.631907511173275260e+00
4.824371439037166809e+00
5.028262964093750398e+00
5.244071561856837427e+00
5.472194516795222619e+00
5.712918730952897484e+00
5.966398008557794341e+00
6.232625501330053552e+00
6.511401072127217304e+00
6.802293467720232911e+00
7.104597404482285938e+00
7.417285985738129916e+00
7.738959309681964882e+00
8.067790713619364951e+00
8.401472848978114527e+00
8.737166693985372490e+00
9.071457666353650140e+00
9.400324141467946149e+00
9.719124809493408179e+00
1.002261225498063091e+01
1.030498068620440222e+01
1.055995558884441188e+01
1.078093190341693663e+01
1.096116481675978527e+01
1.109401320061480334e+01
1.117323011586305448e+01
1.119328794079387279e+01
1.114971829572888140e+01
1.103944016365921499e+01
1.086104489224057268e+01
1.061500559286981726e+01
1.030378196548403658e+01
9.931800138562419278e+00
9.505300004369706457e+00
9.032057903848771829e+00
8.521007711094979342e+00
7.981795528808167006e+00
7.424310039868240452e+00
6.858230955981917454e+00
6.292632298032811988e+00
5.735667034135020437e+00
5.194347219925824710e+00
4.674421622076916805e+00
4.180342745722618325e+00
3.715308299030192885e+00
3.281358642877177711e+00
2.879511268702557025e+00
2.509915033654367633e+00
2.172009873653722778e+00
1.864681225379321017e+00
1.586401830872909091e+00
1.335356608632726871e+00
1.109548680678360322e+00
9.068864155016571615e-01
7.252525392470736687e-01
5.625570824282040139e-01
4.167762794164120987e-01
2.859796280676765168e-01
1.683472358016465109e-01
6.217939532326489938e-02
-3.409990147096084168e-02
-1.219440542619775747e-01
-2.026883384148799316e-01
-2.775567981413655794e-01
-3.476707660725543159e-01
-4.140584004617388070e-01
-4.776647776917265498e-01
-5.393621987393435457e-01
-5.999604664752855587e-01
-6.602169691599418799e-01
-7.208464672140147966e-01
-7.825305280636940530e-01
-8.459265900448307285e-01
-9.116766631153053746e-01
-9.804156932354148868e-01
-1.052779630159612179e+00
-1.129413246146418803e+00
-1.210977756543442974e+00
-1.298158292862494845e+00
-1.391671275069589209e+00
-1.492271722340140716e+00
-1.600760530140679982e+00
-1.717991725541610837e+00
-1.844879691119035492e+00
-1.982406319212070001e+00
-2.131628020689916081e+00
-2.293682463143686512e+00
-2.469794849177708862e+00
-2.661283461931226668e+00
-2.869564096702514888e+00
-3.096152857866132369e+00
-3.342666621001102900e+00
-3.610820231556306936e+00
-3.902419222243349139e+00
-4.219346469296834989e+00
-4.563540760138046437e+00
-4.936964700651661708e+00
-5.341558742657882775e+00
-5.779177364483687462e+00
-6.251502611249079244e+00
-6.759929349000003640e+00
-7.305415810186559611e+00
-7.888292484777274183e+00
-8.508022428212013821e+00
-9.162907049684257288e+00
-9.849734034245509307e+00
-1.056336907119127133e+01
-1.129630152411294830e+01
-1.203816716071388981e+01
-1.277528940553058234e+01
-1.349030434336814110e+01
-1.416196228452251304e+01
-1.476522569329679868e+01
-1.527180131245073014e+01
-1.565124062656238380e+01
-1.587270168769686407e+01
-1.590737285321166183e+01
-1.573141171866012833e+01
-1.532906849153353335e+01
-1.469548935074874407e+01
-1.383860343313802943e+01
-1.277955848296235075e+01
-1.155141616455098408e+01
-1.019620395467843466e+01
-8.760824618285782961e+00
-7.292595893932141138e+00
-5.835229511674344671e+00
-4.425860734562892418e+00
-3.093405736177659016e+00
-1.858190195916361143e+00
-7.325620565312438437e-01
2.778899059421018336e-01
1.172865955799418769e+00
1.955899530863332458e+00
2.633077024360480856e+00
3.212004949678174626e+00
3.701033550683256124e+00
4.108709858680919425e+00
4.443417555255747331e+00
4.713158492319956316e+00
4.925435291888560663e+00
5.087201928626113201e+00
5.204857112107934114e+00
5.284262382744969067e+00
5.330772633957284512e+00
5.349271216697851550e+00
5.344205015396650715e+00
5.319617123375541823e+00
5.279176212587154637e+00
5.226202584684862984e+00
5.163691371621607296e+00
5.094333554021019950e+00
5.020535484208905608e+00
4.944437512510396537e+00
4.867932174041359694e+00
4.792682236025543219e+00
4.720138756864734830e+00
4.651559181921527397e+00
4.588025403873643882e+00
4.530461648852182499e+00
4.479652011132317035e+00
4.436257444569972286e+00
4.400832022976257640e+00
4.373838298749944009e+00
4.355661614300106343e+00
4.346623249754760110e+00
4.346992319695466733e+00
4.356996358588558493e+00
4.376830557419356893e+00
4.406665631695034335e+00
4.446654312951773491e+00
4.496936462108942933e+00
4.557642803707248724e+00
4.628897275730757599e+00
4.710817980991107490e+00
4.803516713719621301e+00
4.907097019958284179e+00
5.021650733582130322e+00
5.147252912510503542e+00
5.283955083288961241e+00
5.431776688473209269e+00
5.590694622253841395e+00
5.760630738172324961e+00
5.941437221863560048e+00
6.132879745505649183e+00
6.334618363827665632e+00
6.546186179654464254e+00
6.766965906231542149e+00
6.996164590495283164e+00
7.232786942350284853e+00
7.475607945102848539e+00
7.723145704276393353e+00
7.973635824661021054e+00
8.225008980612658505e+00
8.474873744961284316e+00
8.720507137759438976e+00
8.958855702900139661e+00
9.186550157250591653e+00
9.399936706424179889e+00
9.595127895063589207e+00
9.768075266532649792e+00
9.914665068993791408e+00
1.003083671769594964e+01
1.011272172184499141e+01
1.015679840792489053e+01
1.016005522130331507e+01
1.012015297012002613e+01
1.003557447704317696e+01
9.905749141799049085e+00
9.731140256241117115e+00
9.513284775487164779e+00
9.254778624880149351e+00
8.959205226335116734e+00
8.631010205929374735e+00
8.275330460739397154e+00
7.897790137325713999e+00
7.504278948741125888e+00
7.100729237046709663e+00
6.692907222095180408e+00
6.286231248897440338e+00
5.885626090029117741e+00
5.495418127548957976e+00
5.119272157075617891e+00
4.760167114812297484e+00
4.420405519941990491e+00
4.101649941538261679e+00
3.804979266520590819e+00
3.530957780418876091e+00
3.279710844889653476e+00
3.051002035582058181e+00
2.844307795685183660e+00
2.658886818541156938e+00
2.493842403048207146e+00
2.348176879388951477e+00
2.220837865739747841e+00
2.110756598310380205e+00
2.016878900147740961e+00
1.938189547375670951e+00
1.873730884412357023e+00
1.822616559231088562e+00
1.784041218895877634e+00
1.757286942858657275e+00
1.741727110928667610e+00
1.736828314650368243e+00
1.742150832104075509e+00
1.757348101411625230e+00
1.782165550119721331e+00
1.816439067381767858e+00
1.860093343709759983e+00
1.913140248584314751e+00
1.975677368498601982e+00
2.047886785872972570e+00
2.130034141308335904e+00
2.222467986293011677e+00
2.325619399052526681e+00
2.440001800907057650e+00
2.566210872280924260e+00
2.704924424184915743e+00
2.856902030092794753e+00
3.022984161864405994e+00
3.204090498564515777e+00
3.401216985121786163e+00
3.615431104807815377e+00
3.847864691226737133e+00
4.099703437528186001e+00
4.372172058835306352e+00
4.666513825378459934e+00
4.983962907690491662e+00
5.325707664598064994e+00
5.692842669516733345e+00
6.086306931297871259e+00
6.506805459363500965e+00
6.954711109436733985e+00
7.429943618960723306e+00
7.931823036888148160e+00
8.458895561598595236e+00
9.008731375414502196e+00
9.577696716311473679e+00
1.016070650743766102e+01
1.075096970770041516e+01
1.133974736442550402e+01
1.191615305498270949e+01
1.246703635505170027e+01
1.297700065015313342e+01
1.342861432198900928e+01
1.380287509961383385e+01
1.407997618812411922e+01
1.424039477209968751e+01
1.426627583741174554e+01
1.414301907693521088e+01
1.386090368150139795e+01
1.341652333259855645e+01
1.281377556822756425e+01
1.206417756558647625e+01
1.118637285213955757e+01
1.020483702431448592e+01
9.147949108490152526e+00
8.045721304257037687e+00
6.927534158820047416e+00
5.820192891309150518e+00
4.746520509266757060e+00
3.724572446960897842e+00
2.767436558182872819e+00
1.883499424729363270e+00
1.077023924002106448e+00
3.488867214155142449e-01
-3.026471848083394089e-01
-8.811977918357860595e-01
-1.391639884451331577e+00
-1.839589034587697736e+00
-2.231003836604198654e+00
-2.571892916215686054e+00
-2.868109996715729526e+00
-3.125219182298035747e+00
-3.348413873889157344e+00
-3.542475110971476937e+00
-3.711757832115615052e+00
-3.860196116147042389e+00
-3.991320692003914150e+00
-4.108283821499606248e+00
-4.213888078662544778e+00
-4.310616622773764561e+00
-4.400663352405085327e+00
-4.485961895928169518e+00
-4.568212793658748438e+00
-4.648908501864694287e+00
-4.729356033663560943e+00
-4.810697172454842629e+00
-4.893926269313960908e+00
-4.979905680793073941e+00
-5.069378927933501089e+00
-5.162981668192702323e+00
-5.261250574545454306e+00
-5.364630213911137702e+00
-5.473478012991968455e+00
-5.588067395658150360e+00
-5.708589173881994938e+00
-5.835151275391546655e+00
-5.967776897076574549e+00
-6.106401185096419937e+00
-6.250866561961384349e+00
-6.400916848908862811e+00
-6.556190369899076664e+00
-6.716212272528510496e+00
-6.880386361733219935e+00
-7.047986814340371886e+00
-7.218150225415834065e+00
-7.389868528760989541e+00
-7.561983429967717996e+00
-7.733183085199881290e+00
-7.902001843955637206e+00
-8.066823938465105925e+00
-8.225892032498196116e+00
-8.377321522474174387e+00
-8.519121397022754394e+00
-8.649222291227246728e+00
-8.765512105298892465e+00
-8.865879187002672523e+00
-8.948262604885796279e+00
-9.010708480298980305e+00
-9.051430731041969935e+00
-9.068873955621825189e+00
-9.061775617242989966e+00
-9.029224243904980796e+00
-8.970710120760386985e+00
-8.886164979594409985e+00
-8.775987532638028554e+00
-8.641052365051081097e+00
-8.482700661640617312e+00
-8.302712424328529295e+00
-8.103261125480237581e+00
-7.886853002643441357e+00
-7.656254292795426686e+00
-7.414410507163029962e+00
-7.164362276876390823e+00
-6.909162321266297369e+00
-6.651797724391119715e+00
-6.395121018741175334e+00
-6.141792668781433484e+00
-5.894236536905646417e+00
-5.654608912945279897e+00
-5.424780789603905085e+00
-5.206332336151691997e+00
-5.000557996331095545e+00
-4.808480319620487720e+00
-4.630870510633067205e+00
-4.468273716986280064e+00
-4.321037231351466446e+00
-4.189340017455593923e+00
-4.073222245184096479e+00
-3.972613805852284408e+00
-3.887361052143624818e+00
-3.817251252742328571e+00
-3.762034460570513161e+00
-3.721442662351812203e+00
-3.695206206414668682e+00
-3.683067598214229132e+00
-3.684792813417498092e+00
-3.700180311565984592e+00
-3.729067944282474567e+00
-3.771337945291810545e+00
-3.826920169122618454e+00
-3.895793714480157099e+00
-3.977987029455667400e+00
-4.073576550848693856e+00
-4.182683880271225618e+00
-4.305471446313296369e+00
-4.442136545558830640e+00
-4.592903596243721687e+00
-4.758014377556950336e+00
-4.937715966064684991e+00
-5.132246020190898150e+00
-5.341815006808743327e+00
-5.566584914890095881e+00
-5.806643965850022404e+00
-6.061976817233541759e+00
-6.332429777383965508e+00
-6.617670619122796971e+00
-6.917142719930126304e+00
-7.230013488732534910e+00
-7.555117393234866086e+00
-7.890894407259196441e+00
-8.235325384524603720e+00
-8.585866757199690724e+00
-8.939388063026340703e+00
-9.292117105466664029e+00
-9.639598986029717764e+00
-9.976676694678447532e+00
-1.029750220263957949e+01
-1.059558778216162800e+01
-1.086390720419948686e+01
-1.109505510625648483e+01
-1.128146975873738889e+01
-1.141571939173832995e+01
-1.149084514970300042e+01
-1.150074502710593727e+01
-1.144057377006714304e+01
-1.130712524411731756e+01
-1.109915811010766618e+01
-1.081762478408312056e+01
-1.046576901424155537e+01
-1.004906929790799452e+01
-9.575022572512665420e+00
-9.052782428527244463e+00
-8.492684812483133783e+00
-7.905708082193280362e+00
-7.302920627047049251e+00
-6.694967139919278054e+00
-6.091635064613513784e+00
-5.501528322501034296e+00
-4.931859403882585369e+00
-4.388356308632199720e+00
-3.875269732154137614e+00
-3.395459227410472902e+00
-2.950534676928126210e+00
-2.541030412246016112e+00
-2.166592550054739164e+00
-1.826164432612026989e+00
-1.518159555733666233e+00
-1.240615437397440735e+00
-9.913252077731899981e-01
-7.679461929317137336e-01
-5.680864691419288404e-01
-3.893714077724930167e-01
-2.294927632983757571e-01
-8.624302420607007913e-02
4.246232734021704314e-02
1.585722193391770896e-01
2.638949210554358826e-01
3.600986815223445880e-01
4.487165659689195674e-01
5.311542671371372037e-01
6.086999220014597256e-01
6.825351820186467133e-01
7.537469673353193178e-01
8.233394850299461387e-01
8.922462121196648166e-01
9.613416396838078137e-01
1.031452648906980185e+00
1.103369446657289865e+00
1.177856030480639138e+00
1.255660183218488823e+00
1.337523017970177586e+00
1.424188106484109761e+00
1.516410229499139950e+00
1.614963786877471552e+00
1.720650898982697408e+00
1.834309218674518238e+00
1.956819455121743045e+00
2.089112585550811918e+00
2.232176697744282734e+00
2.387063362738856220e+00
2.554893381282278497e+00
2.736861676014498368e+00
2.934241010043434628e+00
3.148384096672813381e+00
3.380723518599070943e+00
3.632768691016596385e+00
3.906098873970126117e+00
4.202350956667658011e+00
4.523200392250036117e+00
4.870333249256701080e+00
5.245406863260084762e+00
5.649996024178923548e+00
6.085521040617068778e+00
6.553153423630903696e+00
7.053694404903570359e+00
7.587421176407635137e+00
8.153895811282934503e+00
8.751732597176674844e+00
9.378321402256657890e+00
1.002950825113072497e+01
1.069924017838334507e+01
1.137919035591115424e+01
1.205839202463343973e+01
1.272292600790103378e+01
1.335572567617511730e+01
1.393658264649216960e+01
1.444245133768838585e+01
1.484815308917938914e+01
1.512756096785707705e+01
1.525529472539114373e+01
1.520886628387735939e+01
1.497109527272609597e+01
1.453248410165615567e+01
1.389314327455836207e+01
1.306383928333381128e+01
1.206583678534809501e+01
1.092942426843797854e+01
9.691297211085483809e+00
8.391234212510216395e+00
7.068647417785461684e+00
5.759570205183694114e+00
4.494481250580589560e+00
3.297127141941683881e+00
2.184281774069671833e+00
1.166230452053028221e+00
2.477082281035157818e-01
-5.709612632478117122e-01
-1.292720789358713152e+00
-1.922751317184556274e+00
-2.467620621976652995e+00
-2.934622847608380436e+00
-3.331295111588771451e+00
-3.665083550556202052e+00
-3.943127268420290932e+00
-4.172130397771340427e+00
-4.358296926012500627e+00
-4.507308171180003598e+00
-4.624327769015064149e+00
-4.714023275115581946e+00
-4.780596858339420052e+00
-4.827820108350642236e+00
-4.859069823891609907e+00
-4.877362932374543547e+00
-4.885389550844048578e+00
-4.885543748120273477e+00
-4.879951899665111448e+00
-4.870498710431264477e+00
-4.858851068272026730e+00
-4.846479918271477061e+00
-4.834680342084767268e+00
-4.824590003026835383e+00
-4.817206087986340535e+00
-4.813400847650336267e+00
-4.813935810372595547e+00
-4.819474723689114448e+00
-4.830595261128462603e+00
-4.847799520031527365e+00
-4.871523327699975425e+00
-4.902144367359826838e+00
-4.939989131241886433e+00
-4.985338704779666230e+00
-5.038433382937339999e+00
-5.099476116645415225e+00
-5.168634784092224876e+00
-5.246043278253027076e+00
-5.331801398791556679e+00
-5.425973533790676484e+00
-5.528586115300504034e+00
-5.639623833269984843e+00
-5.759024596087657599e+00
-5.886673233940906691e+00
-6.022393954957198758e+00
-6.165941585255605872e+00
-6.316991654412285939e+00
-6.475129429323585484e+00
-6.639838053911467419e+00
-6.810486021242054377e+00
-6.986314289658279719e+00
-7.166423455908827123e+00
-7.349761515193707240e+00
-7.535112867956403448e+00
-7.721089371127972889e+00
-7.906124369286803066e+00
-8.088470767083428825e+00
-8.266204302471347631e+00
-8.437233230892584146e+00
-8.599315610259795406e+00
-8.750085260090676442e+00
-8.887087230901531854e+00
-9.007823241884457488e+00
-9.109807015373004191e+00
-9.190628760162024236e+00
-9.248027257555330394e+00
-9.279967134038027865e+00
-9.284718038702763465e+00
-9.260931680740094762e+00
-9.207712134994507025e+00
-9.124674603452810118e+00
-9.011988019149050899e+00
-8.870397547202156119e+00
-8.701224168053409258e+00
-8.506340044876496975e+00
-8.288120139265133801e+00
-8.049372355611213337e+00
-7.793250152389321173e+00
-7.523152858512883512e+00
-7.242619723261443987e+00
-6.955223930462573811e+00
-6.664472427462958315e+00
-6.373716541599522500e+00
-6.086077124907068203e+00
-5.804386555222261990e+00
-5.531148501666570461e+00
-5.268515081410122924e+00
-5.018279996398261389e+00
-4.781885498099911480e+00
-4.560440594251510049e+00
-4.354747756823280191e+00
-4.165335464342998506e+00
-3.992494152720481360e+00
-3.836313494874708852e+00
-3.696719325762636288e+00
-3.573508931848881076e+00
-3.466383800986475361e+00
-3.374979260142540127e+00
-3.298890704314161759e+00
-3.237696337811406977e+00
-3.190976511541225857e+00
-3.158329852902962198e+00
-3.139386455863697023e+00
-3.133818435562036431e+00
-3.141348161830488817e+00
-3.161754475901637385e+00
-3.194877169757548430e+00
-3.240619972440662355e+00
-3.298952245424063623e+00
-3.369909542117062617e+00
-3.453593136194172519e+00
-3.550168570419713010e+00
-3.659863222176837461e+00
-3.782962823755530835e+00
-3.919806814072435142e+00
-4.070782333190107849e+00
-4.236316601068333298e+00
-4.416867346879969070e+00
-4.612910874826029684e+00
-4.824927267268370734e+00
-5.053382137868042356e+00
-5.298704259655519166e+00
-5.561258311349297934e+00
-5.841311918888830057e+00
-6.138996131618352337e+00
-6.454258483180285388e+00
-6.786807872453968216e+00
-7.136050694772862357e+00
-7.501018002395829498e+00
-7.880284028959439802e+00
-8.271877235112695459e+00
-8.673186182209844830e+00
-9.080864068182238569e+00
-9.490737687007927192e+00
-9.897728868955782744e+00
-1.029579900257943770e+01
-1.067792978139010884e+01
-1.103615543998015092e+01
-1.136166283690572243e+01
-1.164497502129385964e+01
-1.187623051336981739e+01
-1.204556365165875143e+01
-1.214358060043467269e+01
-1.216191129086965361e+01
-1.209380108358650396e+01
-1.193468992853465060e+01
-1.168271495092854728e+01
-1.133906875445474149e+01
-1.090815353207542948e+01
-1.039749136081051262e+01
-9.817381691253419973e+00
-9.180332615675872887e+00
-8.500325489981289451e+00
-7.791995430611610374e+00
-7.069818083505544415e+00
-6.347384878133469854e+00
-5.636827900025393134e+00
-4.948427518396025349e+00
-4.290407658612799047e+00
-3.668900492615946529e+00
-3.088047295453074881e+00
-2.550195722358731043e+00
-2.056154372495477389e+00
-1.605470883489798162e+00
-1.196707539490116101e+00
-8.276965367393813722e-01
-4.957643683287204506e-01
-1.979206334914476173e-01
6.898920492732768528e-02
3.081648542097012444e-01
5.227622161084256591e-01
7.158299413147410917e-01
8.902669860066481089e-01
1.048796935396146601e+00
1.193955341843263573e+00
1.328086880889476129e+00
1.453349684050831314e+00
1.571724720515223606e+00
1.685028550661685554e+00
1.794928155961519112e+00
1.902956863843779267e+00
2.010530638303722029e+00
2.118964205013694979e+00
2.229486631403801766e+00
2.343256095055612498e+00
2.461373654323915083e+00
2.584895888824933596e+00
2.714846308675235242e+00
2.852225443480928657e+00
2.998019517481765650e+00
3.153207597551336505e+00
3.318767066840100810e+00
3.495677229033641531e+00
3.684920786341128185e+00
3.887482857991016338e+00
4.104347114671579533e+00
4.336488497701001421e+00
4.584861870057803657e+00
4.850385811275210735e+00
5.133920623178975795e+00
5.436239465302667995e+00
5.757991399072638572e+00
6.099655006810978719e+00
6.461481192841167953e+00
6.843423809324137963e+00
7.245056934123528691e+00
7.665478035414358793e+00
8.103196980937747540e+00
8.556011999709248528e+00
9.020875402009925992e+00
9.493754224593374147e+00
9.969494069949179860e+00
1.044169824246410805e+01
1.090263868526746904e+01
1.134321978012427579e+01
1.175302004400573708e+01
1.212043899518482171e+01
1.243297543999292643e+01
1.267765740208297842e+01
1.284163130265775976e+01
1.291289803502645661e+01
1.288115711643303030e+01
1.273869037640826640e+01
1.248118953538985920e+01
1.210841538610616119e+01
1.162457799482137055e+01
1.103835238334972857e+01
1.036249170814728338e+01
9.613061930428360213e+00
8.808384344949043765e+00
7.967819337650253964e+00
7.110544417754685043e+00
6.254468137585095455e+00
5.415384412271203374e+00
4.606420967555999724e+00
3.837784861695943128e+00
3.116768030133445500e+00
2.447951962474641086e+00
1.833542920293352640e+00
1.273773875676864176e+00
7.673215250817464472e-01
3.117016204436500182e-01
-9.637991292775810459e-02
-4.607309045301788419e-01
-7.854342178186479728e-01
-1.074663168265278523e+00
-1.332544805851848757e+00
-1.563063511790762750e+00
-1.769997256280717579e+00
-1.956879445295301778e+00
-2.126980199310263941e+00
-2.283301925956839007e+00
-2.428585035442737627e+00
-2.565320531198462373e+00
-2.695766959933117768e+00
-2.821969821699235048e+00
-2.945782031732810946e+00
-3.068884407796406588e+00
-3.192805447082766257e+00
-3.318939872128182422e+00
-3.448565580333450953e+00
-3.582858738930235543e+00
-3.722906836593239621e+00
-3.869719542373183607e+00
-4.024237238506286118e+00
-4.187337090909169390e+00
-4.359836503795074591e+00
-4.542493776237098047e+00
-4.736005741783164247e+00
-4.941002130620219646e+00
-5.158036351001298314e+00
-5.387572347311437859e+00
-5.629967162271946712e+00
-5.885448818303088636e+00
-6.154089148400302633e+00
-6.435771263471573356e+00
-6.730151457838397633e+00
-7.036615548059870662e+00
-7.354229936243155130e+00
-7.681688113524489658e+00
-8.017253898053482430e+00
-8.358703455492333845e+00
-8.703269088154764077e+00
-9.047588889674893053e+00
-9.387667599916348138e+00
-9.718855265502465812e+00
-1.003585145728751193e+01
-1.033274358574796459e+01
-1.060308798327580604e+01
-1.084004152901755980e+01
-1.103654931138018114e+01
-1.118558986688886847e+01
-1.128047380688925649e+01
-1.131518437879294758e+01
-1.128474038326403317e+01
-1.118555404807136000e+01
-1.101575050906841469e+01
-1.077541317576840818e+01
-1.046672189043185952e+01
-1.009395907880669263e+01
-9.663372510661304204e+00
-9.182899999962792492e+00
-8.661778498685539063e+00
-8.110074317409003086e+00
-7.538179870820270523e+00
-6.956323884731360430e+00
-6.374136543474207883e+00
-5.800300242226308356e+00
-5.242303013652291455e+00
-4.706298063511010099e+00
-4.197061399164746298e+00
-3.718031577101796437e+00
-3.271411466091468156e+00
-2.858311186209009591e+00
-2.478913160542111083e+00
-2.132643499711227797e+00
-1.818337829200994848e+00
-1.534393493290617139e+00
-1.278903409473569397e+00
-1.049769508106054516e+00
-8.447956403251153379e-01
-6.617611397433922349e-01
-4.984769953390045805e-01
-3.528269620711893539e-01
-2.227960206789591779e-01
-1.064884979204083065e-01
-2.137949752812284832e-03
9.188935191755158438e-02
1.770957655780579787e-01
2.548571650438403169e-01
3.264303151207299525e-01
3.929619078674200794e-01
4.554986160760580716e-01
5.149976771320586844e-01
5.723376491360145923e-01
6.283290852357416023e-01
6.837249549266198878e-01
7.392307059502309929e-01
7.955139104052629806e-01
8.532134764766543533e-01
9.129484350997927322e-01
9.753263308353273819e-01
1.040951259804643092e+00
1.110431605960684465e+00
1.184387531172410135e+00
1.263458275230660899e+00
1.348309319320398103e+00
1.439639460873205934e+00
1.538187838877746794e+00
1.644740936270593812e+00
1.760139569234398405e+00
1.885285851019393721e+00
2.021150088782937448e+00
2.168777533908897936e+00
2.329294856706666472e+00
2.503916151930320133e+00
2.693948197925922106e+00
2.900794584050502944e+00
3.125958181690535298e+00
3.371041255706415551e+00
3.637742285913538876e+00
3.927848281335872827e+00
4.243221011456292047e+00
4.585775136431309740e+00
4.957445681769903523e+00
5.360141666617335154e+00
5.795681962886295224e+00
6.265708657746118959e+00
6.771572368128836672e+00
7.314183216034365387e+00
7.893820695339210936e+00
8.509895729724961555e+00
9.160659267723756827e+00
9.842854396773892844e+00
1.055131399608033149e+01
1.127851437245376331e+01
1.201410816525118541e+01
1.274447785056204019e+01
1.345237441555283731e+01
1.411673256595925530e+01
1.471277977860257558e+01
1.521257339260669816e+01
1.558609532515218277e+01
1.580299276013458964e+01
1.583496208653049386e+01
1.565862960960166106e+01
1.525860411424345742e+01
1.463020914168076914e+01
1.378131580014948021e+01
1.273275846689819346e+01
1.151705513722327190e+01
1.017552782258840693e+01
8.754308993796438898e+00
7.299982983653904967e+00
5.855647857752173557e+00
4.457993705587011135e+00
3.135671528108241901e+00
1.908903297790428111e+00
7.900585416515943926e-01
-2.151685607712352510e-01
-1.106326835866849878e+00
-1.886781628093019192e+00
-2.562454382721431667e+00
-3.140801073937900423e+00
-3.630040557166481996e+00
-4.038607994482811492e+00
-4.374792550236684896e+00
-4.646515584412939326e+00
-4.861209692709414831e+00
-5.025766054973556329e+00
-5.146525196498791033e+00
-5.229293178728085856e+00
-5.279370916794690949e+00
-5.301588695863830303e+00
-5.300341156105712770e+00
-5.279620242918069195e+00
-5.243045088776569607e+00
-5.193888697886590577e+00
-5.135101804383730872e+00
-5.069334496060790229e+00
-4.998956235987756180e+00
-4.926074846719094680e+00
-4.852554898670478956e+00
-4.780035802199773975e+00
-4.709949765792210030e+00
-4.643539664652235999e+00
-4.581876771830052597e+00
-4.525878239492220345e+00
-4.476324179386245383e+00
-4.433874175203611046e+00
-4.399083060684001900e+00
-4.372415810982538176e+00
-4.354261416406467688e+00
-4.344945633101233717e+00
-4.344742531377177031e+00
-4.353884786660412232e+00
-4.372572678811046387e+00
-4.400981781711937657e+00
-4.439269336055241766e+00
-4.487579304019283732e+00
-4.546046105220496791e+00
-4.614797029352845747e+00
-4.693953312859708404e+00
-4.783629855513424900e+00
-4.883933538709101185e+00
-4.994960091536952973e+00
-5.116789434361385780e+00
-5.249479413993467958e+00
-5.393057831165399385e+00
-5.547512651838057529e+00
-5.712780291298606983e+00
-5.888731867004030285e+00
-6.075157336324586765e+00
-6.271747473082971425e+00
-6.478073697135325659e+00
-6.693565859890017400e+00
-6.917488211678311849e+00
-7.148913940259054023e+00
-7.386698878585953310e+00
-7.629455237423179881e+00
-7.875526524004942353e+00
-8.122965155580633478e+00
-8.369514652101305074e+00
-8.612598670346850227e+00
-8.849319483903835604e+00
-9.076468765872311550e+00
-9.290553625213453515e+00
-9.487840702432416506e+00
-9.664420660335736102e+00
-9.816294533445796944e+00
-9.939482074139002421e+00
-1.003015045251352433e+01
-1.008475950087859196e+01
-1.010021730473534163e+01
-1.007403759046355596e+01
-1.000448838983175825e+01
-9.890720260306816058e+00
-9.732862271408956545e+00
-9.532075285920855734e+00
-9.290554833335820106e+00
-9.011479904500586002e+00
-8.698908846763828251e+00
-8.357628563023949297e+00
-7.992967685265787381e+00
-7.610587636104371612e+00
-7.216267048869352330e+00
-6.815694727358836857e+00
-6.414284352597158900e+00
-6.017020914599296333e+00
-5.628344946031107021e+00
-5.252076668100549739e+00
-4.891378640035237702e+00
-4.548752777920029189e+00
-4.226065831897639846e+00
-3.924596568140731545e+00
-3.645097856414877047e+00
-3.387867412099001996e+00
-3.152821864257371764e+00
-2.939569920885858334e+00
-2.747481522569543255e+00
-2.575750908572722597e+00
-2.423452402066387901e+00
-2.289588427614390742e+00
-2.173129804265028664e+00
-2.073048728158169762e+00
-1.988345094445492123e+00
-1.918066937173732667e+00
-1.861325814141169710e+00
-1.817307954959709093e+00
-1.785281943914761138e+00
-1.764603639806299418e+00
-1.754718954037969958e+00
-1.755165023789156065e+00
-1.765570234505796199e+00
-1.785653468477401251e+00
-1.815222885694762311e+00
-1.854174480159974436e+00
-1.902490599222655288e+00
-1.960238564684976703e+00
-2.027569491335313057e+00
-2.104717359974310753e+00
-2.191998366451345159e+00
-2.289810534153926103e+00
-2.398633543067558271e+00
-2.519028692069014141e+00
-2.651638870455651720e+00
-2.797188367526284303e+00
-2.956482292694918357e+00
-3.130405310165001787e+00
-3.319919308254629442e+00
-3.526059520277768033e+00
-3.749928487337389260e+00
-3.992687099156143393e+00
-4.255541762951734697e+00
-4.539726528825325680e+00
-4.846478741261747381e+00
-5.177006491357258433e+00
-5.532445819935851716e+00
-5.913805283231670984e+00
-6.321895169329345698e+00
-6.757238394172577323e+00
-7.219959988243449978e+00
-7.709652225085521060e+00
-8.225213006134890037e+00
-8.764656326793870633e+00
-9.324895791732899397e+00
-9.901505558556099373e+00
-1.048846811592235895e+01
-1.107792522350952602e+01
-1.165995722226370646e+01
-1.222242639541324216e+01
-1.275093102697807268e+01
-1.322892612103304977e+01
-1.363807099689361024e+01
-1.395885856582052931e+01
-1.417156094527190646e+01
-1.425748720668331693e+01
-1.420049112902337107e+01
-1.398859599387776775e+01
-1.361553427148811224e+01
-1.308195443394030910e+01
-1.239604872677664460e+01
-1.157341998832182206e+01
-1.063612930588705652e+01
-9.611022690030669224e+00
-8.527579836205733343e+00
-7.415616452772521683e+00
-6.303177323684708178e+00
-5.214884055245540218e+00
-4.170879728426400312e+00
-3.186383922429413484e+00
-2.271770529219061974e+00
-1.433024635952281134e+00
-6.724225912318646525e-01
1.070126952799266284e-02
6.192026371292608244e-01
1.157453604586376805e+00
1.630778692160993693e+00
2.045008206281454299e+00
2.406141777601555454e+00
2.720107204799849576e+00
2.992597016367829266e+00
3.228965528323969991e+00
3.434171154259454628e+00
3.612751329510132781e+00
3.768820054553636112e+00
3.906080439094619550e+00
4.027846615525526808e+00
4.137070972122387502e+00
4.236373869777627199e+00
4.328073910191306162e+00
4.414217480644056835e+00
4.496606767669232951e+00
4.576825756974218784e+00
4.656263958019797755e+00
4.736137738139036379e+00
4.817509244971064142e+00
4.901302953442164601e+00
4.988319906201277298e+00
5.079249732633716263e+00
5.174680537254576329e+00
5.275106747647574146e+00
5.380935008235069539e+00
5.492488201348381338e+00
5.610007673147810792e+00
5.733653740481954308e+00
5.863504557209044066e+00
5.999553426221534203e+00
6.141704657816961621e+00
6.289768097552292048e+00
6.443452478688555196e+00
6.602357797050385280e+00
6.765966960615410919e+00
6.933637032986199600e+00
7.104590468940038761e+00
7.277906830301257735e+00
7.452515568784931155e+00
7.627190564676803675e+00
7.800547209377170610e+00
7.971042906405588546e+00
8.136981927047065355e+00
8.296525578315135263e+00
8.447708605104068624e+00
8.588462637222749052e+00
8.716647288485656730e+00
8.830089206119689393e+00
8.926628948729803170e+00
9.004175045440957703e+00
9.060763977884930043e+00
9.094624168071460346e+00
9.104241404388398351e+00
9.088422565891447036e+00
9.046354091697114796e+00
8.977651466899635224e+00
8.882396124565710593e+00
8.761156633147743733e+00
8.614991848791120788e+00
8.445434814697533099e+00
8.254457491180362538e+00
8.044417769977728838e+00
7.817991515411585546e+00
7.578093437466888460e+00
7.327791319351155686e+00
7.070218422343334197e+00
6.808488758250071271e+00
6.545619395671547380e+00
6.284463138038241858e+00
6.027653895434667675e+00
5.777565993481099227e+00
5.536287635386992534e+00
5.305607847424496981e+00
5.087015550937432629e+00
4.881708939784609846e+00
4.690613096005862737e+00
4.514403722162547261e+00
4.353534966973477971e+00
4.208269527337455074e+00
4.078709481805947945e+00
3.964826610900557657e+00
3.866491259088483012e+00
3.783499070893292071e+00
3.715595176508225350e+00
3.662495603919167841e+00
3.623905853454862047e+00
3.599536688850134780e+00
3.589117280448030911e+00
3.592405886248954072e+00
3.609198280577154527e+00
3.639334143351697026e+00
3.682701609911531726e+00
3.739240155902744167e+00
3.808941956957485164e+00
3.891851821098009090e+00
3.988065744642566468e+00
4.097728090981979321e+00
4.221027336633305538e+00
4.358190270894937157e+00
4.509474474568034630e+00
4.675158840016929496e+00
4.855531830094830248e+00
5.050877108556906414e+00
5.261456111884839082e+00
5.487487075721464436e+00
5.729119984059029669e+00
5.986406884195953459e+00
6.259267016795813099e+00
6.547446263669939981e+00
6.850470536340988126e+00
7.167592941260688022e+00
7.497734892861861233e+00
7.839421837226812961e+00
8.190714931728841464e+00
8.549140929869775363e+00
8.911623663148759533e+00
9.274421885212184691e+00
9.633079797576247216e+00
9.982398198151994251e+00
1.031643568726078897e+01
1.062855043448948145e+01
1.091149325495937816e+01
1.115756168838475482e+01
1.135882192742292496e+01
1.150740041209228970e+01
1.159583956643879610e+01
1.161750282598850958e+01
1.156700372740194815e+01
1.144062401179657229e+01
1.123667856703609580e+01
1.095578287851309973e+01
1.060098327441472854e+01
1.017772227222073589e+01
9.693629695579748073e+00
9.158152094747306293e+00
8.582054269987169803e+00
7.976843048242392875e+00
7.354171596399372568e+00
6.725281142812308488e+00
6.100526983532956748e+00
5.489019882617276025e+00
4.898396131028238898e+00
4.334713093654817939e+00
3.802454512540211162e+00
3.304622247475412777e+00
2.842888381055840075e+00
2.417782715348243183e+00
2.028894303943667765e+00
1.675070492758188090e+00
1.354601951993866127e+00
1.065386690795087965e+00
8.050697064586525009e-01
5.711576350381156741e-01
3.611096047282748023e-01
1.724065950975079697e-01
2.602147462654469390e-03
-1.506425810401497978e-01
-2.895365364830200794e-01
-4.161466361158118188e-01
-5.323934928816511647e-01
-6.400530567099617096e-01
-7.407625739265480957e-01
-8.360295774347694664e-01
-9.272428932258052203e-01
-1.015684880879774710e+00
-1.102544318371084575e+00
-1.188929498057991641e+00
-1.275881225473164404e+00
-1.364385509873958346e+00
-1.455385809655304508e+00
-1.549794750408002963e+00
-1.648505271783838877e+00
-1.752401183963066211e+00
-1.862367127360715413e+00
-1.979297931618669626e+00
-2.104107362703354411e+00
-2.237736230299909757e+00
-2.381159801343387894e+00
-2.535394428571034808e+00
-2.701503253945214844e+00
-2.880600783595797409e+00
-3.073856050830156672e+00
-3.282493983363457879e+00
-3.507794466196388683e+00
-3.751088437928540298e+00
-4.013750170831113628e+00
-4.297184658900248699e+00
-4.602808769419426405e+00
-4.932024500445454152e+00
-5.286182331391466427e+00
-5.666532265983007299e+00
-6.074159767442935731e+00
-6.509903413956348750e+00
-6.974250824006523075e+00
-7.467209319360103237e+00
-7.988148062168859198e+00
-8.535609239654437630e+00
-9.107087567102952974e+00
-9.698780303507849254e+00
-1.030531454239298306e+01
-1.091946516175068105e+01
-1.153188576594001624e+01
-1.213088615682860016e+01
-1.270230260079737228e+01
-1.322951963178632084e+01
-1.369371113934029083e+01
-1.407436923546499408e+01
-1.435017587208237266e+01
-1.450023852047439910e+01
-1.450565423508138352e+01
-1.435128911707325550e+01
-1.402757508523293772e+01
-1.353205582509025007e+01
-1.287038786940550672e+01
-1.205654591287862942e+01
-1.111210081978646969e+01
-1.006461348289584024e+01
-8.945370378701928971e+00
-7.786819897640079091e+00
-6.620109652874405448e+00
-5.473065617031533492e+00
-4.368822315279323298e+00
-3.325158496727137702e+00
-2.354461527140052191e+00
-1.464163623338564868e+00
-6.574678773663963360e-01
6.580116664946777938e-02
7.083480735169700448e-01
1.274638749805853566e+00
1.770255176234186489e+00
2.201384073635458183e+00
2.574432295674505156e+00
2.895751971027401339e+00
3.171454912139139992e+00
3.407296155129487136e+00
3.608608849620692727e+00
3.780275841259149061e+00
3.926726450382664879e+00
4.051949773701286617e+00
4.159518176890949270e+00
4.252616490257618231e+00
4.334073817716220134e+00
4.406395896760425757e+00
4.471796682166090164e+00
4.532228339214515955e+00
4.589409181622192690e+00
4.644849321127676234e+00
4.699873944733942821e+00
4.755644227676220304e+00
4.813175943800001022e+00
4.873355863239096308e+00
4.936956039103287175e+00
5.004646086462188670e+00
5.077003552378488216e+00
5.154522467866526014e+00
5.237620163303100540e+00
5.326642419308453391e+00
5.421867016436176634e+00
5.523505739992954133e+00
5.631704891739850005e+00
5.746544358924482232e+00
5.868035293954684484e+00
5.996116466047853422e+00
6.130649360478415133e+00
6.271412122781607756e+00
6.418092475666824726e+00
6.570279776601656962e+00
6.727456435012840075e+00
6.888988970404664514e+00
7.054119066397316118e+00
7.221955059797968701e+00
7.391464396120724700e+00
7.561467679578144363e+00
7.730635040514221679e+00
7.897485628158171345e+00
8.060391100460361002e+00
8.217584012088558154e+00
8.367171980792150521e+00
8.507158424583957768e+00
8.635470491437828855e+00
8.749994536336531681e+00
8.848619130446774506e+00
8.929285116360423658e+00
8.990041667034722295e+00
9.029106695138930050e+00
9.044929341363078024e+00
9.036251707266163891e+00
9.002166563058608517e+00
8.942167527928447157e+00
8.856188255558793188e+00
8.744627504012399299e+00
8.608357637387687333e+00
8.448715065315536066e+00
8.267472300982458222e+00
8.066792597354313088e+00
7.849169369884687164e+00
7.617353693975416284e+00
7.374273956765793336e+00
7.122952162796804210e+00
6.866421408964717088e+00
6.607648676349813677e+00
6.349466402226402906e+00
6.094515394917988438e+00
5.845200651944258752e+00
5.603660649358864099e+00
5.371749780149551512e+00
5.151032897229823604e+00
4.942790396218071258e+00
4.748031960547969277e+00
4.567516969374309177e+00
4.401779604969924264e+00
4.251156851107014134e+00
4.115817806556302472e+00
3.995793011331106648e+00
3.891002767201390267e+00
3.801283705525668299e+00
3.726413099355544212e+00
3.666130624421150230e+00
3.620157441635957429e+00
3.588212602635804327e+00
3.570026872579554311e+00
3.565354125396960061e+00
3.573980500856340559e+00
3.595731525199757694e+00
3.630477392207040133e+00
3.678136583329659093e+00
3.738677977196261271e+00
3.812121562835351529e+00
3.898537829231149665e+00
3.998045857603989006e+00
4.110810092912291047e+00
4.237035718011623153e+00
4.376962498001186752e+00
4.530856903847288564e+00
4.699002263880077912e+00
4.881686630102304747e+00
5.079187985003246197e+00
5.291756356353071844e+00
5.519592356351759932e+00
5.762821623609628574e+00
6.021464630442799226e+00
6.295401335865037140e+00
6.584330232406059302e+00
6.887721472979547954e+00
7.204763997739028092e+00
7.534306939870081266e+00
7.874796106160109055e+00
8.224207035264237575e+00
8.579977060194918792e+00
8.938939953155971452e+00
9.297268094148728679e+00
9.650428619036853561e+00
9.993161543142470293e+00
1.031948921481769332e+01
1.062276732535906909e+01
1.089578768897882810e+01
1.113094164777480088e+01
1.132044979725872835e+01
1.145665843888317070e+01
1.153239570437126282e+01
1.154137108258871969e+01
1.147859213339333095e+01
1.134076313475896391e+01
1.112662436403375921e+01
1.083718977737515132e+01
1.047584656561573802e+01
1.004829275819619028e+01
9.562307400784504807e+00
9.027368900461125278e+00
8.454156924849241861e+00
7.853987758067896507e+00
7.238239388720488776e+00
6.617819916853403761e+00
6.002722333187359816e+00
5.401693187433750154e+00
4.822025644518602938e+00
4.269472126392241051e+00
3.748260318501438704e+00
3.261189662042471848e+00
2.809783303425269718e+00
2.394471845561486845e+00
2.014788867126727556e+00
1.669562834607905666e+00
1.357094784263895182e+00
1.075315387498782638e+00
8.219184288901095758e-01
5.944702460092490259e-01
3.904963738827419428e-01
2.075476469149221403e-01
4.324850108217992428e-02
-1.046696568728157917e-01
-2.383472598189105840e-01
-3.597850679741645408e-01
-4.708401495066248388e-01
-5.732275056599952512e-01
-6.685258166639316268e-01
-7.581860808104428084e-01
-8.435421787717002351e-01
-9.258226163358985739e-01
-1.006162882563620187e+00
-1.085618010122354038e+00
-1.165175044283788042e+00
-1.245765220988724220e+00
-1.328275726510176336e+00
-1.413560965169248673e+00
-1.502453300356546784e+00
-1.595773260311424080e+00
-1.694339215695472856e+00
-1.798976542424251868e+00
-1.910526281449744790e+00
-2.029853297688687164e+00
-2.157853923065221835e+00
-2.295463043194683195e+00
-2.443660552591826463e+00
-2.603477057921421700e+00
-2.775998650626042785e+00
-2.962370496546800958e+00
-3.163798897515786468e+00
-3.381551364281653704e+00
-3.616954096824764875e+00
-3.871386091908639138e+00
-4.146268883178049869e+00
-4.443050661204802410e+00
-4.763183215940014037e+00
-5.108089791440413308e+00
-5.479121547522592728e+00
-5.877499899752192114e+00
-6.304241587738631303e+00
-6.760062955116878491e+00
-7.245259699629857941e+00
-7.759558402019393064e+00
-8.301936663316411114e+00
-8.870409942529727587e+00
-9.461785544765566769e+00
-1.007138809194461082e+01
-1.069276667620243515e+01
-1.131740214820991319e+01
-1.193444378500720404e+01
-1.253051754224359726e+01
-1.308966193048207316e+01
-1.359345960574004586e+01
-1.402143867013346323e+01
-1.435181144741393311e+01
-1.456259341098998661e+01
-1.463309570225078282e+01
-1.454571087317443556e+01
-1.428782159490554271e+01
-1.385357601677092099e+01
-1.324522083844960640e+01
-1.247369486271374051e+01
-1.155827985247096379e+01
-1.052527296518853461e+01
-9.405845139611185957e+00
-8.233421445306184694e+00
-7.041006262944802252e+00
-5.858852705022000507e+00
-4.712758221984961082e+00
-3.623104608067341026e+00
-2.604605475905993117e+00
-1.666616747992551328e+00
-8.138189307235235148e-01
-4.708491398194381006e-02
6.356161752828815015e-01
1.238380179742088361e+00
1.766649804273435542e+00
2.226637519197969706e+00
2.624886406036821107e+00
2.967952875213368369e+00
3.262189812390399624e+00
3.513608200431280970e+00
3.727797407159208376e+00
3.909887598454183877e+00
4.064541200439159674e+00
4.195963499925482232e+00
4.307925130727542573e+00
4.403791303681080294e+00
4.486554244749449083e+00
4.558866488435310949e+00
4.623073519843089230e+00
4.681244848083154331e+00
4.735202993429963314e+00
4.786550134073131346e+00
4.836692326110616946e+00
4.886861312700241378e+00
4.938133996672668502e+00
4.991449680666469213e+00
5.047625190485486968e+00
5.107367998001744347e+00
5.171287454243095105e+00
5.239904234389941351e+00
5.313658086255370172e+00
5.392913963748141803e+00
5.477966617720031017e+00
5.569043709162970757e+00
5.666307504544796814e+00
5.769855210749651242e+00
5.879718008264385176e+00
5.995858846645768736e+00
6.118169076717132171e+00
6.246464010245633247e+00
6.380477520940054603e+00
6.519855831345667596e+00
6.664150669328738452e+00
6.812812025807695626e+00
6.965180802234376856e+00
7.120481701439294930e+00
7.277816787303899027e+00
7.436160214592320017e+00
7.594354705963555219e+00
7.751110422748973328e+00
7.905006931663937308e+00
8.054499001453178764e+00
8.197926960107533745e+00
8.333532292234927752e+00
8.459479044914925083e+00
8.573881427956905554e+00
8.674837733554827679e+00
8.760470359530959428e+00
8.828971306856727708e+00
8.878652053827956081e+00
8.907996216108017506e+00
8.915712925671508415e+00
8.900788453952886314e+00
8.862533321672952269e+00
8.800622034315756181e+00
8.715122701844348896e+00
8.606514168096454753e+00
8.475688886226823371e+00
8.323940596805865511e+00
8.152936828993466278e+00
7.964677262083016629e+00
7.761439950822574652e+00
7.545718230917262126e+00
7.320151695562731042e+00
7.087454914169870612e+00
6.850347532668966899e+00
6.611489071757477909e+00
6.373421179332278363e+00
6.138519373064336371e+00
5.908955515231611777e+00
5.686671477821841236e+00
5.473363751071686600e+00
5.270478172206096268e+00
5.079213529750404632e+00
4.900532537825224466e+00
4.735178562654450474e+00
4.583696496808725485e+00
4.446456286021178705e+00
4.323677787953798202e+00
4.215455853504299633e+00
4.121784745054290156e+00
4.042581223922939060e+00
3.977705838272683092e+00
3.926982114946986790e+00
3.890213500505508293e+00
3.867198007509985658e+00
3.857740603525091849e+00
3.861663435273718470e+00
3.878814012511996534e+00
3.909071489199960059e+00
3.952351176985270165e+00
4.008607411046994251e+00
4.077834863636503826e+00
4.160068368372821901e+00
4.255381280205673633e+00
4.363882353270530423e+00
4.485711072667720956e+00
4.621031327399848898e+00
4.770023261210870835e+00
4.932873087002010770e+00
5.109760600397259545e+00
5.300844081131881325e+00
5.506242230491185552e+00
5.726012763668076211e+00
5.960127264077436315e+00
6.208441921062958002e+00
6.470663824457845159e+00
6.746312593565547466e+00
7.034677291940866439e+00
7.334768843391880289e+00
7.645268541289910402e+00
7.964473754762912527e+00
8.290242600009976925e+00
8.619940171658349470e+00
8.950389909056665871e+00
9.277834768795290898e+00
9.597914010134033447e+00
9.905662443763006308e+00
1.019553975303320570e+01
1.046149771306033749e+01
1.069709249951820418e+01
1.089564747508728537e+01
1.105046859989474939e+01
1.115510981304061744e+01
1.120367951591773448e+01
1.119117215928532261e+01
1.111380181748671347e+01
1.096930881834719429e+01
1.075720746468767075e+01
1.047894396869163103e+01
1.013793970324814886e+01
9.739505600532741170e+00
9.290627720691322367e+00
8.799639401315520360e+00
8.275809187570715153e+00
7.728883319495055915e+00
7.168625187968989287e+00
6.604391473407501323e+00
6.044776639551609598e+00
5.497346067256828839e+00
4.968465772027470528e+00
4.463225510583227695e+00
3.985443624085777792e+00
3.537736825260460183e+00
3.121636198650032057e+00
2.737731325335311716e+00
2.385826817923083265e+00
2.065098819303801125e+00
1.774242495398623332e+00
1.511604767289209450e+00
1.275299218957462566e+00
1.063302186683402484e+00
8.735305013242949945e-01
7.039022956558351751e-01
5.523828125805714251e-01
4.170173647964926511e-01
2.959535986984517808e-01
1.874550829287143783e-01
8.990803420056284190e-02
1.822751857090798566e-03
-7.816891378039125815e-02
-1.513189684214532316e-01
-2.187706775903162648e-01
-2.815672745280180522e-01
-3.406614381872306585e-01
-3.969251397827182615e-01
-4.511595650235775690e-01
-5.041049068378029574e-01
-5.564498930796822895e-01
-6.088409682455888650e-01
-6.618910902248856809e-01
-7.161881348792457080e-01
-7.723029247444077594e-01
-8.307969150275243964e-01
-8.922295816703658122e-01
-9.571655636231711783e-01
-1.026181615429582639e+00
-1.099873427328614817e+00
-1.178862368683604389e+00
-1.263802206785819893e+00
-1.355385846871719924e+00
-1.454352130228796947e+00
-1.561492714982163132e+00
-1.677659047694202377e+00
-1.803769412061544841e+00
-1.940816012115371025e+00
-2.089872009248074036e+00
-2.252098382266481735e+00
-2.428750413855910839e+00
-2.621183520672648370e+00
-2.830858031891087201e+00
-3.059342375101283817e+00
-3.308313940017496346e+00
-3.579556648755635617e+00
-3.874953953915510674e+00
-4.196475598333388568e+00
-4.546155988505462986e+00
-4.926061443846911025e+00
-5.338242877125520813e+00
-5.784669638654885482e+00
-6.267139338404891902e+00
-6.787157499642242797e+00
-7.345780002773247830e+00
-7.943410639934613826e+00
-8.579546032852775284e+00
-9.252461150068178597e+00
-9.958831390922261662e+00
-1.069329262253330803e+01
-1.144794982275424111e+01
-1.221185934338141443e+01
-1.297053026321542113e+01
-1.370551696557585863e+01
-1.439420616063761216e+01
-1.500993202598499643e+01
-1.552257328003202197e+01
-1.589978100663681460e+01
-1.610893769854028790e+01
-1.611984040327464385e+01
-1.590793098057148747e+01
-1.545768711044306798e+01
-1.476559594664163022e+01
-1.384204250071530495e+01
-1.271153750370085689e+01
-1.141101266156720762e+01
-9.986360862040024600e+00
-8.487844415153514177e+00
-6.965263343850146782e+00
-5.463765520542777310e+00
-4.020914757940564854e+00
-2.665241399443997850e+00
-1.416139024504539767e+00
-2.847456925503091263e-01
7.246182228944832993e-01
1.612830539988121092e+00
2.384430265780759228e+00
3.046310524110403595e+00
3.606695494487869524e+00
4.074394343447857558e+00
4.458292883620857516e+00
4.767032142586783650e+00
5.008823933776761272e+00
5.191360579285638543e+00
5.321785053153003986e+00
5.406696718950311897e+00
5.452175478915394002e+00
5.463813209664443171e+00
5.446745882837251251e+00
5.405682970429423584e+00
5.344932871859595203e+00
5.268424420592497270e+00
5.179725247826310941e+00
5.082058077351473635e+00
4.978316041503235923e+00
4.871077953821317585e+00
4.762624232967995752e+00
4.654953904795727126e+00
4.549802855890413333e+00
4.448663297217215984e+00
4.352804232885899793e+00
4.263292619390328220e+00
4.181014841352363121e+00
4.106698113246117110e+00
4.040931433311857113e+00
3.984185756037767590e+00
3.936833104034072051e+00
3.899164401019329151e+00
3.871405868775997128e+00
3.853733887759610788e+00
3.846288270530416220e+00
3.849183937571344583e+00
3.862521015628593180e+00
3.886393399470253751e+00
3.920895829412567757e+00
3.966129539916736668e+00
4.022206529955289156e+00
4.089252494657155346e+00
4.167408440894183386e+00
4.256830987822916690e+00
4.357691327721240349e+00
4.470172793486995033e+00
4.594466947623907060e+00
4.730768074237815313e+00
4.879265921495157698e+00
5.040136508462950360e+00
5.213530779039944996e+00
5.399560859260047252e+00
5.598283655960236693e+00
5.809681529169985481e+00
6.033639783534163747e+00
6.269920763238072681e+00
6.518134409736384249e+00
6.777705263483669640e+00
7.047836072912768479e+00
7.327468430279108880e+00
7.615241198689549407e+00
7.909447939386567761e+00
8.207995099357514590e+00
8.508363372665744606e+00
8.807575384545168973e+00
9.102173622053795654e+00
9.388213275103478139e+00
9.661275246312516884e+00
9.916504887498634346e+00
1.014868184060244438e+01
1.035232549936447555e+01
1.052183887674592633e+01
1.065169093526854383e+01
1.073663371014697709e+01
1.077194601416031716e+01
1.075369058359743946e+01
1.067896688030091212e+01
1.054613827295879958e+01
1.035501090470814134e+01
1.010694298385975820e+01
9.804867885786475057e+00
9.453222106711464789e+00
9.057778869466378779e+00
8.625398581027376110e+00
8.163716634168755704e+00
7.680795610402751272e+00
7.184771687816978059e+00
6.683523687849612038e+00
6.184388242065711694e+00
5.693937195015653430e+00
5.217825051643984580e+00
4.760706426867840513e+00
4.326217107287155805e+00
3.917008048054735347e+00
3.534819482491959874e+00
3.180582038106508858e+00
2.854532848344137452e+00
2.556336589738106735e+00
2.285203678917669734e+00
2.040000165806439725e+00
1.819345919052361094e+00
1.621699393146617041e+00
1.445428557757606258e+00
1.288868480675069206e+00
1.150366640617969560e+00
1.028317371612505804e+00
9.211869728560543313e-01
8.275310154827754117e-01
7.460052882781071926e-01
6.753716848799207195e-01
6.145001720157756697e-01
5.623678101500422244e-01
5.180556363023145483e-01
4.807440706431778676e-01
4.497073772267123348e-01
4.243075960078396824e-01
4.039882677585485693e-01
3.882681944036312505e-01
3.767354129502468174e-01
3.690415097168238678e-01
3.648963611087222003e-01
3.640633559831853439e-01
3.663551311033543256e-01
3.716298339001852247e-01
3.797879145362113573e-01
3.907694410759413595e-01
4.045519265636857154e-01
4.211486542907398878e-01
4.406074869305369734e-01
4.630101460737601204e-01
4.884719506387875665e-01
5.171420053746125234e-01
5.492038339813399839e-01
5.848764550604221846e-01
6.244159030176212877e-01
6.681172000398312161e-01
7.163167892219622912e-01
7.693954426940748936e-01
8.277816620310547435e-01
8.919555911158459915e-01
9.624534637085950806e-01
1.039872608893841699e+00
1.124877036856468004e+00
1.218203624423119580e+00
1.320668913615865581e+00
1.433176525904298337e+00
1.556725178301213930e+00
1.692417262764612573e+00
1.841467914656660376e+00
2.005214445425031577e+00
2.185125944125066333e+00
2.382812755194049892e+00
2.600035407265384180e+00
2.838712388421538169e+00
3.100925922579750527e+00
3.388924581288780491e+00
3.705121142268886558e+00
4.052083552973003044e+00
4.432516142204572240e+00
4.849227310246636335e+00
5.305078783402704445e+00
5.802910115491415333e+00
6.345430451009743678e+00
6.935067670763203296e+00
7.573763040254439360e+00
8.262697631636338969e+00
9.001935569936538428e+00
9.789969373737834601e+00
1.062315559462861003e+01
1.149503647585346400e+01
1.239555796140445487e+01
1.331021909253240665e+01
1.421922551697446835e+01
1.509677191466050061e+01
1.591064207298326849e+01
1.662238100394546692e+01
1.718833912470473280e+01
1.756187859138092833e+01
1.769692136706133923e+01
1.755276939588855711e+01
1.709973919496470174e+01
1.632470140921482837e+01
1.523526803229418469e+01
1.386134567492745440e+01
1.225322883197265433e+01
1.047629316123477494e+01
8.603354668701253871e+00
6.706441812573711303e+00
4.849769581982827482e+00
3.085128111873971513e+00
1.450029991106453364e+00
-3.179829560232327879e-02
-1.348400419012719009e+00
-2.496906777739459571e+00
-3.480844827616720316e+00
-4.307834885813954351e+00
-4.987827843995210841e+00
-5.531882828549322006e+00
-5.951399461112969469e+00
-6.257690383455655869e+00
-6.461782777735638916e+00
-6.574355835211002308e+00
-6.605744063492168472e+00
-6.565958503481888364e+00
-6.464696958748958444e+00
-6.311329450346653935e+00
-6.114856270179619635e+00
-5.883843499190185788e+00
-5.626345113686423538e+00
-5.349822356817994340e+00
-5.061070517895808862e+00
-4.766161302698952440e+00
-4.470406246134001726e+00
-4.178343692877209747e+00
-3.893749201608624588e+00
-3.619667106383840149e+00
-3.358459529784444619e+00
-3.111868389636820442e+00
-2.881085783841162318e+00
-2.666828434589560981e+00
-2.469412467959515300e+00
-2.288825553750101882e+00
-2.124794217278960229e+00
-1.976844876726907341e+00
-1.844357805511903425e+00
-1.726613744766136715e+00
-1.622833291743648543e+00
-1.532209474396690974e+00
-1.453934106233762735e+00
-1.387218617711259538e+00
-1.331310099675794500e+00
-1.285503287928674299e+00
-1.249149180418743343e+00
-1.221660921639166286e+00
-1.202517521538391199e+00
-1.191265905278660941e+00
-1.187521720102253653e+00
-1.190969259411023051e+00
-1.201360803716959857e+00
-1.218515624261359287e+00
-1.242318848061626069e+00
-1.272720342717545305e+00
-1.309733744991288251e+00
-1.353435728284182460e+00
-1.403965579878718950e+00
-1.461525138347706143e+00
-1.526379123971473017e+00
-1.598855879439987415e+00
-1.679348523608162891e+00
-1.768316506625978501e+00
-1.866287539304795295e+00
-1.973859851909385066e+00
-2.091704716309920276e+00
-2.220569138982096735e+00
-2.361278598790141015e+00
-2.514739660516656539e+00
-2.681942239917348925e+00
-2.863961225292289470e+00
-3.061957070108189516e+00
-3.277174856243373124e+00
-3.510941182324847087e+00
-3.764658050006552070e+00
-4.039792695991152094e+00
-4.337862042170767651e+00
-4.660410104374687279e+00
-5.008976308250409737e+00
-5.385052210223856051e+00
-5.790023622874609366e+00
-6.225094623242895864e+00
-6.691189429392507826e+00
-7.188827750935217864e+00
-7.717969090973268997e+00
-8.277821808574207907e+00
-8.866613841568794285e+00
-9.481324244224650144e+00
-1.011737862450489978e+01
-1.076831775561382898e+01
-1.142545764956522802e+01
-1.207757156638251139e+01
-1.271063960029774975e+01
-1.330772842264195077e+01
-1.384907965079978354e+01
-1.431249519871684583e+01
-1.467410464380121837e+01
-1.490957452455679189e+01
-1.499576502376869058e+01
-1.491275350274283973e+01
-1.464603537258051169e+01
-1.418860413227079853e+01
-1.354254094519704665e+01
-1.271975029468584495e+01
-1.174158762629256181e+01
-1.063732867810571392e+01
-9.441677570013286669e+00
-8.191722990027503926e+00
-6.923856109563373273e+00
-5.671128210347583298e+00
-4.461373818396829449e+00
-3.316220047578572583e+00
-2.250915270485295938e+00
-1.274787324728580362e+00
-3.920956610245364127e-01
3.969419864676206888e-01
1.095116704972393329e+00
1.707296756996433240e+00
2.239650753116077198e+00
2.699039583802996134e+00
3.092566392769617423e+00
3.427261437897004548e+00
3.709874706708083725e+00
3.946750214470018836e+00
4.143759462087660772e+00
4.306275909915764366e+00
4.439176589426939046e+00
4.546860676992280581e+00
4.633277844625357744e+00
4.701961497541153001e+00
4.756063699599830663e+00
4.798389790894843188e+00
4.831431529558692262e+00
4.857398139847240337e+00
4.878244999579895769e+00
4.895699912870089321e+00
4.911287034013955832e+00
4.926348568048698695e+00
4.942064395720248804e+00
4.959469770975347913e+00
4.979471227852713788e+00
5.002860817249226599e+00
5.030328776331059792e+00
5.062474716456489610e+00
5.099817400372548271e+00
5.142803166466559439e+00
5.191813046955934041e+00
5.247168617887037811e+00
5.309136611464101208e+00
5.377932315380254735e+00
5.453721779424521188e+00
5.536622846780123730e+00
5.626705026354230199e+00
5.723988223589514313e+00
5.828440351063825631e+00
5.939973847496489157e+00
6.058441145395007332e+00
6.183629144452631010e+00
6.315252770976358399e+00
6.452947734130309421e+00
6.596262628591149202e+00
6.744650581104382425e+00
6.897460695817826171e+00
7.053929619995816580e+00
7.213173626800888805e+00
7.374181693155570372e+00
7.535810134698466278e+00
7.696779441186710535e+00
7.855674027000619120e+00
8.010945663146237905e+00
8.160921377736640281e+00
8.303816588146027300e+00
8.437754145911378956e+00
8.560789821723568949e+00
8.670944521898951152e+00
8.766243204132258882e+00
8.844760051674327883e+00
8.904668984650212948e+00
8.944298061147479828e+00
8.962185788654128515e+00
8.957136880409850122e+00
8.928274611699741570e+00
8.875086720345455760e+00
8.797461808801230632e+00
8.695713480246388016e+00
8.570589988968210449e+00
8.423267983622611865e+00
8.255329912536646830e+00
8.068725753599153450e+00
7.865720817120849695e+00
7.648832332472874640e+00
7.420758264447391284e+00
7.184302237301892546e+00
6.942298536917805407e+00
6.697540921643146739e+00
6.452718447615590769e+00
6.210360782267168034e+00
5.972794633984227275e+00
5.742112061342211859e+00
5.520150624899043734e+00
5.308484670347609402e+00
5.108426521121379515e+00
4.921036024068294878e+00
4.747136725685766834e+00
4.587336935940493632e+00
4.442054030640413487e+00
4.311540517600348288e+00
4.195910613951827628e+00
4.095166323897940330e+00
4.009222245999633394e+00
3.937928561008284589e+00
3.881091845471627888e+00
3.838493517863583726e+00
3.809905851602795490e+00
3.795105584438962065e+00
3.793885219350842330e+00
3.806062152208553595e+00
3.831485780148063736e+00
3.870042745871751677e+00
3.921660460502170764e+00
3.986309024219237163e+00
4.064001632177300039e+00
4.154793515061725451e+00
4.258779420572856189e+00
4.376089595226672735e+00
4.506884176014781751e+00
4.651345849473661254e+00
4.809670582479916412e+00
4.982056175835078982e+00
5.168688340218183797e+00
5.369723947025106803e+00
5.585271067868134764e+00
5.815365391613616097e+00
6.059942604442953851e+00
6.318806346793498285e+00
6.591591434493223822e+00
6.877722166642845636e+00
7.176365759894611784e+00
7.486381270620452000e+00
7.806264817292451141e+00
8.134092517965928693e+00
8.467463328598858752e+00
8.803444910272711255e+00
9.138526747253951754e+00
9.468585927768270238e+00
9.788872180458906058e+00
1.009401976461378858e+01
1.037809440456454624e+01
1.063468333637240271e+01
1.085703535613223991e+01
1.103825519521375575e+01
1.117155236878264191e+01
1.125053883306117442e+01
1.126956266231386472e+01
1.122405726606647569e+01
1.111087860135049432e+01
1.092859790940566889e+01
1.067771628338577372e+01
1.036077104941760396e+01
9.982312898995775896e+00
9.548746183087930106e+00
9.068040815780298303e+00
8.549340031137253604e+00
8.002500794855269106e+00
7.437610605528723440e+00
6.864524604179534251e+00
6.292460747871089666e+00
5.729680016196337711e+00
5.183265674034111647e+00
4.659003010419230151e+00
4.161350655195596104e+00
3.693487615548354697e+00
3.257416765933983882e+00
2.854105188950485594e+00
2.483643655362409941e+00
2.145410719365205221e+00
1.838230577048229897e+00
1.560517394697828353e+00
1.310401895226838587e+00
1.085838431200903509e+00
8.846925510506158385e-01
7.048102480007821802e-01
5.440707775087441078e-01
4.004252567793025186e-01
2.719233281658022805e-01
1.567300676692115202e-01
5.313512032920268691e-02
-4.044420323104599979e-02
-1.254643959868493308e-01
-2.032605691659768177e-01
-2.750536240809269839e-01
-3.419589977267133984e-01
-4.049963746097294814e-01
-4.650999048632319388e-01
-5.231285902154979572e-01
-5.798765977426818541e-01
-6.360833397247326326e-01
-6.924432194224927617e-01
-7.496149900578662484e-01
-8.082307102305582580e-01
-8.689043056107750296e-01
-9.322397658174788049e-01
-9.988390183974343861e-01
-1.069309529917919388e+00
-1.144271688242033402e+00
-1.224366020667102539e+00
-1.310260300115170251e+00
-1.402656586060851751e+00
-1.502298238200313829e+00
-1.609976928565539200e+00
-1.726539661122644453e+00
-1.852895785757237679e+00
-1.990023964413594415e+00
-2.138979008971988005e+00
-2.300898460543802759e+00
-2.477008714791081978e+00
-2.668630413255650424e+00
-2.877182711015196404e+00
-3.104185889466307469e+00
-3.351261601392423906e+00
-3.620129803869023277e+00
-3.912601141654448611e+00
-4.230563177056233748e+00
-4.575958409180032938e+00
-4.950751474876710745e+00
-5.356882269316028733e+00
-5.796200969826441174e+00
-6.270380115102133445e+00
-6.780798037582574267e+00
-7.328387175154453814e+00
-7.913440281995905323e+00
-8.535367611453681391e+00
-9.192399201574428247e+00
-9.881229091093773675e+00
-1.059660347513531953e+01
-1.133086350169215528e+01
-1.207346668948309976e+01
-1.281052963720353155e+01
-1.352445879094170955e+01
-1.419376381944262810e+01
-1.479317500929910878e+01
-1.529420340674159640e+01
-1.566627717416790055e+01
-1.587854396612793906e+01
-1.590233338172242128e+01
-1.571412312418642543e+01
-1.529866691728080497e+01
-1.465177037526709647e+01
-1.378211546700904933e+01
-1.271160568062395235e+01
-1.147396047085905657e+01
-1.011167959532484417e+01
-8.671899927396484742e+00
-7.201928607838314456e+00
-5.745258663289455114e+00
-4.338663503122472065e+00
-3.010627996330761391e+00
-1.781042461698574053e+00
-6.618624618864668019e-01
3.416464673745267522e-01
1.229430524462867602e+00
2.005196223028200997e+00
2.675141694318364127e+00
3.246938018374215140e+00
3.728966710894841885e+00
4.129784762606467652e+00
4.457773954431826446e+00
4.720929265471393244e+00
4.926746078950972496e+00
5.082173500435453128e+00
5.193609035964874110e+00
5.266916939398993414e+00
5.307458279401410017e+00
5.320125157853992093e+00
5.309374685701014229e+00
5.279260508818325981e+00
5.233461097904507753e+00
5.175304869863554202e+00
5.107792656943050957e+00
5.033618213454812640e+00
4.955187447678360613e+00
4.874636962696614617e+00
4.793852337879402015e+00
4.714486419271360695e+00
4.637977735830543402e+00
4.565569032718616249e+00
4.498325818531577980e+00
4.437154761029153960e+00
4.382821732653510161e+00
4.335969298029967334e+00
4.297133444983877837e+00
4.266759382637943965e+00
4.245216259635402167e+00
4.232810688042961011e+00
4.229798990535662995e+00
4.236398117497334859e+00
4.252795204972420251e+00
4.279155762978771982e+00
4.315630496104508218e+00
4.362360764559719328e+00
4.419482694232240050e+00
4.487129939306091053e+00
4.565435091274571811e+00
4.654529714440717392e+00
4.754542971045421673e+00
4.865598779885139002e+00
4.987811431688359498e+00
5.121279563809354229e+00
5.266078377432445556e+00
5.422249964293929914e+00
5.589791599246125564e+00
5.768641852756541510e+00
5.958664387360439463e+00
6.159629328750646948e+00
6.371192151134676074e+00
6.592870094211430221e+00
6.824016242929119791e+00
7.063791558857610120e+00
7.311135361120292053e+00
7.564735021683743454e+00
7.822995967808344275e+00
8.084013471902736114e+00
8.345548146169440074e+00
8.605007525107033928e+00
8.859436576883787495e+00
9.105520380225593513e+00
9.339602462041883157e+00
9.557722318768663072e+00
9.755675334230993201e+00
9.929097550418397589e+00
1.007357645516638733e+01
1.018478707819406814e+01
1.025865026739026575e+01
1.029150719132588598e+01
1.028030114929234884e+01
1.022275505830833708e+01
1.011753100726899746e+01
9.964357516271526549e+00
9.764111018448643264e+00
9.518840789714875683e+00
9.231730982457321488e+00
8.906999122062119412e+00
8.549736648107000292e+00
8.165702900247724827e+00
7.761088455194792068e+00
7.342266227231141862e+00
6.915548932635857682e+00
6.486969498674870493e+00
6.062097258486081053e+00
5.645898041960136560e+00
5.242641339797059707e+00
4.855853272312472768e+00
4.488310614071724380e+00
4.142068836332662762e+00
3.818516028420874786e+00
3.518444476103400831e+00
3.242132348231610894e+00
2.989429088865271034e+00
2.759839475226141481e+00
2.552602682282294033e+00
2.366763956743493491e+00
2.201237570167500213e+00
2.054860563377600258e+00
1.926437416228759414e+00
1.814776201758371954e+00
1.718717045412251787e+00
1.637153844168325545e+00
1.569050240562837040e+00
1.513450821782317490e+00
1.469488447521673180e+00
1.436388520183612849e+00
1.413470910322619511e+00
1.400150148107431214e+00
1.395934393902724002e+00
1.400423611366679033e+00
1.413307286497203163e+00
1.434361966390468757e+00
1.463448831842936171e+00
1.500511467557342327e+00
1.545573951522015932e+00
1.598739349871050486e+00
1.660188673868753684e+00
1.730180330228013652e+00
1.809050073380817025e+00
1.897211447152658659e+00
1.995156682076498988e+00
2.103457991741393140e+00
2.222769185373323353e+00
2.353827482330774323e+00
2.497455375094832508e+00
2.654562337970069130e+00
2.826146115912194556e+00
3.013293247880811876e+00
3.217178377404035228e+00
3.439061774403675553e+00
3.680284330782292557e+00
3.942259091212083622e+00
4.226458133103186299e+00
4.534393309380368109e+00
4.867589009607129924e+00
5.227544677993010147e+00
5.615684356681231115e+00
6.033290017150549467e+00
6.481414938528065051e+00
6.960772955560732278e+00
7.471599140634148206e+00
8.013477573652112440e+00
8.585132540616713825e+00
9.184181133799942387e+00
9.806848257223231613e+00
1.044765001632265111e+01
1.109905896716048090e+01
1.175117518850863263e+01
1.239144072930210783e+01
1.300445102526005137e+01
1.357193342966597172e+01
1.407297625680359054e+01
1.448459566204976490e+01
1.478271433704322746e+01
1.494358710359267306e+01
1.494563876603588426e+01
1.477158166407184758e+01
1.441056978070878891e+01
1.386005323329151828e+01
1.312696114783292778e+01
1.222789696668977655e+01
1.118818808849608537e+01
1.003986174084380600e+01
8.818854567503761288e+00
7.561925807246530518e+00
6.303778472807169742e+00
5.074795377901638815e+00
3.899612974299886403e+00
2.796555542299825614e+00
1.777795655636378314e+00
8.500235872946713123e-01
1.539579400955415345e-02
-7.274315697446969153e-01
-1.382320840008423701e+00
-1.954801646162001472e+00
-2.451382628196769886e+00
-2.879026649375501901e+00
-3.244771986897120097e+00
-3.555474125846477929e+00
-3.817641544989086810e+00
-4.037341300782344433e+00
-4.220154217357976023e+00
-4.371163806759244430e+00
-4.494967002299263825e+00
-4.595698103935019319e+00
-4.677059949716674936e+00
-4.742358298818449391e+00
-4.794536843704766405e+00
-4.836211275068948545e+00
-4.869701507141141583e+00
-4.897061619689015544e+00
-4.920107355214136113e+00
-4.940441177593839939e+00
-4.959474990004083317e+00
-4.978450652691956968e+00
-4.998458453998492423e+00
-5.020453683731526340e+00
-5.045271444868760113e+00
-5.073639822819816736e+00
-5.106191514146098953e+00
-5.143474000374406607e+00
-5.185958338103636045e+00
-5.234046624230787259e+00
-5.288078184779042346e+00
-5.348334527358575841e+00
-5.415043090595423436e+00
-5.488379818861767845e+00
-5.568470587379296788e+00
-5.655391501424704259e+00
-5.749168094262262052e+00
-5.849773452022907883e+00
-5.957125300636249676e+00
-6.071082100813555371e+00
-6.191438212782002459e+00
-6.317918213844141206e+00
-6.450170479741204943e+00
-6.587760176012592339e+00
-6.730161848653341217e+00
-6.876751854628199823e+00
-7.026800931938405270e+00
-7.179467274951051081e+00
-7.333790551596784724e+00
-7.488687371568896189e+00
-7.642948784053650080e+00
-7.795240443316729717e+00
-7.944106122401130676e+00
-8.087975269316833860e+00
-8.225175275197358360e+00
-8.353949048220092877e+00
-8.472478349579924739e+00
-8.578913139764225093e+00
-8.671406900515380656e+00
-8.748157542613691717e+00
-8.807453093329522531e+00
-8.847720902061931625e+00
-8.867578641521507876e+00
-8.865884958264665272e+00
-8.841787291009818972e+00
-8.794764180350689742e+00
-8.724659386238045045e+00
-8.631705343318920143e+00
-8.516533930783914741e+00
-8.380173197315203382e+00
-8.224029518119644777e+00
-8.049855598222311670e+00
-7.859705683657933761e+00
-7.655880202524802058e+00
-7.440862740890388238e+00
-7.217252694860087914e+00
-6.987697091305651753e+00
-6.754824933160703537e+00
-6.521187032628366964e+00
-6.289203706388375892e+00
-6.061121996892717689e+00
-5.838983333506203799e+00
-5.624601830198657559e+00
-5.419552791139978787e+00
-5.225170500452223088e+00
-5.042554025408244378e+00
-4.872579562974183709e+00
-4.715917793028448379e+00
-4.573054743996228133e+00
-4.444314799955255246e+00
-4.329884654303481462e+00
-4.229837218422855649e+00
-4.144154703513525995e+00
-4.072750294172008623e+00
-4.015488012677113083e+00
-3.972200527121278135e+00
-3.942704781870544739e+00
-3.926815425405588034e+00
-3.924356080233671662e+00
-3.935168545166058074e+00
-3.959120045202624727e+00
-3.996108651989239480e+00
-4.046066991530937074e+00
-4.108964338397240290e+00
-4.184807169444965780e+00
-4.273638217067243339e+00
-4.375534023723222532e+00
-4.490600957275343141e+00
-4.618969601537455283e+00
-4.760787389450177542e+00
-4.916209298608212208e+00
-5.085386381953554746e+00
-5.268451862369982308e+00
-5.465504481565833572e+00
-5.676588765084349397e+00
-5.901671852144635189e+00
-6.140616548836525190e+00
-6.393150305834184088e+00
-6.658829909753348097e+00
-6.937001825818793321e+00
-7.226758356450526222e+00
-7.526890105305912293e+00
-7.835835678908328106e+00
-8.151630135074427130e+00
-8.471854408269628323e+00
-8.793588802008116545e+00
-9.113374609822919581e+00
-9.427188948134865853e+00
-9.730438851138391243e+00
-1.001798143081536452e+01
-1.028417722930717204e+01
-1.052298352352329402e+01
-1.072809299988711906e+01
-1.089312064749902476e+01
-1.101183777378897943e+01
-1.107844678157662166e+01
-1.108788410889678033e+01
-1.103613222836900931e+01
-1.092051588199319845e+01
-1.073995406369347627e+01
-1.049513890550650608e+01
-1.018861645971964158e+01
-9.824752571695144709e+00
-9.409578835584850864e+00
-8.950527308956791828e+00
-8.456075888896297243e+00
-7.935336590442014781e+00
-7.397624530193899872e+00
-6.852045355347860855e+00
-6.307133550000115108e+00
-5.770564922698380173e+00
-5.248955646060640134e+00
-4.747749523954138517e+00
-4.271186308959972422e+00
-3.822337795200869692e+00
-3.403195271113161446e+00
-3.014791381856004371e+00
-2.657340852719090929e+00
-2.330387104311627322e+00
-2.032944865124520994e+00
-1.763631940153272293e+00
-1.520785996162908216e+00
-1.302564411712787029e+00
-1.107026874651332315e+00
-9.322015324434187455e-01
-7.761361937157561508e-01
-6.369364386171316728e-01
-5.127926128955985208e-01
-4.019976349084718459e-01
-3.029573987635721943e-01
-2.141953571152910574e-01
-1.343526465702793438e-01
-6.218489878653926661e-02
3.443325674651512291e-03
6.356572876982399811e-02
1.191225008792330120e-01
1.709691274046623577e-01
2.198854363863100292e-01
2.665846408954047342e-01
3.117222052591098191e-01
3.559044239694933998e-01
3.996966489205604489e-01
4.436311366832451641e-01
4.882145148733795792e-01
5.339348870151553461e-01
5.812686101021894425e-01
6.306867895061009088e-01
6.826615429451070582e-01
7.376720896642137149e-01
7.962107233728731304e-01
8.587887282496678987e-01
9.259422967191531795e-01
9.982385058511571430e-01
1.076281406100416671e+00
1.160718271514062039e+00
1.252246054134792619e+00
1.351618076567306037e+00
1.459650984760638925e+00
1.577231966893474224e+00
1.705326222355499910e+00
1.844984635231504022e+00
1.997351566831294223e+00
2.163672628291909650e+00
2.345302222731437514e+00
2.543710551221998628e+00
2.760489650785046045e+00
2.997357866622535560e+00
3.256161943589669150e+00
3.538875639688197072e+00
3.847593400672522534e+00
4.184517170834986644e+00
4.551933830198111153e+00
4.952180022598499320e+00
5.387590256661001220e+00
5.860423117757660449e+00
6.372759241792262941e+00
6.926363430309490532e+00
7.522502059473967329e+00
8.161705991000445692e+00
8.843468933513150887e+00
9.565872262101967394e+00
1.032513061858197645e+01
1.111505947400716288e+01
1.192647785746595446e+01
1.274657840720233182e+01
1.355832421469903437e+01
1.433996776602962342e+01
1.506482898129854853e+01
1.570150938740617086e+01
1.621474342586749628e+01
1.656707394320570614e+01
1.672146098649469437e+01
1.664477060362278493e+01
1.631184535765645904e+01
1.570957444361925681e+01
1.484015286575355930e+01
1.372267088022648096e+01
1.239240489557771241e+01
1.089768559024955863e+01
9.294851868554951935e+00
7.642316037849988142e+00
5.994949330736718096e+00
4.399785245267464617e+00
2.893555345506336529e+00
1.502042664474259714e+00
2.408542613542450361e-01
-8.829449200861214653e-01
-1.868862130197159299e+00
-2.721057170436721240e+00
-3.446696614796170177e+00
-4.054669714332944430e+00
-4.554663179851065280e+00
-4.956543684132185490e+00
-5.269979302891537820e+00
-5.504232000960084470e+00
-5.668063222469658768e+00
-5.769707600122145230e+00
-5.816882437267381079e+00
-5.816811434297123107e+00
-5.776249669803264375e+00
-5.701503172213478798e+00
-5.598440813302275387e+00
-5.472499068669062439e+00
-5.328681764338069726e+00
-5.171557574942419855e+00
-5.005258031610548386e+00
-4.833478371124830808e+00
-4.659482905848435941e+00
-4.486115868350419866e+00
-4.315817996272858004e+00
-4.150648543440582650e+00
-3.992311969843228336e+00
-3.842188285470900855e+00
-3.701365890367898093e+00
-3.570675742264460606e+00
-3.450725764244650051e+00
-3.341934547731679306e+00
-3.244563582985385164e+00
-3.158747437497815724e+00
-3.084521484968355765e+00
-3.021846952300332845e+00
-2.970633192503181252e+00
-2.930757204617833178e+00
-2.902080507782867080e+00
-2.884463537212137663e+00
-2.877777768158701122e+00
-2.881915793380524615e+00
-2.896799583726076044e+00
-2.922387153490731304e+00
-2.958677834993966194e+00
-3.005716342711388656e+00
-3.063595778044744922e+00
-3.132459692686896613e+00
-3.212503292319266457e+00
-3.303973823424767975e+00
-3.407170144303764747e+00
-3.522441436635326717e+00
-3.650184965582869978e+00
-3.790842743784752056e+00
-3.944896896792339458e+00
-4.112863463834801614e+00
-4.295284297576426269e+00
-4.492716649521081962e+00
-4.705719944274669331e+00
-4.934839157379012242e+00
-5.180584120793764846e+00
-5.443403992471647967e+00
-5.723656050127054584e+00
-6.021567916786595198e+00
-6.337192315198873160e+00
-6.670353504956180402e+00
-7.020584714132233728e+00
-7.387056179992772087e+00
-7.768493914462315963e+00
-8.163090071441667206e+00
-8.568406880285650118e+00
-8.981277582327042097e+00
-9.397709702466389814e+00
-9.812798295283254646e+00
-1.022065943253307019e+01
-1.061439692936008328e+01
-1.098611775443148808e+01
-1.132701314760913469e+01
-1.162752239088340822e+01
-1.187759352229781307e+01
-1.206704915212911722e+01
-1.218605533936382379e+01
-1.222567729031037942e+01
-1.217848858913252030e+01
-1.203918322259068852e+01
-1.180512551950041988e+01
-1.147676663091531246e+01
-1.105786115874854048e+01
-1.055543584565723769e+01
-9.979492475605802326e+00
-9.342464282736768766e+00
-8.658481509389410746e+00
-7.942529033111188852e+00
-7.209591027044766065e+00
-6.473872356421393803e+00
-5.748166380292969002e+00
-5.043409998901840829e+00
-4.368436365353080220e+00
-3.729909837713420995e+00
-3.132410185151839332e+00
-2.578624699025904299e+00
-2.069606437071383809e+00
-1.605061923095306042e+00
-1.183639612274717479e+00
-8.031991312939822381e-01
-4.610492449325467312e-01
-1.541489229436142083e-01
1.207294352478069932e-01
3.668724891981309799e-01
5.875302760652926226e-01
7.858476965824086058e-01
9.648183869663039536e-01
1.127256481216958317e+00
1.275782269369051924e+00
1.412818343915462904e+00
1.540593416919381342e+00
1.661151537399081946e+00
1.776364919501219441e+00
1.887948999164736907e+00
1.997478671832748187e+00
2.106404932469561064e+00
2.216071349886750141e+00
2.327729968758712076e+00
2.442556352762238259e+00
2.561663568070072117e+00
2.686114963878119877e+00
2.816935640504592442e+00
2.955122509539321207e+00
3.101652847246907374e+00
3.257491223802086555e+00
3.423594658116909439e+00
3.600915801596470178e+00
3.790403894308616017e+00
3.993003163718427562e+00
4.209648249270268927e+00
4.441256135971459074e+00
4.688713967775315794e+00
4.952861989379096386e+00
5.234470737647982652e+00
5.534211479178877013e+00
5.852618781253761782e+00
6.190044028985055569e+00
6.546598690098191398e+00
6.922086220181070892e+00
7.315921748820192860e+00
7.727039159886789577e+00
8.153785962003883725e+00
8.593807534830178341e+00
9.043924033148648789e+00
9.500005518455049369e+00
9.956853805185600592e+00
1.040810300152484480e+01
1.084615458320689285e+01
1.126216662471824570e+01
1.164611979108725315e+01
1.198698380082522696e+01
1.227300596202560889e+01
1.249213662233503541e+01
1.263259380564968914e+01
1.268355062742641159e+01
1.263590548746072528e+01
1.248306977156511444e+01
1.222168617706883609e+01
1.185217944290565484e+01
1.137904639570383658e+01
1.081081714194565535e+01
1.015966221415752813e+01
9.440673935740887757e+00
8.670902230208966444e+00
7.868262792119550930e+00
7.050449782456790437e+00
6.233973651941271399e+00
5.433412313894082857e+00
4.660920690290958568e+00
3.926000793019901902e+00
3.235500693470559685e+00
2.593790335344221543e+00
2.003055189410963166e+00
1.463652310457351335e+00
9.744833226281592875e-01
5.333513558829985346e-01
1.372811302774497033e-01
-2.172084103667117905e-01
-5.338819068145294056e-01
-8.166137615326309884e-01
-1.069257672264814385e+00
-1.295553158545157846e+00
-1.499062440499551618e+00
-1.683131404957286303e+00
-1.850869111309351611e+00
-2.005141138445781124e+00
-2.148572924464780431e+00
-2.283560030756162096e+00
-2.412282938490934558e+00
-2.536724549560016584e+00
-2.658689020279432658e+00
-2.779820916100149031e+00
-2.901623952941415840e+00
-3.025478799409884179e+00
-3.152659566615059639e+00
-3.284348719308490594e+00
-3.421650212547342029e+00
-3.565600699152313258e+00
-3.717178670519844630e+00
-3.877311391244165240e+00
-4.046879469937509910e+00
-4.226718877373706107e+00
-4.417620181019451309e+00
-4.620324714503454722e+00
-4.835517344249785410e+00
-5.063815436720984664e+00
-5.305753573028710868e+00
-5.561763509404705097e+00
-5.832148850976571985e+00
-6.117053904492825822e+00
-6.416426219176867285e+00
-6.729972434662698788e+00
-7.057107257214525475e+00
-7.396895711706978460e+00
-7.747989302975964776e+00
-8.108557403586281964e+00
-8.476216099710089935e+00
-8.847957894481725205e+00
-9.220087085756501821e+00
-9.588167257021531498e+00
-9.946989036539047646e+00
-1.029056789372016212e+01
-1.061218295020847791e+01
-1.090446817177229555e+01
-1.115956637159016296e+01
-1.136935366532952685e+01
-1.152573693440064240e+01
-1.162101930018948437e+01
-1.164831888078516897e+01
-1.160201513427040787e+01
-1.147818655504871543e+01
-1.127499564248090280e+01
-1.099297435768713527e+01
-1.063516771705258179e+01
-1.020710551389736942e+01
-9.716591378120270406e+00
-9.173321511138601281e+00
-8.588368103228260608e+00
-7.973579998828823179e+00
-7.340962024295779820e+00
-6.702093050363435722e+00
-6.067632322398794464e+00
-5.446946862623072150e+00
-4.847873800472538797e+00
-4.276614068369086752e+00
-3.737740646841221093e+00
-3.234296615380517714e+00
-2.767955484874629946e+00
-2.339217581958498382e+00
-1.947620180669095813e+00
-1.591944238108119247e+00
-1.270405894408438208e+00
-9.808256339176193439e-01
-7.207718191264446128e-01
-4.876781133168625049e-01
-2.789361819574378565e-01
-9.196616990968195515e-02
7.573202140638857216e-02
2.265435107781142987e-01
3.627162595805907275e-01
4.863492178599864157e-01
5.993884280447416835e-01
7.036290928046349258e-01
8.007219705364435614e-01
8.921827854259875012e-01
9.794036210040433232e-01
1.063665504817550733e+00
1.146151589204196686e+00
1.227960493049935708e+00
1.310119496485570245e+00
1.393597379498712208e+00
1.479316770855034324e+00
1.568165929477077114e+00
1.661009919854226746e+00
1.758701168861390274e+00
1.862089405641107476e+00
1.972030990464714861e+00
2.089397633687978928e+00
2.215084492478404776e+00
2.350017610817781044e+00
2.495160636755678674e+00
2.651520708854405939e+00
2.820153349512974472e+00
3.002166134092771888e+00
3.198720818592381221e+00
3.411033501532672041e+00
3.640372263664876762e+00
3.888051567644630335e+00
4.155422504352827673e+00
4.443857738948413072e+00
4.754729735219336284e+00
5.089380521404235580e+00
5.449080909575067189e+00
5.834976707652857364e+00
6.248019095424207414e+00
6.688876021086397117e+00
7.157821289682356536e+00
7.654598076395843442e+00
8.178254075774310294e+00
8.726946626239302063e+00
9.297718231306918213e+00
9.886246300369425200e+00
1.048657604563915768e+01
1.109085263825970813e+01
1.168907808586858543e+01
1.226892955194243662e+01
1.281568794337238515e+01
1.331233637206793041e+01
1.373989395952158432e+01
1.407804641600857742e+01
1.430611517742954497e+01
1.440436684279217161e+01
1.435560312326613008e+01
1.414689438775993757e+01
1.377124249754212570e+01
1.322890499403041886e+01
1.252810964996645460e+01
1.168495447860058789e+01
1.072242160839542002e+01
9.668605334561164000e+00
8.554415960993230428e+00
7.411120697380221500e+00
6.268090502848420620e+00
5.151041102998354937e+00
4.080921617330791840e+00
3.073462141960913385e+00
2.139281204497513134e+00
1.284394064919263556e+00
5.109516628992555320e-01
-1.819368823740784569e-01
-7.974057211231510012e-01
-1.340123573839985927e+00
-1.815705831524566882e+00
-2.230253386695578044e+00
-2.590008788298859166e+00
-2.901112666825929054e+00
-3.169441015586712318e+00
-3.400504720628563682e+00
-3.599395127673619132e+00
-3.770762384600604200e+00
-3.918816201420440848e+00
-4.047341228635337629e+00
-4.159721361782045435e+00
-4.258968934232654213e+00
-4.347756013252746854e+00
-4.428445935928264632e+00
-4.503123882548903723e+00
-4.573625748126621815e+00
-4.641564889710537045e+00
-4.708356538740575914e+00
-4.775239804762376750e+00
-4.843297282235266010e+00
-4.913472322407526072e+00
-4.986584059027599380e+00
-5.063340288209804640e+00
-5.144348304764951862e+00
-5.230123793669247512e+00
-5.321097868815937382e+00
-5.417622343729500578e+00
-5.519973311992305121e+00
-5.628353109931178544e+00
-5.742890731695175610e+00
-5.863640768245855561e+00
-5.990580948015871598e+00
-6.123608369152109709e+00
-6.262534532464968606e+00
-6.407079311574079838e+00
-6.556864033316630369e+00
-6.711403888119653161e+00
-6.870099947228067272e+00
-7.032231131345916708e+00
-7.196946552459984936e+00
-7.363258735270290067e+00
-7.530038313119913340e+00
-7.696010880081892935e+00
-7.859756758223067408e+00
-8.019714496969330142e+00
-8.174188947601090049e+00
-8.321364736003616258e+00
-8.459325875716325882e+00
-8.586082106435860339e+00
-8.699602298467885575e+00
-8.797854924615844396e+00
-8.878855169534867642e+00
-8.940717736073796829e+00
-8.981713845894333303e+00
-9.000330359899916033e+00
-8.995328418591018504e+00
-8.965798588829930083e+00
-8.911209269519922316e+00
-8.831445114903370808e+00
-8.726832522543485737e+00
-8.598149816407442358e+00
-8.446620609891278164e+00
-8.273889896164678959e+00
-8.081983586469881686e+00
-7.873253380729654971e+00
-7.650309882897883718e+00
-7.415947653287911834e+00
-7.173066340179768297e+00
-6.924592115384226254e+00
-6.673403363083489026e+00
-6.422263991865107435e+00
-6.173766942452973971e+00
-5.930289550879102478e+00
-5.693961501507401657e+00
-5.466645255219051869e+00
-5.249928130553076500e+00
-5.045124687516140405e+00
-4.853287726393646473e+00
-4.675226056448230416e+00
-4.511527185640777482e+00
-4.362583197676547897e+00
-4.228618279605972141e+00
-4.109716607035303504e+00
-4.005849555150499341e+00
-3.916901459362879034e+00
-3.842693383483522851e+00
-3.783004556219446091e+00
-3.737591303905333451e+00
-3.706203438072388945e+00
-3.688598152705418354e+00
-3.684551551451631823e+00
-3.693867963989849290e+00
-3.716387227773331858e+00
-3.751990110695821112e+00
-3.800602035672464574e+00
-3.862195242833105002e+00
-3.936789491511561767e+00
-4.024451364393869746e+00
-4.125292191449246637e+00
-4.239464562580973706e+00
-4.367157345982632499e+00
-4.508589074509353978e+00
-4.663999505545283419e+00
-4.833639101670320848e+00
-5.017756121179272277e+00
-5.216580951233665608e+00
-5.430307265312712239e+00
-5.659069545427843906e+00
-5.902916485112387868e+00
-6.161779790995320916e+00
-6.435437941583666444e+00
-6.723474558295332137e+00
-7.025231216552600522e+00
-7.339754798705216743e+00
-7.665739893785517012e+00
-8.001467310849147196e+00
-8.344740519395815070e+00
-8.692822779344421491e+00
-9.042378872681734236e+00
-9.389426665754013968e+00
-9.729305133789127424e+00
-1.005666682085830388e+01
-1.036550376226051640e+01
-1.064921634964328412e+01
-1.090073408643068831e+01
-1.111269524558589694e+01
-1.127768873611192113e+01
-1.138855581262897587e+01
-1.143874174867006843e+01
-1.142267883050011257e+01
-1.133617315666125691e+01
-1.117676039528254961e+01
-1.094399176995978173e+01
-1.063961286137587869e+01
-1.026760534511773848e+01
-9.834075315097132730e+00
-9.346989653691846200e+00
-8.815780990466688394e+00
-8.250858491926582161e+00
-7.663072728817286183e+00
-7.063186129458742357e+00
-6.461395826726785252e+00
-5.866944611696034428e+00
-5.287840995962112878e+00
-4.730694172873354475e+00
-4.200656587404522746e+00
-3.701457508040457700e+00
-3.235505954634748882e+00
-2.804040168477051509e+00
-2.407302557855271807e+00
-2.044722579597618051e+00
-1.715094291510966151e+00
-1.416739552176128125e+00
-1.147651564574746264e+00
-9.056164266228086124e-01
-6.883125216158314519e-01
-4.933890280824997365e-01
-3.185256814274765036e-01
-1.614763234257109437e-01
-2.009886401613775186e-02
1.076258356348089862e-01
2.235838834826151533e-01
3.295250952466993177e-01
4.270648714213721164e-01
5.176898269134483366e-01
6.027660560042538140e-01
6.835491510714731822e-01
7.611952946253899288e-01
8.367729118586207937e-01
9.112745079030948325e-01
9.856284239216132059e-01
1.060710332806381828e+00
1.137354362223661930e+00
1.216363783289142519e+00
1.298521240095356077e+00
1.384598520976994429e+00
1.475365888653775936e+00
1.571600994636230153e+00
1.674097404480402451e+00
1.783672755171443303e+00
1.901176554222915760e+00
2.027497611692552937e+00
2.163571070483519154e+00
2.310384965786980160e+00
2.468986199554926486e+00
2.640485758096984714e+00
2.826062927217118048e+00
3.026968165933457300e+00
3.244524182122332068e+00
3.480124605914758362e+00
3.735229473083343965e+00
4.011356504152399971e+00
4.310066888614188407e+00
4.632943951320441123e+00
4.981562686096371095e+00
5.357447691082761310e+00
5.762016541369180622e+00
6.196505112191144526e+00
6.661870868976627946e+00
7.158669753041441375e+00
7.686902149082841973e+00
8.245823728060580393e+00
8.833718011619618338e+00
9.447629702420259790e+00
1.008306167577718604e+01
1.073364461439157402e+01
1.139079715631005740e+01
1.204340647983507750e+01
1.267757430662179452e+01
1.327649020614586739e+01
1.382051008840593376e+01
1.428752801593830135e+01
1.465372683282377864e+01
1.489476902924870139e+01
1.498743608725351706e+01
1.491163978197048401e+01
1.465262055165916166e+01
1.420303878465194103e+01
1.356459114283147294e+01
1.274878642878044843e+01
1.177662056865989904e+01
1.067709091037057334e+01
9.484736980094128356e+00
8.236610018558613078e+00
6.969183213792105036e+00
5.715684478518643807e+00
4.504185149361204843e+00
3.356573679812177247e+00
2.288354038530849621e+00
1.309082564501022228e+00
4.232082679973031558e-01
-3.689042906532282728e-01
-1.069940199143874171e+00
-1.684697328907462710e+00
-2.219302905147176652e+00
-2.680598763862310996e+00
-3.075685329076276453e+00
-3.411601485164339476e+00
-3.695113267830804293e+00
-3.932585208477392680e+00
-4.129911651018241869e+00
-4.292489726359117519e+00
-4.425219950162047056e+00
-4.532524137849553547e+00
-4.618373349561858632e+00
-4.686320898413079306e+00
-4.739537167838991039e+00
-4.780844203538840986e+00
-4.812748885599130944e+00
-4.837474045149552815e+00
-4.856987246985974060e+00
-4.873027176523656578e+00
-4.887127692034138882e+00
-4.900639664456458711e+00
-4.914750750365070253e+00
-4.930503244721062828e+00
-4.948810149224807553e+00
-4.970469575985238642e+00
-4.996177588732821917e+00
-5.026539567068850189e+00
-5.062080164267837468e+00
-5.103251916252983023e+00
-5.150442548494517325e+00
-5.203981018521158575e+00
-5.264142324242493842e+00
-5.331151102170096578e+00
-5.405184034822480221e+00
-5.486371083167282947e+00
-5.574795558110694493e+00
-5.670493045165995838e+00
-5.773449199057403725e+00
-5.883596430834643343e+00
-6.000809519925634383e+00
-6.124900198402831286e+00
-6.255610775640961130e+00
-6.392606899601542381e+00
-6.535469587261767188e+00
-6.683686702139609359e+00
-6.836644112088622549e+00
-6.993616825689400684e+00
-7.153760480054103255e+00
-7.316103635050873244e+00
-7.479541415837227092e+00
-7.642831132437289732e+00
-7.804590585148769577e+00
-7.963299828825162407e+00
-8.117307206295876654e+00
-8.264840458145505053e+00
-8.404023658306181588e+00
-8.532900597957203459e+00
-8.649465031463815734e+00
-8.751697899211640319e+00
-8.837611252072411716e+00
-8.905298129904025473e+00
-8.952987113717021828e+00
-8.979099713916074421e+00
-8.982308225146699243e+00
-8.961591232404105156e+00
-8.916283658841885895e+00
-8.846118165177420778e+00
-8.751254891679799641e+00
-8.632296999705529217e+00
-8.490290210614750421e+00
-8.326705508185197502e+00
-8.143405283367645353e+00
-7.942594347702832458e+00
-7.726758302235339215e+00
-7.498592606714249875e+00
-7.260926257769846792e+00
-7.016644201310958451e+00
-6.768612465760694974e+00
-6.519609545602918388e+00
-6.272266861669122839e+00
-6.029020270373654178e+00
-5.792073689585572005e+00
-5.563375046329901430e+00
-5.344604003814037441e+00
-5.137170339646223383e+00
-4.942221444402684405e+00
-4.760657187488178010e+00
-4.593150335526316574e+00
-4.440170776399643415e+00
-4.302011964023479074e+00
-4.178818219990841243e+00
-4.070611777441137669e+00
-3.977318704987703235e+00
-3.898793086067883884e+00
-3.834839039788239923e+00
-3.785230346807867630e+00
-3.749727585887463466e+00
-3.728092794345576610e+00
-3.720101741691835162e+00
-3.725553954107185373e+00
-3.744280652560974421e+00
-3.776150773455423604e+00
-3.821075231643414671e+00
-3.879009564799113186e+00
-3.949955068146687953e+00
-4.033958491588138351e+00
-4.131110328901749895e+00
-4.241541682056232609e+00
-4.365419633634556540e+00
-4.502941007544237983e+00
-4.654324343256006635e+00
-4.819799852592133504e+00
-4.999597071824475769e+00
-5.193929867477754314e+00
-5.402978404732854401e+00
-5.626867647091108537e+00
-5.865641931308510415e+00
-6.119235161299672932e+00
-6.387436200511235285e+00
-6.669849129455506009e+00
-6.965848192813186124e+00
-7.274527511706901706e+00
-7.594646007450619685e+00
-7.924568500585492892e+00
-8.262204638389281541e+00
-8.604948182396965350e+00
-8.949620255343541331e+00
-9.292421376577431502e+00
-9.628898435718236115e+00
-9.953934036560353249e+00
-1.026176668436243489e+01
-1.054605080756748947e+01
-1.079996524715078898e+01
-1.101637722502708705e+01
-1.118806556266115670e+01
-1.130800184818459186e+01
-1.136968140744562383e+01
-1.136748779805182252e+01
-1.129706609654980021e+01
-1.115567295313539553e+01
-1.094246700976050057e+01
-1.065870350712922843e+01
-1.030780285878457647e+01
-9.895274689706473836e+00
-9.428495002005336190e+00
-8.916352144576839223e+00
-8.368793784013936587e+00
-7.796318865820171418e+00
-7.209463389352382734e+00
-6.618326085202022036e+00
-6.032170881385132688e+00
-5.459129756798763111e+00
-4.906015105508430452e+00
-4.378237695786840966e+00
-3.879816489984759365e+00
-3.413460742440768581e+00
-2.980702739548937164e+00
-2.582060506198178729e+00
-2.217212737431547342e+00
-1.885172115664944803e+00
-1.584447238571499383e+00
-1.313187074392499598e+00
-1.069304895407914069e+00
-8.505809274942131015e-01
-6.547445333590695693e-01
-4.795377272267541957e-01
-3.227623322169101971e-01
-1.823132679304240444e-01
-5.620040641687665262e-02
5.743875198971083729e-02
1.603335903477091373e-01
2.540803675684862317e-01
3.401462686036091365e-01
4.198763533752309374e-01
4.945024809247953179e-01
5.651534886635855015e-01
6.328660780387496132e-01
6.985959994836932196e-01
7.632292443359205425e-01
8.275930429926176002e-01
8.924665404295231141e-01
9.585910755787290238e-01
1.026680032827066436e+00
1.097428264526292274e+00
1.171521104946686931e+00
1.249643010198401960e+00
1.332485866548861253e+00
1.420757012179572953e+00
1.515187015311043828e+00
1.616537245008362600e+00
1.725607259757875322e+00
1.843242022624617560e+00
1.970338929629522617e+00
2.107854608666983598e+00
2.256811408066734970e+00
2.418303444460534468e+00
2.593502015933252025e+00
2.783660104707877725e+00
2.990115589095621029e+00
3.214292651352428365e+00
3.457700699516951026e+00
3.721929909247662760e+00
4.008642227190796881e+00
4.319556351128001737e+00
4.656424805278410517e+00
5.021000755261331605e+00
5.414991655422522143e+00
5.839996200936635518e+00
6.297420395724356190e+00
6.788367901275406346e+00
7.313499302268609448e+00
7.872854679477853779e+00
8.465634177443805086e+00
9.089932472069779834e+00
9.742425703288994043e+00
1.041801421011098050e+01
1.110943206869991329e+01
1.180684575416418980e+01
1.249747971589772888e+01
1.316532604146926921e+01
1.379101705309635051e+01
1.435195977155971647e+01
1.482284286445948140e+01
1.517662006186425572e+01
1.538603745043183579e+01
1.542569594120345755e+01
1.527452334427614034e+01
1.491838770310391915e+01
1.435245054152013111e+01
1.358278806028554797e+01
1.262685226864263299e+01
1.151252634018345233e+01
1.027581955724421192e+01
8.957561733769285439e+00
7.599685024026314295e+00
6.241740442627139451e+00
4.918175025979904191e+00
3.656654161773935208e+00
2.477449413434140268e+00
1.393709263293210654e+00
4.123281172021857621e-01
-4.648787019688851441e-01
-1.239932407459101160e+00
-1.917541079489039291e+00
-2.504128650533357980e+00
-3.007070996998753465e+00
-3.434130758768096037e+00
-3.793063227117420055e+00
-4.091358807331441305e+00
-4.336088261235325980e+00
-4.533821412825454367e+00
-4.690595797790055421e+00
-4.811917453333278694e+00
-4.902781008553287911e+00
-4.967700224638735840e+00
-5.010743166202230370e+00
-5.035568387613031049e+00
-5.045460052811494123e+00
-5.043360930828217903e+00
-5.031902857854070987e+00
-5.013434639911584334e+00
-4.990047572648802721e+00
-4.963598839626243375e+00
-4.935733063278975763e+00
-4.907902255386051849e+00
-4.881384367828951909e+00
-4.857300593407057221e+00
-4.836631518656892226e+00
-4.820232190233019409e+00
-4.808846125051838172e+00
-4.803118271991793975e+00
-4.803606918420418204e+00
-4.810794526634647461e+00
-4.825097481770444396e+00
-4.846874732255423979e+00
-4.876435305048285151e+00
-4.914044679611194510e+00
-4.959930005972848832e+00
-5.014284152830235541e+00
-5.077268571148832343e+00
-5.149014957146115457e+00
-5.229625696100710819e+00
-5.319173065548525869e+00
-5.417697173738464933e+00
-5.525202607555536716e+00
-5.641653764518056668e+00
-5.766968847177326829e+00
-5.901012506783702705e+00
-6.043587138161742978e+00
-6.194422851319997925e+00
-6.353166179567617533e+00
-6.519367631107162886e+00
-6.692468253506049791e+00
-6.871785460195738438e+00
-7.056498466774279166e+00
-7.245633803026429121e+00
-7.438051503371255535e+00
-7.632432730874923799e+00
-7.827269752044774265e+00
-8.020859341585810043e+00
-8.211300843856065512e+00
-8.396500231579789642e+00
-8.574181558127047964e+00
-8.741907168809746054e+00
-8.897107888408783083e+00
-9.037124106924578015e+00
-9.159258219831626135e+00
-9.260838231877364990e+00
-9.339291513278688228e+00
-9.392226739061172225e+00
-9.417521012516136381e+00
-9.413408170519332430e+00
-9.378563416521966900e+00
-9.312178864942767476e+00
-9.214024440802042193e+00
-9.084488961854654931e+00
-8.924597181465998119e+00
-8.736000056350906817e+00
-8.520937406153382909e+00
-8.282174256732950823e+00
-8.022914259562400119e+00
-7.746695397348464240e+00
-7.457274495241612122e+00
-7.158507705268194243e+00
-6.854234065240518703e+00
-6.548168503002040453e+00
-6.243809401911335044e+00
-5.944364260973777014e+00
-5.652695288966427256e+00
-5.371285164612646490e+00
-5.102221827830994094e+00
-4.847200134830951690e+00
-4.607537546909679094e+00
-4.384200712936575428e+00
-4.177839796494230207e+00
-3.988827618733455704e+00
-3.817301060454374007e+00
-3.663202620828601486e+00
-3.526320507010115346e+00
-3.406326085264001602e+00
-3.302807931782272277e+00
-3.215302064687175498e+00
-3.143318212669799383e+00
-3.086362182306469748e+00
-3.043954531882042236e+00
-3.015645853406584198e+00
-3.001029016046466769e+00
-2.999748742657726286e+00
-3.011508884769697580e+00
-3.036077737171409385e+00
-3.073291696754231417e+00
-3.123057525669135970e+00
-3.185353429161588146e+00
-3.260229105604963262e+00
-3.347804871350866129e+00
-3.448269906438160337e+00
-3.561879608789734863e+00
-3.688951983703493198e+00
-3.829862931354546696e+00
-3.985040226657407203e+00
-4.154955912167119791e+00
-4.340116744869178866e+00
-4.541052251259314332e+00
-4.758299852298283561e+00
-4.992386422042335070e+00
-5.243805544131409313e+00
-5.512989634522867277e+00
-5.800276016094973563e+00
-6.105865975050420502e+00
-6.429775820828976585e+00
-6.771779038955388685e+00
-7.131338808095755155e+00
-7.507530497726532914e+00
-7.898954331482103797e+00
-8.303639262741116411e+00
-8.718940335952574117e+00
-9.141433464055831237e+00
-9.566813675951044260e+00
-9.989805457961523416e+00
-1.040409671161789440e+01
-1.080231081245450397e+01
-1.117603382079709107e+01
-1.151591537725160919e+01
-1.181186130630947240e+01
-1.205333241599049821e+01
-1.222975645933944300e+01
-1.233104816342351917e+01
-1.234821592524145295e+01
-1.227401478554069669e+01
-1.210358668727049825e+01
-1.183501516662633080e+01
-1.146971733791569825e+01
-1.101260518195062055e+01
-1.047197196121152274e+01
-9.859095420775247476e+00
-9.187590705246872602e+00
-8.472583579399319831e+00
-7.729799781144849113e+00
-6.974673510311104607e+00
-6.221566506010746345e+00
-5.483163176255851923e+00
-4.770074232738548581e+00
-4.090649136091986549e+00
-3.450972397527222846e+00
-2.855003386195246406e+00
-2.304813758046865502e+00
-1.800878906400257051e+00
-1.342387031934006769e+00
-9.275387488070251374e-01
-5.538194626757879657e-01
-2.182347851858592591e-01
8.249457202814336476e-02
3.517776972549002124e-01
5.930348082510283891e-01
8.096102870476898916e-01
1.004712238455092388e+00
1.181373514130982016e+00
1.342429599445518429e+00
1.490509371506925529e+00
1.628035388399292849e+00
1.757230993038453537e+00
1.880132073756509481e+00
1.998601802811914130e+00
2.114347071511641918e+00
2.228935661725038209e+00
2.343813446844240644e+00
2.460321110325103255e+00
2.579710016156570251e+00
2.703156971313535717e+00
2.831777692550136560e+00
2.966638834580682893e+00
3.108768458332120677e+00
3.259164819990344686e+00
3.418803346514618369e+00
3.588641632897738187e+00
3.769622251848004701e+00
3.962673108508411701e+00
4.168705001887231809e+00
4.388605971549401907e+00
4.623231913998081311e+00
4.873392850235996221e+00
5.139834118062916346e+00
5.423211656095051403e+00
5.724060451310778674e+00
6.042755153265579438e+00
6.379461837932953294e+00
6.734079963128636770e+00
7.106173737059032547e+00
7.494892475291710099e+00
7.898880115508498889e+00
8.316174970453527493e+00
8.744102108711869548e+00
9.179162533629897425e+00
9.616925626784786019e+00
1.005193411571054796e+01
1.047763399033853915e+01
1.088634504021700700e+01
1.126929050738655569e+01
1.161670598289035716e+01
1.191804710687864777e+01
1.216231170608214640e+01
1.233848364747056436e+01
1.243609230138993027e+01
1.244586345491252821e+01
1.236041661043831397e+01
1.217494335816641282e+01
1.188778686705720311e+01
1.150083888085984185e+01
1.101968209188247272e+01
1.045343343089301058e+01
9.814284240956622440e+00
9.116778711515554079e+00
8.376912057814259072e+00
7.611155158917256358e+00
6.835517074074028976e+00
6.064741180909020812e+00
5.311700157810434142e+00
4.587018289341409982e+00
3.898915243846875711e+00
3.253239727483489219e+00
2.653646883906531695e+00
2.101869393761262028e+00
1.598036308990280485e+00
1.141002417037140448e+00
7.286613758929545437e-01
3.582258427561506031e-01
2.646612297499456590e-02
-2.700949511608720099e-01
-5.350290710611327327e-01
-7.718871736078318779e-01
-9.841164443478216395e-01
-1.175003959394855801e+00
-1.347641612442810555e+00
-1.504907553703947132e+00
-1.649460067351385728e+00
-1.783740524744446887e+00
-1.909982710594025468e+00
-2.030226398312232394e+00
-2.146333539255012912e+00
-2.260005830323418952e+00
-2.372802743441471574e+00
-2.486159349282788256e+00
-2.601403457165084365e+00
-2.719771733399382718e+00
-2.842424560400608868e+00
-2.970459465901634566e+00
-3.104922991590439274e+00
-3.246820888030888419e+00
-3.397126521323143855e+00
-3.556787359162290496e+00
-3.726729371571600335e+00
-3.907859135885481727e+00
-4.101063377477278671e+00
-4.307205608136459141e+00
-4.527119444003236737e+00
-4.761598096304282990e+00
-5.011379433691055318e+00
-5.277125919483231620e+00
-5.559398637994639181e+00
-5.858624552617301084e+00
-6.175056100878355103e+00
-6.508722251399899683e+00
-6.859370256064608817e+00
-7.226397568989357367e+00
-7.608773823962714289e+00
-8.004953425506805331e+00
-8.412780283898717570e+00
-8.829387578424229943e+00
-9.251097217812848328e+00
-9.673325896608488961e+00
-1.009050726550036892e+01
-1.049604257456524437e+01
-1.088229488359766428e+01
-1.124064403439448334e+01
-1.156162029891408061e+01
-1.183513302674268886e+01
-1.205080573278190315e+01
-1.219842009762551349e+01
-1.226845805396884970e+01
-1.225271422979221825e+01
-1.214493256438538538e+01
-1.194140435922053101e+01
-1.164145481044043606e+01
-1.124774559636845339e+01
-1.076633524040877887e+01
-1.020646659304505732e+01
-9.580087892368025493e+00
-8.901153119076020914e+00
-8.184779936846068082e+00
-7.446361858690935698e+00
-6.700731631370244301e+00
-5.961456318068942828e+00
-5.240316537830596921e+00
-4.546990253858204767e+00
-3.888932462425105818e+00
-3.271420921077884181e+00
-2.697726499820491952e+00
-2.169364096289677857e+00
-1.686384012623410644e+00
-1.247671451290511380e+00
-8.512308675895128296e-01
-4.944405478201148729e-01
-1.742699668724612128e-01
1.125421472507743270e-01
3.693474942115009818e-01
5.994819317262436442e-01
8.061885264285326702e-01
9.925649327006644818e-01
1.161530326761598841e+00
1.315807609670236022e+00
1.457917195218698891e+00
1.590179320195628465e+00
1.714722398617784638e+00
1.833495459508580394e+00
1.948283148881326365e+00
2.060722140772403677e+00
2.172318095292224527e+00
2.284462532157073067e+00
2.398449165130574379e+00
2.515489374899233521e+00
2.636726592803395608e+00
2.763249432008684003e+00
2.896103441367759324e+00
3.036301374466531033e+00
3.184831865218415103e+00
3.342666384020351433e+00
3.510764316330935664e+00
3.690075959408395612e+00
3.881543173281544412e+00
4.086097349046784899e+00
4.304654271576291436e+00
4.538105355382018757e+00
4.787304623281666949e+00
5.053050680752467549e+00
5.336062819922570810e+00
5.636950275062854843e+00
5.956173560246245557e+00
6.293996770422098486e+00
6.650429749366011833e+00
7.025159162903992005e+00
7.417467817839995092e+00
7.826142104893593299e+00
8.249368299880677213e+00
8.684619722236073258e+00
9.128538512372918134e+00
9.576818115351695582e+00
1.002409545881000597e+01
1.046386519683500360e+01
1.088843200462224914e+01
1.128892026859184483e+01
1.165536285686904350e+01
1.197689091479598211e+01
1.224204353143484347e+01
1.243920838754125846e+01
1.255719123491790512e+01
1.258589331838509473e+01
1.251705320298979984e+01
1.234498639126668706e+01
1.206723787578130214e+01
1.168505549654136821e+01
1.120360087568174023e+01
1.063184188209732284e+01
9.982113251129817399e+00
9.269382177619895913e+00
8.510302033318636106e+00
7.722168546754909713e+00
6.921901509710274958e+00
6.125160483247627852e+00
5.345670629239132055e+00
4.594794232171740767e+00
3.881344678865936704e+00
3.211610020225389217e+00
2.589536107589654357e+00
2.017014254263668427e+00
1.494222540696253043e+00
1.019979492377834918e+00
5.920804718813792444e-01
2.075982584220975036e-01
-1.368614617241640241e-01
-4.449521117470235931e-01
-7.204236155674120790e-01
-9.670004007155814651e-01
-1.188294049048749912e+00
-1.387744398344666896e+00
-1.568583253508547326e+00
-1.733815531100824314e+00
-1.886213445624618235e+00
-2.028320132778487217e+00
-2.162459828068758583e+00
-2.290752348210022937e+00
-2.415130148895302753e+00
-2.537356659532387759e+00
-2.659044933399033361e+00
-2.781675912700389386e+00
-2.906615804658740920e+00
-3.035132208406588372e+00
-3.168408732896386137e+00
-3.307557911400997419e+00
-3.453632254976121807e+00
-3.607633300603528603e+00
-3.770518503581062664e+00
-3.943205801113105480e+00
-4.126575637382302375e+00
-4.321470191687433626e+00
-4.528689492499950120e+00
-4.748984033818621775e+00
-4.983043439026694443e+00
-5.231480645895648429e+00
-5.494811020689556180e+00
-5.773425758502481742e+00
-6.067558903698475170e+00
-6.377247346060025635e+00
-6.702283238255325237e+00
-7.042158468513897596e+00
-7.396001146112934244e+00
-7.762504560131811004e+00
-8.139849801799956097e+00
-8.525624244459514500e+00
-8.916739389137442018e+00
-9.309353219324339790e+00
-9.698804130955309688e+00
-1.007956560448063676e+01
-1.044523285251465872e+01
-1.078855436303388160e+01
-1.110152207090029464e+01
-1.137553320460434847e+01
-1.160163398243031985e+01
-1.177084966104128050e+01
-1.187459665122826102e+01
-1.190516075608321778e+01
-1.185621212546145031e+01
-1.172331428394658914e+01
-1.150437443227984247e+01
-1.119997832922381065e+01
-1.081355808974617538e+01
-1.035135629134292223e+01
-9.822173593453024765e+00
-9.236915810409769279e+00
-8.607984348966329691e+00
-7.948575107309488352e+00
-7.271960801184525813e+00
-6.590828586079408247e+00
-5.916730412500193381e+00
-5.259681955640950868e+00
-4.627922423783706662e+00
-4.027826758731436030e+00
-3.463946750332060009e+00
-2.939149469200437181e+00
-2.454819580605237306e+00
-2.011094934890448993e+00
-1.607110419121222655e+00
-1.241231683516969220e+00
-9.112667703031056554e-01
-6.146491318127619286e-01
-3.485897231615726621e-01
-1.101987885657106647e-01
1.034202032340134081e-01
2.951010425455982689e-01
4.675658915195832210e-01
6.233932869829712509e-01
7.649995879849575964e-01
8.946308397748065078e-01
1.014362485025800620e+00
1.126104803501164930e+00
1.231612374340441685e+00
1.332496217072811850e+00
1.430237574287773983e+00
1.526202552252338585e+00
1.621657040312396436e+00
1.717781491594631671e+00
1.815685272501939895e+00
1.916420382561092151e+00
2.020994414441764420e+00
2.130382670710699866e+00
2.245539382561089425e+00
2.367407988997761059e+00
2.496930434631639439e+00
2.635055431502268952e+00
2.782745605710297720e+00
2.940983413000996194e+00
3.110775658130987775e+00
3.293156389695260255e+00
3.489187863462205552e+00
3.699959171182243711e+00
3.926582016132067032e+00
4.170182979237290866e+00
4.431891458881987766e+00
4.712822283017042757e+00
5.014051785618491408e+00
5.336585916226206372e+00
5.681318722205687344e+00
6.048979328078959661e+00
6.440065366703137784e+00
6.854760742380513250e+00
7.292835698202665640e+00
7.753527520018746344e+00
8.235400972336528014e+00
8.736188897961920219e+00
9.252615524230590083e+00
9.780208116432598686e+00
1.031310688589559987e+01
1.084388857634427694e+01
1.136342578303887230e+01
1.186081130212162549e+01
1.232338361392898562e+01
1.273689422487463929e+01
1.308585754040916527e+01
1.335411620684364031e+01
1.352563653838480029e+01
1.358551807379958198e+01
1.352115960228702107e+01
1.332347655937219955e+01
1.298802181614141382e+01
1.251583746533232322e+01
1.191387292114802321e+01
1.119485218354505740e+01
1.037655668325171021e+01
9.480592493813919219e+00
8.530805180350116146e+00
7.551565355285479342e+00
6.566156887674272191e+00
5.595458386623468172e+00
4.657033472921255246e+00
3.764660702379512891e+00
2.928261984606056245e+00
2.154142139935293798e+00
1.445434386427302709e+00
8.026516056746667571e-01
2.242622207257345401e-01
-2.927662561752858439e-01
-7.524897646387587180e-01
-1.159591344373719579e+00
-1.519067671171349332e+00
-1.835992115657471002e+00
-2.115343820022015819e+00
-2.361890932122958642e+00
-2.580116497380931406e+00
-2.774176780242031182e+00
-2.947883422861051539e+00
-3.104702516427531478e+00
-3.247765181809165291e+00
-3.379885553791939667e+00
-3.503583120655760830e+00
-3.621107204079626829e+00
-3.734462003821733322e+00
-3.845431111568897720e+00
-3.955600751402662318e+00
-4.066381258881769156e+00
-4.179026490238411995e+00
-4.294650976321691793e+00
-4.414244717254874217e+00
-4.538685564481736101e+00
-4.668749165498424780e+00
-4.805116459654195538e+00
-4.948378716085288787e+00
-5.099040101285152282e+00
-5.257517757589143415e+00
-5.424139368265386452e+00
-5.599138183237726274e+00
-5.782645485191997281e+00
-5.974680492752913352e+00
-6.175137729842734124e+00
-6.383771943013607064e+00
-6.600180726677183252e+00
-6.823785125146227593e+00
-7.053808625465831206e+00
-7.289255140491460949e+00
-7.528886810045175793e+00
-7.771202718480831884e+00
-8.014419933821757880e+00
-8.256458603865699075e+00
-8.494933175914990642e+00
-8.727152105164908136e+00
-8.950128635402929689e+00
-9.160605314852608316e+00
-9.355094779890823276e+00
-9.529938926204486904e+00
-9.681387823712272578e+00
-9.805698573312232824e+00
-9.899252746345236886e+00
-9.958689148741010300e+00
-9.981046545621151012e+00
-9.963908886790369124e+00
-9.905543780381963259e+00
-9.805023803310188413e+00
-9.662320032159868788e+00
-9.478358162354197702e+00
-9.255029837738131704e+00
-8.995155210490128894e+00
-8.702396944797861522e+00
-8.381130336459337471e+00
-8.036278320217343563e+00
-7.673123280991859474e+00
-7.297109329619209994e+00
-6.913648846202717024e+00
-6.527945708439326644e+00
-6.144845025800102611e+00
-5.768715870185567418e+00
-5.403369956661823181e+00
-5.052015957496267973e+00
-4.717246475056493971e+00
-4.401052840600376825e+00
-4.104861879766237287e+00
-3.829588505529855968e+00
-3.575698306197820031e+00
-3.343275002273246255e+00
-3.132088571840465629e+00
-2.941660839423257734e+00
-2.771326277820276740e+00
-2.620286616087545983e+00
-2.487658544034580643e+00
-2.372514345006322412e+00
-2.273915682708706587e+00
-2.190941032998762417e+00
-2.122707410974938647e+00
-2.068387120952688285e+00
-2.027220273663210559e+00
-1.998523789788619665e+00
-1.981697556702909369e+00
-1.976228337525494982e+00
-1.981691956739572769e+00
-1.997754210533560615e+00
-2.024170876483419867e+00
-2.060787128410455527e+00
-2.107536599237504582e+00
-2.164440277571834770e+00
-2.231605372087635430e+00
-2.309224230641135023e+00
-2.397573357179107134e+00
-2.497012527399307569e+00
-2.607983962080351326e+00
-2.731011473108711396e+00
-2.866699449370690989e+00
-3.015731495492615988e+00
-3.178868473288718022e+00
-3.356945620821060405e+00
-3.550868334024503525e+00
-3.761606087515586783e+00
-3.990183841009474097e+00
-4.237670122402082740e+00
-4.505160795343581270e+00
-4.793757306709179211e+00
-5.104537968972853612e+00
-5.438520569613038091e+00
-5.796614326681346796e+00
-6.179558949336881213e+00
-6.587848352542533981e+00
-7.021636475733894933e+00
-7.480622754444624434e+00
-7.963915216723955304e+00
-8.469870091480460772e+00
-8.995908438693687614e+00
-9.538312896113746220e+00
-1.009201145228676033e+01
-1.065036042999739685e+01
-1.120494568846615735e+01
-1.174542922876849715e+01
-1.225947722166715259e+01
-1.273281354652698738e+01
-1.314944788624703165e+01
-1.349212597728090834e+01
-1.374303789360707739e+01
-1.388479473711605117e+01
-1.390164329147211042e+01
-1.378083463393423891e+01
-1.351400486146160240e+01
-1.309837864249038297e+01
-1.253758750702470692e+01
-1.184192046087366279e+01
-1.102790010737218296e+01
-1.011719187863064384e+01
-9.134979581080207467e+00
-8.108041440280514323e+00
-7.062807207669817622e+00
-6.023657149180867698e+00
-5.011649048008308682e+00
-4.043757252428486382e+00
-3.132609442473618167e+00
-2.286635114961977244e+00
-1.510503902372463347e+00
-8.057283770199630268e-01
-1.713245050530930458e-01
3.955483631990384108e-01
8.990164743412834003e-01
1.344013189893410010e+00
1.735898478308337989e+00
2.080170376634598917e+00
2.382256393148317830e+00
2.647370628922647740e+00
2.880422594332287645e+00
3.085965179169444905e+00
3.268171247640038857e+00
3.430830411015137305e+00
3.577359433987938431e+00
3.710821349110252854e+00
3.833949663977039624e+00
3.949175069345121525e+00
4.058652833775286517e+00
4.164289647271436579e+00
4.267769095731208218e+00
4.370575246873985797e+00
4.474014036926585725e+00
4.579232289535179135e+00
4.687234292405563885e+00
4.798895916835667741e+00
4.914976300891725991e+00
5.036127136176087760e+00
5.162899606724828949e+00
5.295749031012995545e+00
5.435037257902770591e+00
5.581032867664633024e+00
5.733909232656758448e+00
5.893740501473469173e+00
6.060495587986567401e+00
6.234030275387733688e+00
6.414077587839811301e+00
6.600236641378505631e+00
6.791960263787157892e+00
6.988541772306282596e+00
7.189101419308746799e+00
7.392573159015353390e+00
7.597692550213626106e+00
7.802986784888038763e+00
8.006768010676376335e+00
8.207131281125214173e+00
8.401958601144958294e+00
8.588930609365549529e+00
8.765547422688126034e+00
8.929160026545245543e+00
9.077013293070864464e+00
9.206301220339033975e+00
9.314234293939152920e+00
9.398117983607340520e+00
9.455440337992635946e+00
9.483965500818614558e+00
9.481828849465490094e+00
9.447628491542925389e+00
9.380507203015161721e+00
9.280218704450428291e+00
9.147172567730919468e+00
8.982453078122411227e+00
8.787809012485375604e+00
8.565613402347498351e+00
8.318794710407836135e+00
8.050743181188270370e+00
7.765198137468373396e+00
7.466123428624233505e+00
7.157578924654709240e+00
6.843595834337755868e+00
6.528062770943693138e+00
6.214628058042948489e+00
5.906621988262884315e+00
5.607000864697659459e+00
5.318312889733713078e+00
5.042684487034526875e+00
4.781824548393423413e+00
4.537043418979743947e+00
4.309283146648459351e+00
4.099155559427059892e+00
3.906985016439224356e+00
3.732853114514616433e+00
3.576643147174924486e+00
3.438082641388157779e+00
3.316782794873001983e+00
3.212274074127138501e+00
3.124037596344973355e+00
3.051532203459650372e+00
2.994217347623905123e+00
2.951572052927104117e+00
2.923110308532421708e+00
2.908393294631794745e+00
2.907038854913215786e+00
2.918728616588083469e+00
2.943213128856282612e+00
2.980315348823919575e+00
3.029932754675560780e+00
3.092038312368135422e+00
3.166680466172659081e+00
3.253982266043186300e+00
3.354139686307164414e+00
3.467419130241184977e+00
3.594154052979411595e+00
3.734740569846814129e+00
3.889631847374566576e+00
4.059330998642311172e+00
4.244382122007620772e+00
4.445359031852458287e+00
4.662851131442267594e+00
4.897445772132346775e+00
5.149706332359569316e+00
5.420145138923791350e+00
5.709190250253866061e+00
6.017145039752661795e+00
6.344139476510231468e+00
6.690072028703186291e+00
7.054541250417097231e+00
7.436766406342249169e+00
7.835497005016645033e+00
8.248911926583831544e+00
8.674510029807994016e+00
9.108995787371732433e+00
9.548165689209172413e+00
9.986803880655667598e+00
1.041859868117236232e+01
1.083609502646465117e+01
1.123070104779526446e+01
1.159276924244250750e+01
1.191177302178405917e+01
1.217659666766723703e+01
1.237594969232154796e+01
1.249890443107622851e+01
1.253553838378770813e+01
1.247764171627983742e+01
1.231942854288824840e+01
1.205817291581570139e+01
1.169468251053095287e+01
1.123352980108996846e+01
1.068298435706814153e+01
1.005462867230472312e+01
9.362686734923302723e+00
8.623139043054646180e+00
7.852729307528520053e+00
7.067979263177287308e+00
6.284317199805277809e+00
5.515397436863559655e+00
4.772650489140456642e+00
4.065066479405057720e+00
3.399184796629552974e+00
2.779244823542680543e+00
2.207445912771023089e+00
1.684267317329338542e+00
1.208807052487962164e+00
7.791093815583747251e-01
3.924612834587063448e-01
4.564737824016451562e-02
-2.648402696863336181e-01
-5.426363050928275644e-01
-7.913761654652647914e-01
-1.014604649009864579e+00
-1.215713105570007002e+00
-1.397899603902832855e+00
-1.564146992969955408e+00
-1.717214492288662742e+00
-1.859639191598806862e+00
-1.993744540384226660e+00
-2.121653526665294276e+00
-2.245304768698732634e+00
-2.366470173255190712e+00
-2.486773157726177796e+00
-2.607706701301698793e+00
-2.730650694385735378e+00
-2.856888206122471185e+00
-2.987620396910187104e+00
-3.123979874056593609e+00
-3.267042330728776811e+00
-3.417836326139962466e+00
-3.577351062377433166e+00
-3.746541993333270870e+00
-3.926334066048115190e+00
-4.117622346136061928e+00
-4.321269718342889199e+00
-4.538101282337109410e+00
-4.768894984696147255e+00
-5.014367943892620971e+00
-5.275157840718437186e+00
-5.551798669264377040e+00
-5.844690083997334362e+00
-6.154059551969484509e+00
-6.479916547038537367e+00
-6.821998133789636931e+00
-7.179705519721916396e+00
-7.552031551274414944e+00
-7.937479746635359490e+00
-8.333976355140418235e+00
-8.738778166469550968e+00
-9.148380405284033401e+00
-9.558431046644484397e+00
-9.963660220475510698e+00
-1.035783588731051097e+01
-1.073375937240420974e+01
-1.108331617834679683e+01
-1.139759810953078123e+01
-1.166711133491507013e+01
-1.188208074309526729e+01
-1.203285311934018686e+01
-1.211039007204288254e+01
-1.210682684469504800e+01
-1.201605687254640742e+01
-1.183428707918796086e+01
-1.156049923243206479e+01
-1.119675202445400686e+01
-1.074826957539615435e+01
-1.022328500605529733e+01
-9.632639585619855893e+00
-8.989172757099709088e+00
-8.306968555480613858e+00
-7.600542741369121558e+00
-6.884058444129998122e+00
