0.000000000000000000e+00
-1.050405604209931620e-01
-1.922901636440582096e-01
-2.718124686111804689e-01
-3.488395959802760848e-01
-4.268357231808411201e-01
-5.084235236997364238e-01
-5.957952973477007586e-01
-6.909352687519659808e-01
-7.957566057437123197e-01
-9.121951280127970074e-01
-1.042279602166005459e+00
-1.188189140631753293e+00
-1.352303722389765372e+00
-1.537251477256149634e+00
-1.745955001405776308e+00
-1.981678085223264496e+00
-2.248073567552998142e+00
-2.549232419265620830e+00
-2.889733479785948855e+00
-3.274692404156446024e+00
-3.709807188935129396e+00
-4.201395958879355241e+00
-4.756420281485477908e+00
-5.382483822178746991e+00
-6.087791246714356674e+00
-6.881045387210615871e+00
-7.771251162267227564e+00
-8.767381850515629793e+00
-9.877846390059319859e+00
-1.110967512219735198e+01
-1.246731656408809030e+01
-1.395091240814321409e+01
-1.555389946351973762e+01
-1.725979097497569015e+01
-1.903804355244962210e+01
-2.083906538233697248e+01
-2.258873160737896413e+01
-2.418331826263623441e+01
-2.548659144857960257e+01
-2.633181569542874456e+01
-2.653231628258008357e+01
-2.590413165330290468e+01
-2.430197224878979512e+01
-2.166408107407571748e+01
-1.805330139990484284e+01
-1.367489185676171104e+01
-8.853767224971196725e+00
-3.969828640480431048e+00
6.262186140617913566e-01
4.680335513804535275e+00
8.059538905862902780e+00
1.073330781885294272e+01
1.273317945187428180e+01
1.411406286548123212e+01
1.492996218737345870e+01
1.522526609936763542e+01
1.503690646233024175e+01
1.440175641889846325e+01
1.336476586636286612e+01
1.198475111917440650e+01
1.033604630656624401e+01
8.505514237856971249e+00
6.585736866838095338e+00
4.666295546900301794e+00
2.825510844603030591e+00
1.124633856330608417e+00
-3.945416073035195037e-01
-1.708843059558274868e+00
-2.810672224147916953e+00
-3.704007321771336958e+00
-4.400495124009559333e+00
-4.916242277758747115e+00
-5.269505159969483543e+00
-5.479204167876353004e+00
-5.564063318734282504e+00
-5.542157561821764666e+00
-5.430687790808882198e+00
-5.245859371607730637e+00
-5.002792664166359593e+00
-4.715434489488847802e+00
-4.396465962119576965e+00
-4.057216211594550259e+00
-3.707596196817295908e+00
-3.356065248482837937e+00
-3.009638036806435490e+00
-2.673933672420734098e+00
-2.353263235171944689e+00
-2.050748115500952817e+00
-1.768459462258396453e+00
-1.507568625489100755e+00
-1.268499366350495539e+00
-1.051074289337223355e+00
-8.546499765473782873e-01
-6.782373143010897998e-01
-5.206052686578361843e-01
-3.803677731648821281e-01
-2.560544127709388218e-01
-1.461662528120871440e-01
-4.921853172438811486e-02
3.622791944023572019e-02
1.115446820043691639e-01
1.780214472085930311e-01
2.368578493365427473e-01
2.891600785392995920e-01
3.359411227873809747e-01
3.781236841005739535e-01
4.165449924955221817e-01
4.519628982677368345e-01
4.850627583530850440e-01
5.164647463537218597e-01
5.467313100810106130e-01
5.763745773383996962e-01
6.058635724555363478e-01
6.356311550521118736e-01
6.660806307538794657e-01
6.975920129847839046e-01
7.305279371629306295e-01
7.652392450445050232e-01
8.020702687779853735e-01
8.413638524382093253e-01
8.834661542121057254e-01
9.287312756507541955e-01
9.775257659898312079e-01
1.030233049850995730e+00
1.087257825936507771e+00
1.149030482781478346e+00
1.216011575298038716e+00
1.288696402702033117e+00
1.367619724323352992e+00
1.453360644522889933e+00
1.546547691102450495e+00
1.647864102677793374e+00
1.758053328783413471e+00
1.877924731055363061e+00
2.008359453471737055e+00
2.150316402733166932e+00
2.304838244394817437e+00
2.473057273701575465e+00
2.656200958901463238e+00
2.855596874913484129e+00
3.072676641335482906e+00
3.308978344360898660e+00
3.566146749238072289e+00
3.845930388851949822e+00
4.150174333589538023e+00
4.480807095160628251e+00
4.839819678907502976e+00
5.229234262187233639e+00
5.651059330302421024e+00
6.107227342833225769e+00
6.599510142548567160e+00
7.129406391341288618e+00
7.697994398474459210e+00
8.305742935316478892e+00
8.952272242733769758e+00
9.636057803591194570e+00
1.035407112736274726e+01
1.110135555730613000e+01
1.187054199126869491e+01
1.265132064093258180e+01
1.342990182064280091e+01
1.418852219854296415e+01
1.490508285942887312e+01
1.555303966204764698e+01
1.610169882366215788e+01
1.651709038382958994e+01
1.676358233514724816e+01
1.680633784343510584e+01
1.661458823071491153e+01
1.616549014658720651e+01
1.544808096869765635e+01
1.446660827956095652e+01
1.324239176994613310e+01
1.181348873602650862e+01
1.023183053536863341e+01
8.558110933158118883e+00
6.855339760500646307e+00
5.182368736256255382e+00
3.588670032717206304e+00
2.111212092952881925e+00
7.736318756110089900e-01
-4.126802646978040556e-01
-1.446294713214143490e+00
-2.333002316090748263e+00
-3.083196431211273403e+00
-3.709709652006941472e+00
-4.226219655374570117e+00
-4.646193314812327557e+00
-4.982266910678237792e+00
-5.245942575020537291e+00
-5.447493242468949504e+00
-5.595992164248293932e+00
-5.699407737660152407e+00
-5.764725133970318716e+00
-5.798071671144046313e+00
-5.804833507631729006e+00
-5.789758067548670617e+00
-5.757040720671694700e+00
-5.710396521825795269e+00
-5.653118922210246033e+00
-5.588127756689133641e+00
-5.518008788929934738e+00
-5.445046855056264512e+00
-5.371254307814301576e+00
-5.298396100961072719e+00
-5.228012510541907076e+00
-5.161440188846368571e+00
-5.099831998172565051e+00
-5.044175876934706260e+00
-4.995312846870127110e+00
-4.953954170948396296e+00
-4.920697609436385456e+00
-4.896042688443729141e+00
-4.880404883536503036e+00
-4.874128623852851838e+00
-4.877499033836025788e+00
-4.890752345622042974e+00
-4.914084931808599954e+00
-4.947660923338012218e+00
-4.991618388977653531e+00
-5.046074060527282690e+00
-5.111126591147346687e+00
-5.186858333251911368e+00
-5.273335617749975945e+00
-5.370607508822136111e+00
-5.478702998884295461e+00
-5.597626598128519149e+00
-5.727352263483724393e+00
-5.867815604711075217e+00
-6.018904302664283890e+00
-6.180446678908137592e+00
-6.352198369747696916e+00
-6.533827084616653735e+00
-6.724895472556283949e+00
-6.924842185504018310e+00
-7.132961317954543468e+00
-7.348380523973332856e+00
-7.570038268858251485e+00
-7.796660867192874100e+00
-8.026740192755324799e+00
-8.258513216442441518e+00
-8.489944828621046824e+00
-8.718715717614713867e+00
-8.942217382697220884e+00
-9.157556623291311482e+00
-9.361572019224741581e+00
-9.550864941264888941e+00
-9.721847439119882139e+00
-9.870808875172727426e+00
-9.994002343371803931e+00
-1.008775069309145422e+01
-1.014857036707573812e+01
-1.017330932052560399e+01
-1.015929315127131538e+01
-1.010447145906456790e+01
-1.000755466124944881e+01
-9.868130364260581544e+00
-9.686748260400987576e+00
-9.464963643778160574e+00
-9.205332119761383325e+00
-8.911351803319931264e+00
-8.587353905188537695e+00
-8.238347520022252013e+00
-7.869828961682449275e+00
-7.487569449480497852e+00
-7.097396801060617655e+00
-6.704986770131272422e+00
-6.315677846188926914e+00
-5.934320079740019516e+00
-5.565164392628868306e+00
-5.211794537238144898e+00
-4.877099978142299896e+00
-4.563284919421064956e+00
-4.271906712259031735e+00
-4.003935966609229347e+00
-3.759830714189806411e+00
-3.539617691057908910e+00
-3.342974960983659649e+00
-3.169311441872749935e+00
-3.017840234028809299e+00
-2.887643850778134347e+00
-2.777730447382782852e+00
-2.687080909048883637e+00
-2.614687202005203215e+00
-2.559582741369507364e+00
-2.520865722768987460e+00
-2.497716439442975833e+00
-2.489409597341956992e+00
-2.495322576334775722e+00
-2.514940488498831783e+00
-2.547858771071042305e+00
-2.593783933320074286e+00
-2.652532960568784848e+00
-2.724031768890472271e+00
-2.808313002336056741e+00
-2.905513370979103005e+00
-3.015870641503673344e+00
-3.139720310640121248e+00
-3.277491913083982578e+00
-3.429704836861648509e+00
-3.596963437431505817e+00
-3.779951153956061294e+00
-3.979423233876222987e+00
-4.196197561892340389e+00
-4.431142963601073070e+00
-4.685164209679521186e+00
-4.959182781844792665e+00
-5.254112276594939068e+00
-5.570827119278586537e+00
-5.910123045741342729e+00
-6.272667594241091216e+00
-6.658938658173823910e+00
-7.069149014944212439e+00
-7.503154720213895068e+00
-7.960345415102808353e+00
-8.439515041019182817e+00
-8.938712330782074389e+00
-9.455071919104691247e+00
-9.984629193725190532e+00
-1.052212530524042755e+01
-1.106081325542893090e+01
-1.159228177807095506e+01
-1.210632069104322106e+01
-1.259085904838367753e+01
-1.303201472143777018e+01
-1.341429922767082239e+01
-1.372102213038094831e+01
-1.393493190796904635e+01
-1.403911146505958918e+01
-1.401811402083931668e+01
-1.385927915910356134e+01
-1.355411402903724216e+01
-1.309957149177961178e+01
-1.249902118734015133e+01
-1.176270881067417484e+01
-1.090754668366665747e+01
-9.956176174556555125e+00
-8.935373299935623237e+00
-7.874000367354799579e+00
-6.800799816771361250e+00
-5.742351519575741747e+00
-4.721464094961205227e+00
-3.756162796006275340e+00
-2.859307318958633104e+00
-2.038760400742785528e+00
-1.297957571212559280e+00
-6.367063963743140320e-01
-5.206067117576040904e-02
4.608456526318327473e-01
9.080750054417254802e-01
1.296304073266482781e+00
1.632385439736041333e+00
1.923038372498289350e+00
2.174646309257378896e+00
2.393137059544775180e+00
2.583923786945629963e+00
2.751888480063903408e+00
2.901393600852253396e+00
3.036311242512931940e+00
3.160062155998263567e+00
3.275659364289133180e+00
3.385752841639188215e+00
3.492672998432149623e+00
3.598471593133906854e+00
3.704959289523998667e+00
3.813739469246070879e+00
3.926238157058774547e+00
4.043730063170739797e+00
4.167360825154293735e+00
4.298165563086905117e+00
4.437083860850069783e+00
4.584971264224479093e+00
4.742607349631620117e+00
4.910700371079089521e+00
5.089888440839077433e+00
5.280737144830951912e+00
5.483733439768921691e+00
5.699275629507138952e+00
5.927659177211602959e+00
6.169058083928082858e+00
6.423501560559683021e+00
6.690845749287658961e+00
6.970740324856053327e+00
7.262589941675066996e+00
7.565510708128758921e+00
7.878282185990199693e+00
8.199295852744098667e+00
8.526501548743951275e+00
8.857354174685800885e+00
9.188763811067826026e+00
9.517053482528062602e+00
9.837929936574985490e+00
1.014647395363803817e+01
1.043715770127991327e+01
1.070389727096525512e+01
1.094014850602743572e+01
1.113905321072522625e+01
1.129364048245164298e+01
1.139708395948250086e+01
1.144301012489724201e+01
1.142584565085259918e+01
1.134118371774719947e+01
1.118614138716507789e+01
1.095967395833545588e+01
1.066280952229881862e+01
1.029876920596377410e+01
9.872946766690686715e+00
9.392735017376050877e+00
8.867204395606616885e+00
8.306657931504043191e+00
7.722103319331646176e+00
7.124693383769013622e+00
6.525188766074246693e+00
5.933490792613033804e+00
5.358279807859324784e+00
4.806777738571375025e+00
4.284636777587350842e+00
3.795941845973892281e+00
3.343304801048739616e+00
2.928023764130822659e+00
2.550280877885477526e+00
2.209355017822130840e+00
1.903831021582263583e+00
1.631792573388756162e+00
1.390991060573247617e+00
1.178986976686151822e+00
9.932635926131971882e-01
8.313146982119843376e-01
6.907094051612401309e-01
5.691375156117385314e-01
4.644390122373106000e-01
3.746209904711942373e-01
2.978649670730944554e-01
2.325270537477289179e-01
1.771330395772088284e-01
1.303700154716813109e-01
9.107581407955472885e-02
5.822723474033683622e-02
3.092777353974721782e-02
8.395378246884056817e-03
-1.004940970563530933e-02
-2.499468585006103111e-02
-3.694763803455761164e-02
-4.634414746301596111e-02
-5.355750654410936645e-02
-5.890626022379643473e-02
-6.266120177934536573e-02
-6.505156980626056185e-02
-6.627050247965105001e-02
-6.647980980818377073e-02
-6.581412583740864353e-02
-6.438450161363641622e-02
-6.228149696205866753e-02
-5.957782534450312834e-02
-5.633060167378724920e-02
-5.258323828639300396e-02
-4.836702953567176971e-02
-4.370246081691189777e-02
-3.860027337341573328e-02
-3.306231201962198107e-02
-2.708217898428593243e-02
-2.064571343341067150e-02
-1.373131287334898240e-02
-6.310109542986448716e-03
1.653987943263251353e-03
1.020438007077951320e-02
1.939198383278912391e-02
2.927555917745897768e-02
3.992215377156980993e-02
5.140766744163619006e-02
6.381753968119466269e-02
7.724756561736309535e-02
9.180484784220538375e-02
1.076088935660255153e-01
1.247928686712424795e-01
1.435050224674927211e-01
1.639102993013948073e-01
1.861921556880674622e-01
2.105546043356531782e-01
2.372245093575753028e-01
2.664541601373215940e-01
2.985241547518305838e-01
3.337466275922968961e-01
3.724688598587032051e-01
4.150773159492343045e-01
4.620021534044910227e-01
5.137222589620017432e-01
5.707708683574326258e-01
6.337418326542133551e-01
7.032965989016681796e-01
7.801719775222001330e-01
8.651887725794430439e-01
9.592613533541479720e-01
1.063408245551703546e+00
1.178763816702916190e+00
1.306591121089096585e+00
1.448295952286468680e+00
1.605442122643473635e+00
1.779767943761503268e+00
1.973203813547417251e+00
2.187890714287324290e+00
2.426199279634317918e+00
2.690748878934212662e+00
2.984425871266927821e+00
3.310399767151177564e+00
3.672135460716878796e+00
4.073398903669874116e+00
4.518252512702185086e+00
5.011035143484091847e+00
5.556319516494858668e+00
6.158837414934118293e+00
6.823359657970158310e+00
7.554513666235657787e+00
8.356516330716026175e+00
9.232793980777231013e+00
1.018545495207863638e+01
1.121457459254074074e+01
1.231724950854762746e+01
1.348638098276113340e+01
1.470916256563737612e+01
1.596528252019790273e+01
1.722491977747916181e+01
1.844672569717673127e+01
1.957615365214010694e+01
2.054472154391772065e+01
2.127103509313027274e+01
2.166457347984424331e+01
2.163318113811577703e+01
2.109469796135300257e+01
1.999200357183188004e+01
1.830898762045178074e+01
1.608310567442787686e+01
1.340932165764928996e+01
1.043160428317806421e+01
7.322112353979242982e+00
4.253339315078258132e+00
1.371864617463380398e+00
-1.218405874159942393e+00
-3.460201296855932362e+00
-5.336148417742872851e+00
-6.856572339610742972e+00
-8.047009394457278475e+00
-8.938577915726479972e+00
-9.562122038703025240e+00
-9.945613744201819983e+00
-1.011376558545175897e+01
-1.008883628034837265e+01
-9.891859577145673654e+00
-9.543795040880226566e+00
-9.066317237950158869e+00
-8.482122233037198811e+00
-7.814750621837814215e+00
-7.088014157616091993e+00
-6.325170080253439409e+00
-5.548011295855080682e+00
-4.776031344678960622e+00
-4.025786177540517485e+00
-3.310521488706963389e+00
-2.640078702453477977e+00
-2.021046917337894655e+00
-1.457099390978512155e+00
-9.494427553672595277e-01
-4.973116627571185222e-01
-9.845525896841494928e-02
2.504209562130866873e-01
5.532779861840759761e-01
8.144379221992825713e-01
1.038348194443788897e+00
1.229408086233197306e+00
1.391847680109979501e+00
1.529648963284362173e+00
1.646499554389784459e+00
1.745770818025172311e+00
1.830513608630685463e+00
1.903466299159238595e+00
1.967070989782130130e+00
2.023494819614778617e+00
2.074654124463429117e+00
2.122239820292354029e+00
2.167742876681579389e+00
2.212479107731539330e+00
2.257612776662823340e+00
2.304178706941587773e+00
2.353102734635104554e+00
2.405220437310903847e+00
2.461294144290007591e+00
2.522028279037464848e+00
2.588083112554378395e+00
2.660087020982933037e+00
2.738647344295046526e+00
2.824359938103668366e+00
2.917817498852988134e+00
3.019616724926152518e+00
3.130364353145169254e+00
3.250682081957213754e+00
3.381210359226840989e+00
3.522610973641824739e+00
3.675568343723662146e+00
3.840789346565246287e+00
4.019001468831836732e+00
4.210948994358565400e+00
4.417386865053946288e+00
4.639071764252187258e+00
4.876749874182937816e+00
5.131140652833301452e+00
5.402915862660949031e+00
5.692672969152085649e+00
6.000901919180963162e+00
6.327944220236732420e+00
6.673943190872398290e+00
7.038784267540855843e+00
7.422024371162427414e+00
7.822809608805427750e+00
8.239781076423797757e+00
8.670969316561178530e+00
9.113679160463146189e+00
9.564368340618349507e+00
1.001852547837416196e+01
1.047055587361142237e+01
1.091368691095996368e+01
1.133990867470992114e+01
1.173996915251712991e+01
1.210344655160754890e+01
1.241892277346386564e+01
1.267428070792505146e+01
1.285714224778883086e+01
1.295545243899899290e+01
1.295819723294184733e+01
1.285621843831863664e+01
1.264306217377678898e+01
1.231577122588572948e+01
1.187551407354672506e+01
1.132794149375252246e+01
1.068318147133256701e+01
9.955425910792177646e+00
9.162123007415102549e+00
8.322854928964156684e+00
7.458035607300787184e+00
6.587593107787462543e+00
5.729797149499207265e+00
4.900356760836788617e+00
4.111856815302342483e+00
3.373541101072007109e+00
2.691398369619744546e+00
2.068475638494175595e+00
1.505331923211875367e+00
1.000551787621426048e+00
5.512549553148649029e-01
1.535589432487948214e-01
-1.970288172979323682e-01
-5.052974337955846718e-01
-7.760950531285499832e-01
-1.014158758336322075e+00
-1.224000525869226363e+00
-1.409837534172042384e+00
-1.575556080360048572e+00
-1.724699953189103185e+00
-1.860475864446702321e+00
-1.985770194209744544e+00
-2.103172734185410508e+00
-2.215004280127378156e+00
-2.323345839274923552e+00
-2.430067914084834246e+00
-2.536858838172983965e+00
-2.645251511981075776e+00
-2.756648146897904272e+00
-2.872342804006224437e+00
-2.993541628070404581e+00
-3.121380744531392359e+00
-3.256941818688740220e+00
-3.401265280200761243e+00
-3.555361198269323175e+00
-3.720217757220880550e+00
-3.896807231044982167e+00
-4.086089290170203725e+00
-4.289011395026996354e+00
-4.506505939099692881e+00
-4.739483699549653650e+00
-4.988823036887098716e+00
-5.255354158371542184e+00
-5.539837626362777101e+00
-5.842936158986355544e+00
-6.165178646506028315e+00
-6.506915208692915620e+00
-6.868262069993587460e+00
-7.249035064366204928e+00
-7.648670747031964368e+00
-8.066134448086900832e+00
-8.499815231710469376e+00
-8.947408719479398087e+00
-9.405790203296469087e+00
-9.870882518670828887e+00
-1.033752585625393827e+01
-1.079936008367809208e+01
-1.124873414321744036e+01
-1.167666141134507818e+01
-1.207284401342354663e+01
-1.242579209432361687e+01
-1.272306468493870035e+01
-1.295165548198047034e+01
-1.309853787703756645e+01
-1.315136757513149668e+01
-1.309931780125748979e+01
-1.293399292102734321e+01
-1.265033536358698640e+01
-1.224741479843805791e+01
-1.172897616785250463e+01
-1.110363261993477657e+01
-1.038462522452940462e+01
-9.589131386777566490e+00
-8.737177600942811040e+00
-7.850282467805597797e+00
-6.950003993610883057e+00
-6.056577519120925679e+00
-5.187804178981473946e+00
-4.358293359298830438e+00
-3.579093157019767713e+00
-2.857678787613147087e+00
-2.198223807262677187e+00
-1.602058298953778159e+00
-1.068219476129808276e+00
-5.940164223195670834e-01
-1.755537172303656690e-01
1.918181983004614843e-01
5.131389725651374079e-01
7.935601483836727255e-01
1.038144241310075433e+00
1.251728684692445359e+00
1.438841371171240002e+00
1.603655414818286884e+00
1.749972507586740722e+00
1.881226251969384311e+00
2.000498774900760779e+00
2.110545600387261356e+00
2.213825126328037296e+00
2.312530122725500625e+00
2.408619481160425124e+00
2.503849045437437137e+00
2.599800785856661633e+00
2.697909883858434998e+00
2.799489501695850091e+00
2.905753148107838690e+00
3.017834634373037783e+00
3.136805659337654983e+00
3.263691076860763651e+00
3.399481891467980521e+00
3.545146002464643953e+00
3.701636676265731118e+00
3.869898672936101125e+00
4.050871886678715228e+00
4.245492281420744973e+00
4.454689811546337808e+00
4.679382913985738135e+00
4.920469041390848730e+00
5.178810577905841761e+00
5.455215341427087417e+00
5.750410733922995732e+00
6.065010462559407678e+00
6.399472632349206158e+00
6.754047926203149643e+00
7.128716570512214190e+00
7.523112875952294054e+00
7.936436401440531085e+00
8.367349288977932176e+00
8.813860151723723391e+00
9.273196176259189016e+00
9.741666939606631104e+00
1.021452594954959991e+01
1.068583915999598410e+01
1.114837366918288275e+01
1.159352429701352705e+01
1.201130033363342697e+01
1.239039869273138450e+01
1.271839182248396583e+01
1.298205745433345903e+01
1.316787077675092732e+01
1.326266618453600898e+01
1.325445438446843127e+01
1.313335193411296764e+01
1.289254732196555508e+01
1.252919651713068738e+01
1.204512016662305562e+01
1.144717376384999064e+01
1.074718830023900829e+01
9.961433246082592063e+00
9.109628562274437513e+00
8.213611701323001668e+00
7.295828713241398589e+00
6.377847775648151085e+00
5.479080494566752613e+00
4.615846009028498287e+00
3.800841131224329317e+00
3.043006843148974294e+00
2.347724776617167386e+00
1.717245993895040401e+00
1.151248550013637573e+00
6.474335446863260790e-01
2.020927374432640589e-01
-1.893937483912099262e-01
-5.321489610278049565e-01
-8.314828686680721948e-01
-1.092660996720575817e+00
-1.320745388824497768e+00
-1.520493696012756413e+00
-1.696302794657228219e+00
-1.852185074564611122e+00
-1.991767688563808703e+00
-2.118307177126341756e+00
-2.234713756014071961e+00
-2.343581101094792896e+00
-2.447218680994448725e+00
-2.547684612279584204e+00
-2.646817694106258667e+00
-2.746267770598341595e+00
-2.847523914407575685e+00
-2.951940160589912487e+00
-3.060758674680887914e+00
-3.175130334218176476e+00
-3.296132754778384744e+00
-3.424785811246419787e+00
-3.562064700513892124e+00
-3.708910568580792599e+00
-3.866238686733829866e+00
-4.034944110385126237e+00
-4.215904691645213198e+00
-4.409981243568523723e+00
-4.618014570789910067e+00
-4.840818988595901651e+00
-5.079171851455558162e+00
-5.333798504761148251e+00
-5.605351963704179319e+00
-5.894386516993364467e+00
-6.201324360184266027e+00
-6.526414298272480430e+00
-6.869681540911479978e+00
-7.230867675453149346e+00
-7.609360082427245153e+00
-8.004110406232470609e+00
-8.413542274182415071e+00
-8.835449344100720026e+00
-9.266886035068424121e+00
-9.704055034284072789e+00
-1.014219792945690202e+01
-1.057549809337930391e+01
-1.099700815489539885e+01
-1.139861779134102626e+01
-1.177108072809647332e+01
-1.210412202882964117e+01
-1.238664702527983863e+01
-1.260707036304784801e+01
-1.275377637078746673e+01
-1.281570931019806459e+01
-1.278307381505576679e+01
-1.264810311048622005e+01
-1.240582839561607997e+01
-1.205476201425382499e+01
-1.159739604652703449e+01
-1.104042293362774174e+01
-1.039460955582861246e+01
-9.674300024627305206e+00
-8.896578576587691245e+00
-8.080180433259092965e+00
-7.244281340011346160e+00
-6.407314343034639315e+00
-5.585950659157679077e+00
-4.794344274505205838e+00
-4.043688169914616104e+00
-3.342077540556012138e+00
-2.694633747984383820e+00
-2.103818455831593326e+00
-1.569860973611711952e+00
-1.091229365342751834e+00
-6.650915174007843156e-01
-2.877305150278478552e-01
4.510467463474360228e-02
3.379192037976966323e-01
5.952602047488115833e-01
8.215646287223736799e-01
1.021056998864888765e+00
1.197686754570147283e+00
1.355095722496578503e+00
1.496607631615101131e+00
1.625233110078334597e+00
1.743685039626889477e+00
1.854400392838811751e+00
1.959565706145960817e+00
2.061144153866874440e+00
2.160902811357114039e+00
2.260439160930531433e+00
2.361206234061877574e+00
2.464536025351063309e+00
2.571660980751754533e+00
2.683733472764074257e+00
2.801843242523891497e+00
2.927032823302152309e+00
3.060310969317846297e+00
3.202664103181869670e+00
3.355065768189745778e+00
3.518484030175569544e+00
3.693886718790961421e+00
3.882244330160372847e+00
4.084530331615772170e+00
4.301718514045058228e+00
4.534776927681375192e+00
4.784657812624221407e+00
5.052282796548471566e+00
5.338522480964179806e+00
5.644169378544992455e+00
5.969903005730176737e+00
6.316245790839446705e+00
6.683508349937271831e+00
7.071722642880420295e+00
7.480561596526971613e+00
7.909244034531287326e+00
8.356424267547220452e+00
8.820066580095772935e+00
9.297306227006727042e+00
9.784300561125798268e+00
1.027607668555923759e+01
1.076638564677934262e+01
1.124757765014647148e+01
1.171051789878073457e+01
1.214456795991143423e+01
1.253766218464301296e+01
1.287651129895047042e+01
1.314696400876397853e+01
1.333455015931688337e+01
1.342521360335178571e+01
1.340621827299372626e+01
1.326717772928854089e+01
1.300112037680360189e+01
1.260546687125617105e+01
1.208277338273637369e+01
1.144109551371176536e+01
1.069386093782111224e+01
9.859204725175155559e+00
8.958809662758675074e+00
8.016384514278477980e+00
7.055981544497437419e+00
6.100380669455049976e+00
5.169743856934709392e+00
4.280678352070840909e+00
3.445761645204828305e+00
2.673499174120481214e+00
1.968626505562910856e+00
1.332639471720494129e+00
7.644361439346353260e-01
2.609745954893994968e-01
-1.821206448306145198e-01
-5.700415684569477559e-01
-9.083835311009165192e-01
-1.202833976399366289e+00
-1.458951508162892985e+00
-1.682019606783379029e+00
-1.876958700228450239e+00
-2.048281756610315973e+00
-2.200080934402470767e+00
-2.336035391278775020e+00
-2.459432721285959911e+00
-2.573198491471592853e+00
-2.679929944438529166e+00
-2.781931152790096728e+00
-2.881247813886967712e+00
-2.979700523331573869e+00
-3.078915822186915729e+00
-3.180354625309978811e+00
-3.285337845006223834e+00
-3.395069154724431826e+00
-3.510654913187440052e+00
-3.633121305626152431e+00
-3.763428766537450620e+00
-3.902483735174616886e+00
-4.051147765964828729e+00
-4.210243974723907101e+00
-4.380560750275466653e+00
-4.562852601570710043e+00
-4.757837944031537702e+00
-4.966193557037737349e+00
-5.188545369103992222e+00
-5.425455151044152657e+00
-5.677402624349858762e+00
-5.944762428137094545e+00
-6.227775342067442210e+00
-6.526513146942083843e+00
-6.840836536055681094e+00
-7.170345591272142549e+00
-7.514322536887892312e+00
-7.871666817162240370e+00
-8.240823051618356487e+00
-8.619703151662795548e+00
-9.005604878031718386e+00
-9.395130417518876342e+00
-9.784110173762687879e+00
-1.016753887361192810e+01
-1.053953319394427091e+01
-1.089332222290025065e+01
-1.122128386608347839e+01
-1.151504132568854644e+01
-1.176563340668337787e+01
-1.196376992902941794e+01
-1.210017825398636937e+01
-1.216603838165179674e+01
-1.215349224214361001e+01
-1.205619846166343123e+01
-1.186988883254632121e+01
-1.159286979736607748e+01
-1.122640503694767489e+01
-1.077491724879102364e+01
-1.024596075207176682e+01
-9.649941618088837103e+00
-8.999595426343990567e+00
-8.309268359380403979e+00
-7.594077444894257845e+00
-6.869043234224986527e+00
-6.148288929299644323e+00
-5.444384176050825808e+00
-4.767883931893569738e+00
-4.127080119472491759e+00
-3.527953565432121685e+00
-2.974291453633428617e+00
-2.467923636011188027e+00
-2.009029147642621194e+00
-1.596469692357586068e+00
-1.228116480941744415e+00
-9.011476658618383651e-01
-6.123036119357975204e-01
-3.580952238370827545e-01
-1.349661751037553592e-01
6.058666717120919643e-02
2.319286094997841663e-01
3.822317854554534433e-01
5.144428678990222714e-01
6.312683081203943614e-01
7.351724367548442274e-01
8.283846439142604767e-01
9.129126680134789229e-01
9.905597246742187112e-01
1.062943788336540463e+00
1.131517805542960442e+00
1.197589983807469727e+00
1.262343579678570693e+00
1.326855819932711622e+00
1.392115745018256412e+00
1.459040875961898687e+00
1.528492684785967892e+00
1.601290901879938167e+00
1.678226727792073047e+00
1.760075036171207197e+00
1.847605662512314506e+00
1.941593872382177288e+00
2.042830094554369147e+00
2.152128989915479629e+00
2.270337906472059686e+00
2.398344744102856030e+00
2.537085219155576166e+00
2.687549477348014637e+00
2.850787951911863072e+00
3.027916300124163573e+00
3.220119172253662398e+00
3.428652468727496405e+00
3.654843619437293523e+00
3.900089268195812586e+00
4.165849559332800212e+00
4.453637995655749471e+00
4.765005560779441041e+00
5.101517468162847457e+00
5.464720510253981089e+00
5.856098534575220782e+00
6.277013078113444777e+00
6.728625669262567222e+00
7.211797801449576717e+00
7.726964170468235693e+00
8.273974571359598684e+00
8.851900058305076868e+00
9.458799855628132747e+00
1.009144744703271002e+01
1.074501775490153932e+01
1.141274294306793990e+01
1.208555276543283696e+01
1.275172706762873887e+01
1.339660319312385184e+01
1.400239902491775013e+01
1.454823121138778319e+01
1.501042373443423017e+01
1.536320776143198330e+01
1.557990057277990381e+01
1.563460906101246195e+01
1.550442393412788178e+01
1.517195433102159541e+01
1.462791375015230955e+01
1.387334094401493800e+01
1.292097419617446441e+01
1.179534643434096175e+01
1.053136003094933137e+01
9.171410963935414884e+00
7.761479078806072351e+00
6.346864913684718168e+00
4.968331138971382011e+00
3.659266608676407628e+00
2.444192344618199897e+00
1.338589687484481816e+00
3.497673322487139247e-01
-5.216413405879787302e-01
-1.279950139367642459e+00
-1.932765192536103571e+00
-2.489583364513886288e+00
-2.960714023552175611e+00
-3.356517991385647992e+00
-3.686916302196715289e+00
-3.961107025451829244e+00
-4.187430460263192877e+00
-4.373332857047379285e+00
-4.525390796813380412e+00
-4.649369428834987161e+00
-4.750296717053047679e+00
-4.832542490012050607e+00
-4.899895722152935562e+00
-4.955636540184614525e+00
-5.002601379037392881e+00
-5.043240863502094662e+00
-5.079670631738461672e+00
-5.113715634885005024e+00
-5.146948571259423844e+00
-5.180723127680148643e+00
-5.216202656826454565e+00
-5.254384850095678239e+00
-5.296122888468099532e+00
-5.342143479354247937e+00
-5.393062120042039886e+00
-5.449395869966007666e+00
-5.511573864751497354e+00
-5.579945764226924787e+00
-5.654788293453308690e+00
-5.736310009409415933e+00
-5.824654405575137694e+00
-5.919901451796354408e+00
-6.022067657277442976e+00
-6.131104740380482809e+00
-6.246896990402682981e+00
-6.369257414153931762e+00
-6.497922774625963349e+00
-6.632547651097292274e+00
-6.772697680438672485e+00
-6.917842178871009828e+00
-7.067346392451945292e+00
-7.220463683190372350e+00
-7.376328025336950311e+00
-7.533947261597318423e+00
-7.692197649080165789e+00
-7.849820305515186725e+00
-8.005420241619729538e+00
-8.157468727367094274e+00
-8.304309778090301464e+00
-8.444171548652370518e+00
-8.575183376691533965e+00
-8.695399105113205351e+00
-8.802827126538353752e+00
-8.895467318524440614e+00
-8.971354674081819525e+00
-9.028608982105117420e+00
-9.065489393182170730e+00
-9.080452147865969437e+00
-9.072209191292163410e+00
-9.039784907252128576e+00
-8.982567842322236373e+00
-8.900354123530688000e+00
-8.793379359865690859e+00
-8.662336197406844462e+00
-8.508375378167375658e+00
-8.333089103798148045e+00
-8.138476656529793019e+00
-7.926893474828287545e+00
-7.700986090483560531e+00
-7.463616372274989530e+00
-7.217779269730596248e+00
-6.966518624816695038e+00
-6.712845584658818865e+00
-6.459663723565271631e+00
-6.209704235776555059e+00
-5.965473595344325197e+00
-5.729215017397399023e+00
-5.502884014412308566e+00
-5.288137421522231207e+00
-5.086334535880053132e+00
-4.898548511938680683e+00
-4.725585880368439184e+00
-4.568011990733480410e+00
-4.426180277747322478e+00
-4.300263470898786800e+00
-4.190285160348590665e+00
-4.096150456479490387e+00
-4.017674803071253464e+00
-3.954610301051547872e+00
-3.906669156511552554e+00
-3.873544076209194387e+00
-3.854925595003019012e+00
-3.850516435461933007e+00
-3.860043075556811143e+00
-3.883264742224666222e+00
-3.919980063226550016e+00
-3.970031603168985512e+00
-4.033308487109055207e+00
-4.109747281170345268e+00
-4.199331257486005775e+00
-4.302088123139411913e+00
-4.418086241473423215e+00
-4.547429320534753572e+00
-4.690249488512191256e+00
-4.846698620669053881e+00
-5.016937727376357792e+00
-5.201124159632847466e+00
-5.399396338674934626e+00
-5.611855672550134067e+00
-5.838545288664589883e+00
-6.079425192718693971e+00
-6.334343468531451471e+00
-6.603003169901074720e+00
-6.884924637597183761e+00
-7.179403117705178694e+00
-7.485461780846836888e+00
-7.801800566893030364e+00
-8.126741729551948623e+00
-8.458173551271375601e+00
-8.793494457324639413e+00
-9.129560682890865309e+00
-9.462641721600034472e+00
-9.788388959168706549e+00
-1.010182407643026004e+01
-1.039735483833686658e+01
-1.066882654704079592e+01
-1.090961743720324151e+01
-1.111278528820399814e+01
-1.127127017039350854e+01
-1.137815424698487021e+01
-1.142697381014556868e+01
-1.141207143334746732e+01
-1.132896789076850297e+01
-1.117472543740954372e+01
-1.094826771052158421e+01
-1.065061868021422420e+01
-1.028502535513388771e+01
-9.856937270454981359e+00
-9.373829914095475502e+00
-8.844877506316096927e+00
-8.280499948809778132e+00
-7.691825598300929379e+00
-7.090122324557061262e+00
-6.486251839433532673e+00
-5.890196190868084436e+00
-5.310692247545224731e+00
-4.754993040505642199e+00
-4.228757553607366049e+00
-3.736056052260889437e+00
-3.279468229467376261e+00
-2.860246875767328056e+00
-2.478519835688172801e+00
-2.133506395613777862e+00
-1.823729457761006811e+00
-1.547210572585350441e+00
-1.301640184901845743e+00
-1.084519768576868826e+00
-8.932756988510266449e-01
-7.253467948301941526e-01
-5.782486399901144436e-01
-4.496182821104375282e-01
-3.372429427437932392e-01
-2.390761105119517393e-01
-1.532439878600385663e-01
-7.804480097784310955e-02
-1.194302654930265439e-02
4.643982969503441388e-02
9.833663314216387064e-02
1.448472374488074532e-01
1.869516090264746744e-01
2.255229510987633579e-01
2.613404781892616491e-01
2.951016143404158187e-01
3.274334812654197679e-01
3.589036118651848239e-01
3.900298751046110679e-01
4.212896342953401652e-01
4.531281857668387203e-01
4.859665414474501066e-01
5.202086291813713403e-01
5.562479903682385762e-01
5.944740570385245171e-01
6.352780907692229251e-01
6.790588646483264323e-01
7.262281673581675312e-01
7.772162057455336281e-01
8.324769792210957586e-01
8.924936961035999650e-01
9.577842986092388600e-01
1.028907159493197998e+00
1.106467009179517902e+00
1.191121147246430700e+00
1.283585985902105486e+00
1.384643964946289607e+00
1.495150866795262212e+00
1.616043545285803518e+00
1.748348061621656013e+00
1.893188192938651593e+00
2.051794240849710960e+00
2.225512015454995662e+00
2.415811800047744651e+00
2.624297007106819901e+00
2.852712109378701122e+00
3.102949260955197186e+00
3.377052799599224109e+00
3.677220527302369923e+00
4.005800281639784188e+00
4.365279812428466855e+00
4.758267339209663938e+00
5.187459355128405392e+00
5.655591231714327094e+00
6.165364941940818966e+00
6.719346745819271050e+00
7.319825995473270730e+00
7.968624395855940179e+00
8.666843284781844403e+00
9.414535116627115841e+00
1.021028494210935023e+01
1.105068922563395617e+01
1.192972426754560544e+01
1.283800681958055989e+01
1.376196779967507666e+01
1.468298926896548551e+01
1.557659759013407630e+01
1.641186260831051769e+01
1.715121994649932091e+01
1.775099902026104104e+01
1.816297879688365668e+01
1.833726798230301469e+01
1.822666774284756741e+01
1.779238197182357339e+01
1.701049135854714578e+01
1.587808424266341412e+01
1.441752834233042968e+01
1.267733602709456875e+01
1.072863557082216346e+01
8.657394980781729643e+00
6.553892500010768174e+00
4.501887571875302640e+00
2.570014046565147758e+00
8.070391268497707493e-01
-7.587356764924029218e-01
-2.116849371506563493e+00
-3.270324289065793089e+00
-4.230990799588949081e+00
-5.015443535070806647e+00
-5.642047079074848703e+00
-6.129010415680365753e+00
-6.493336949525923885e+00
-6.750393161167666634e+00
-6.913860614206410737e+00
-6.995891098729948965e+00
-7.007342605023260340e+00
-6.958021480159147565e+00
-6.856890671086948608e+00
-6.712227041659219573e+00
-6.531725210581640795e+00
-6.322553790248242933e+00
-6.091374255544963034e+00
-5.844334270726680991e+00
-5.587047056006859691e+00
-5.324566928230794360e+00
-5.061368998904938188e+00
-4.801338562220419881e+00
-4.547773282573627895e+00
-4.303399141586552901e+00
-4.070399387758656395e+00
-3.850454520290862437e+00
-3.644790629405311400e+00
-3.454233149016782800e+00
-3.279263160048427217e+00
-3.120073707515926387e+00
-2.976624059784743537e+00
-2.848690358062051509e+00
-2.735911613441281531e+00
-2.637830464847503276e+00
-2.553928490634629789e+00
-2.483656161225345382e+00
-2.426457732633025444e+00
-2.381791520084413083e+00
-2.349146069606450116e+00
-2.328052776485317388e+00
-2.318095495332721967e+00
-2.318917657873091454e+00
-2.330227370296004796e+00
-2.351800908908612264e+00
-2.383484975857014909e+00
-2.425198019284980688e+00
-2.476930866607702786e+00
-2.538746866736051100e+00
-2.610781687459764022e+00
-2.693242867571625343e+00
-2.786409179039018191e+00
-2.890629811625275547e+00
-3.006323349595119154e+00
-3.133976466059365862e+00
-3.274142213493006270e+00
-3.427437737198338663e+00
-3.594541180027160276e+00
-3.776187479437198569e+00
-3.973162679765580574e+00
-4.186296291283984949e+00
-4.416451121138152303e+00
-4.664509878060474790e+00
-4.931357711985533854e+00
-5.217859692034120478e+00
-5.524832054742968346e+00
-5.853005875528459079e+00
-6.202981642250451344e+00
-6.575173060314616791e+00
-6.969738324919577899e+00
-7.386497103505471173e+00
-7.824831644998752722e+00
-8.283570860350893739e+00
-8.760857016204292691e+00
-9.253995992538145643e+00
-9.759294039650129093e+00
-1.027188679890038436e+01
-1.078557016656376710e+01
-1.129264743726729670e+01
-1.178381294673150492e+01
-1.224809873468506538e+01
-1.267291672570699035e+01
-1.304423316920218134e+01
-1.334691255225573059e+01
-1.356526234538694986e+01
-1.368379509635619407e+01
-1.368819859202539746e+01
-1.356646803607212526e+01
-1.331010976234898102e+01
-1.291528164230794218e+01
-1.238370301452350297e+01
-1.172316064731380436e+01
-1.094746839938301974e+01
-1.007580996251468797e+01
-9.131496467132798500e+00
-8.140280705461957922e+00
-7.128457009747263484e+00
-6.121013950734296216e+00
-5.140084393647011751e+00
-4.203862555476315599e+00
-3.326055383575983626e+00
-2.515836265843852448e+00
-1.778196987411126528e+00
-1.114559766391554518e+00
-5.235123484990678033e-01
-1.554150336101844943e-03
4.562232123991630806e-01
8.555629164568483436e-01
1.202591534438665288e+00
1.503484587210348611e+00
1.764233967490733246e+00
1.990498052761533021e+00
2.187515290487135555e+00
2.360064199098186766e+00
2.512455766109776611e+00
2.648547338625212078e+00
2.771769879455325380e+00
2.885162746402193168e+00
2.991411930186743895e+00
3.092889015448386569e+00
3.191689091296592728e+00
3.289666515465198948e+00
3.388467900977018665e+00
3.489562004105064119e+00
3.594266391458885490e+00
3.703770884799519436e+00
3.819157848104212327e+00
3.941419408955465720e+00
4.071471706959259862e+00
4.210166243452022172e+00
4.358298374591108804e+00
4.516612947725522353e+00
4.685807031347484219e+00
4.866529633998415427e+00
5.059378249148116957e+00
5.264892003393311093e+00
5.483541127021663186e+00
5.715712412736104753e+00
5.961690285250800692e+00
6.221633078634550174e+00
6.495544119303399810e+00
6.783237253194245753e+00
7.084296552304939709e+00
7.398030108935734539e+00
7.723418100132003694e+00
8.059055707884587250e+00
8.403092042005257056e+00
8.753166959702772587e+00
9.106348628341631724e+00
9.459075838530967673e+00
9.807110417279899295e+00
1.014550654422155240e+01
1.046860520361370206e+01
1.077006319650736899e+01
1.104292678557630580e+01
1.127975975702171318e+01
1.147283401023289073e+01
1.161438728814421850e+01
1.169694702590719970e+01
1.171371148985895339e+01
1.165896982641986313e+01
1.152853236700506123e+01
1.132013320899933717e+01
1.103376088046430503e+01
1.067187207224436563e+01
1.023944975518781142e+01
9.743881049837323616e+00
9.194650768255923978e+00
8.602870493633471227e+00
7.980685899819302875e+00
7.340621940716463456e+00
6.694932843031497605e+00
6.055020039342905669e+00
5.430967504534544688e+00
4.831223891374584412e+00
4.262438999115252258e+00
3.729442787052817287e+00
3.235341345678047986e+00
2.781697120389083455e+00
2.368759747550338801e+00
1.995717533705837043e+00
1.660945923519038026e+00
1.362236469011451234e+00
1.096996523649800270e+00
8.624153919753683173e-01
6.555967006023398769e-01
4.736593811487671557e-01
3.138111097580473796e-01
1.733986314092094971e-01
4.993939625650838099e-02
-5.886141484558746195e-02
-1.551049234067049531e-01
-2.407006747476648223e-01
-3.173744444148333677e-01
-3.866798385117060088e-01
-4.500122378692729130e-01
-5.086240023366171981e-01
-5.636401477124287629e-01
-6.160739421562889673e-01
-6.668420507568880717e-01
-7.167789955734160667e-01
-7.666508023166247465e-01
-8.171677811509842071e-01
-8.689964439294107779e-01
-9.227705984427070351e-01
-9.791016859094762159e-01
-1.038588444033649028e+00
-1.101825986891327602e+00
-1.169414396463400285e+00
-1.241966920103713345e+00
-1.320117864512700745e+00
-1.404530270408832049e+00
-1.495903443276090483e+00
-1.594980404240673000e+00
-1.702555310925758514e+00
-1.819480880369001685e+00
-1.946675823733399424e+00
-2.085132274159715138e+00
-2.235923152767346878e+00
-2.400209370978242163e+00
-2.579246706741607831e+00
-2.774392113689789774e+00
-2.987109120457728917e+00
-3.218971845709002189e+00
-3.471666984612660656e+00
-3.746992904596677221e+00
-4.046854710227784757e+00
-4.373253785212927625e+00
-4.728269878474127275e+00
-5.114033255229027297e+00
-5.532683768800525037e+00
-5.986312915563666515e+00
-6.476884016706429215e+00
-7.006124650807273646e+00
-7.575384402588973387e+00
-8.185450018317416365e+00
-8.836309383443964549e+00
-9.526855716614456071e+00
-1.025452454962885795e+01
-1.101485922475405665e+01
-1.180100686499911689e+01
-1.260315741192499139e+01
-1.340795488302767247e+01
-1.419793379363242636e+01
-1.495106516621732062e+01
-1.564053414844308421e+01
-1.623490976261689056e+01
-1.669889597543194526e+01
-1.699485456753625101e+01
-1.708524078678807356e+01
-1.693596867713122833e+01
-1.652051213278879871e+01
-1.582426763122676583e+01
-1.484841964571962691e+01
-1.361237332334127359e+01
-1.215388325804459058e+01
-1.052639527846406509e+01
-8.793785057724809562e+00
-7.023416725797350324e+00
-5.278955963716202682e+00
-3.614417241596462826e+00
-2.070478049176566415e+00
-6.733651927889001687e-01
5.640709759259101563e-01
1.639885349901532008e+00
2.560023145371758346e+00
3.335428107013205690e+00
3.979659378113566071e+00
4.507149097820645878e+00
4.932063959541199694e+00
5.267652134099168215e+00
5.525937831244245757e+00
5.717641004815731343e+00
5.852227874919816664e+00
5.938026614947310655e+00
5.982366276314191822e+00
5.991714494706009475e+00
5.971801383413970044e+00
5.927724546888792467e+00
5.864034605454484073e+00
5.784803030791236367e+00
5.693675194101425419e+00
5.593911833725481841e+00
5.488421992552966699e+00
5.379790075228147117e+00
5.270299169495547886e+00
5.161952252155332488e+00
5.056492411059929637e+00
4.955422790455527249e+00
4.860026621929254276e+00
4.771387440348299869e+00
4.690409398984918710e+00
4.617837481204951189e+00
4.554277345732191229e+00
4.500214525776809360e+00
4.456032716830405249e+00
4.422030922564160527e+00
4.398439273688645734e+00
4.385433383496365245e+00
4.383147150709512552e+00
4.391683961547159676e+00
4.411126276431929227e+00
4.441543611460298635e+00
4.482998940504923091e+00
4.535553551034165132e+00
4.599270386228186069e+00
4.674215898756028942e+00
4.760460428765146190e+00
4.858077101369694617e+00
4.967139218366778408e+00
5.087716096250861852e+00
5.219867279102648361e+00
5.363635032017246118e+00
5.519035000072005204e+00
5.686044901446069666e+00
5.864591113717826154e+00
6.054533012749136134e+00
6.255644937863456434e+00
6.467595690088765892e+00
6.689925527894613033e+00
6.922020713902123923e+00
7.163085794093483116e+00
7.412113966130354115e+00
7.667856123273168123e+00
7.928789451426186297e+00
8.193086812256039408e+00
8.458588562915457132e+00
8.722778931900915467e+00
8.982769568057191734e+00
9.235293366650626723e+00
9.476712093929060998e+00
9.703041598784267308e+00
9.909998414699355607e+00
1.009307119871370872e+01
1.024761960447854214e+01
1.036900173833514849e+01
1.045272924189293740e+01
1.049464630555166522e+01
1.049112568803607459e+01
1.043927138775572772e+01
1.033711442548894865e+01
1.018378581824889295e+01
9.979649858464732404e+00
9.726381789940154121e+00
9.426977196045594809e+00
9.085685827255153058e+00
8.707869693295826607e+00
8.299793107808554282e+00
7.868359799584111691e+00
7.420817957762761097e+00
6.964457171922713741e+00
6.506321165638572879e+00
6.052957118262463965e+00
5.610216907068573455e+00
5.183118843359647343e+00
4.775771595474688880e+00
4.391356009895133639e+00
4.032156142527064446e+00
3.699628273053812588e+00
3.394495906687852393e+00
3.116859424846542215e+00
2.866310663504832768e+00
2.642044807083702818e+00
2.442964196114919773e+00
2.267770682701861329e+00
2.115044870132806398e+00
1.983311880715700193e+00
1.871094217078938637e+00
1.776952865999262610e+00
1.699518107664026889e+00
1.637511606859009650e+00
1.589761338560015336e+00
1.555210790120352238e+00
1.532923724758510131e+00
1.522085614214692351e+00
1.522002670814333714e+00
1.532099242127449079e+00
1.551914181098978274e+00
1.581096673502897731e+00
1.619401893052668129e+00
1.666686761263963090e+00
1.722906012199226122e+00
1.788108699136773838e+00
1.862435228488930505e+00
1.946114963455642499e+00
2.039464403540291570e+00
2.142885913868127545e+00
2.256866948001628348e+00
2.381979677430122511e+00
2.518880907868547236e+00
2.668312124556936560e+00
2.831099463327864996e+00
3.008153348430881113e+00
3.200467468720872066e+00
3.409116677130991313e+00
3.635253290163747764e+00
3.880101129759622847e+00
4.144946484261824438e+00
4.431124963064483779e+00
4.740002976030217141e+00
5.072952280217220000e+00
5.431315701813999475e+00
5.816361764238475729e+00
6.229225546128450475e+00
6.670832680567300166e+00
7.141803034515257664e+00
7.642330349552961977e+00
8.172034097424079491e+00
8.729780177546867748e+00
9.313468099745199069e+00
9.919784276680152502e+00
1.054392440259969277e+01
1.117929308557611456e+01
1.181719639585583970e+01
1.244655312876711584e+01
1.305366333508382581e+01
1.362208732229470698e+01
1.413270300215456565e+01
1.456402064649438799e+01
1.489283636727557791e+01
1.509529179278306010e+01
1.514836983554272898e+01
1.503178977610668632e+01
1.473017029372994458e+01
1.423521908445474615e+01
1.354760910401450502e+01
1.267815268069829138e+01
1.164792467036990153e+01
1.048713502519968621e+01
9.232792712413660396e+00
7.925475843837814338e+00
6.605738406441744814e+00
5.310762881990089390e+00
4.071780208995007477e+00
2.912559945349978641e+00
1.849007943043131208e+00
8.896858816219027632e-01
3.694267194107248020e-02
-7.116703413511664689e-01
-1.361969732892470475e+00
-1.921872501404263023e+00
-2.400376368671561789e+00
-2.806804353830249621e+00
-3.150287901547088598e+00
-3.439443634999741040e+00
-3.682195243983069854e+00
-3.885697077558928125e+00
-4.056324542728789062e+00
-4.199705312053668926e+00
-4.320773096176285577e+00
-4.423831833864603880e+00
-4.512622624976462937e+00
-4.590388843511947314e+00
-4.659936937248897237e+00
-4.723691738649635319e+00
-4.783745913185176057e+00
-4.841903630737034447e+00
-4.899718786991662078e+00
-4.958528208824209749e+00
-5.019480305847578094e+00
-5.083559614795590598e+00
-5.151607645952278602e+00
-5.224340394383419905e+00
-5.302362830665312110e+00
-5.386180640136695175e+00
-5.476209438434697319e+00
-5.572781655142707180e+00
-5.676151247185181603e+00
-5.786496379383380351e+00
-5.903920191596622402e+00
-6.028449760518076239e+00
-6.160033360074464781e+00
-6.298536128315191718e+00
-6.443734261691927756e+00
-6.595307880907805398e+00
-6.752832747319287954e+00
-6.915771056424380170e+00
-7.083461596270334226e+00
-7.255109634204839786e+00
-7.429776985043601734e+00
-7.606372816030726014e+00
-7.783645855884943288e+00
-7.960178791556123734e+00
-8.134385749184419367e+00
-8.304513854149156771e+00
-8.468649934613846852e+00
-8.624733455903641044e+00
-8.770576728983099812e+00
-8.903893303482165678e+00
-9.022335213314828906e+00
-9.123539374308956340e+00
-9.205182930175517697e+00
-9.265046710562451437e+00
-9.301085225822424363e+00
-9.311500822156636659e+00
-9.294818825792962258e+00
-9.249959804477992265e+00
-9.176304571230105012e+00
-9.073747352898040575e+00
-8.942732733206780082e+00
-8.784272611039254386e+00
-8.599940492345307774e+00
-8.391841897567765329e+00
-8.162561390254957416e+00
-7.915088537458228934e+00
-7.652726789796243878e+00
-7.378990613134974730e+00
-7.097497047663596348e+00
-6.811858115070102748e+00
-6.525580127348549198e+00
-6.241975044156164110e+00
-5.964087721845468870e+00
-5.694641379771730350e+00
-5.436002069402843695e+00
-5.190161537274103232e+00
-4.958736746966800446e+00
-4.742983535678082951e+00
-4.543821441047056986e+00
-4.361866612981830649e+00
-4.197469863125976808e+00
-4.050757227237788527e+00
-3.921670848490872441e+00
-3.810008466824458484e+00
-3.715460269467078636e+00
-3.637642284935234116e+00
-3.576125866248627716e+00
-3.530463100061424164e+00
-3.500208197119916154e+00
-3.484935072011434265e+00
-3.484251415857407608e+00
-3.497809614890845964e+00
-3.525314880996679001e+00
-3.566530946477866060e+00
-3.621283642262135061e+00
-3.689462632610061910e+00
-3.771021524726726248e+00
-3.865976511770568447e+00
-3.974403644728195406e+00
-4.096434763737579310e+00
-4.232252053307812290e+00
-4.382081118701421474e+00
-4.546182412524498950e+00
-4.724840771356100255e+00
-4.918352752369267833e+00
-5.127011390245135303e+00
-5.351087927057863070e+00
-5.590810005333757715e+00
-5.846335762120070001e+00
-6.117723227048809775e+00
-6.404894420634707153e+00
-6.707593584960312327e+00
-7.025339076795350302e+00
-7.357368637806998457e+00
-7.702578058256531968e+00
-8.059453705030309223e+00
-8.426000030934595486e+00
-8.799664058207572026e+00
-9.177259965914306150e+00
-9.554898320457551719e+00
-9.927926148544685248e+00
-1.029088588482438560e+01
-1.063750307396430905e+01
-1.096071430573010552e+01
-1.125274782480405023e+01
-1.150526907517964581e+01
-1.170960151539856575e+01
-1.185702877977059622e+01
-1.193917721988464820e+01
-1.194846796765046015e+01
-1.187861546061315465e+01
-1.172513623339204791e+01
-1.148581996397162719e+01
-1.116110720536851986e+01
-1.075431798048714604e+01
-1.027168474808680187e+01
-9.722162667212762344e+00
-9.117017588722417187e+00
-8.469223196690357724e+00
-7.792726903337478639e+00
-7.101663128271983538e+00
-6.409598053657455274e+00
-5.728880819800580504e+00
-5.070155102565529148e+00
-4.442057529823999928e+00
-3.851101794565545688e+00
-3.301724954280209623e+00
-2.796458352105423817e+00
-2.336180379177517530e+00
-1.920410430841563709e+00
-1.547610353793713811e+00
-1.215468787958054575e+00
-9.211529492456906887e-01
-6.615202311434118521e-01
-4.332879231801984865e-01
-2.331633040397725065e-01
-5.793864123308875569e-02
9.544337603884273102e-02
2.298481196050948805e-01
3.479261697390946262e-01
4.521045434030707133e-01
5.445881783591872694e-01
6.273685920715523778e-01
7.022373058405901869e-01
7.708021994008241728e-01
8.345054350348192207e-01
8.946419698808699694e-01
9.523779723836390820e-01
1.008768687091749827e+00
1.064775464105534031e+00
1.121281796866293590e+00
1.179108304350150238e+00
1.239026659027796295e+00
1.301772506525878725e+00
1.368057451750326337e+00
1.438580203127789670e+00
1.514036974458185414e+00
1.595131244736231579e+00
1.682582971631534585e+00
1.777137345005913582e+00
1.879573153305306610e+00
1.990710817866360838e+00
2.111420127676577163e+00
2.242627679040928967e+00
2.385323989589677840e+00
2.540570212239281478e+00
2.709504319611949708e+00
2.893346559840130450e+00
3.093403896607019643e+00
3.311073034711877749e+00
3.547841491309267958e+00
3.805285994964573426e+00
4.085067271283167045e+00
4.388919995508263838e+00
4.718636348870004049e+00
5.076041196546594136e+00
5.462956402673802891e+00
5.881151208423776033e+00
6.332274928611888676e+00
6.817767492973204391e+00
7.338742619938205536e+00
7.895837756136486085e+00
8.489024501015293822e+00
9.117373311933222979e+00
9.778767224671851110e+00
1.046956165914226311e+01
1.118419182204289264e+01
1.191473664954998490e+01
1.265045962696755311e+01
1.337736303808747351e+01
1.407781357828092794e+01
1.473032296958663245e+01
1.530959425753957426e+01
1.578696659836292682e+01
1.613139816898386414e+01
1.631110400493936297e+01
1.629589729085396854e+01
1.606015770894126149e+01
1.558617219298655954e+01
1.486739079632877214e+01
1.391097385459259250e+01
1.273895918021094609e+01
1.138752426635000603e+01
9.904177642198716214e+00
8.343210925542599909e+00
6.760214695438663490e+00
5.206718771295179238e+00
3.725947593541603098e+00
2.350315041654154058e+00
1.100780483994181269e+00
-1.225251132499605156e-02
-9.870576346613438856e-01
-1.828316000888999593e+00
-2.544916221367066189e+00
-3.148099854035487422e+00
-3.650058255878331437e+00
-4.062969649498350933e+00
-4.398403697934160306e+00
-4.667001548771907871e+00
-4.878344907384787099e+00
-5.040944259854541976e+00
-5.162295099803922760e+00
-5.248967541616927690e+00
-5.306707522059044280e+00
-5.340536922606451853e+00
-5.354846029973149513e+00
-5.353475569919639021e+00
-5.339787791150068408e+00
-5.316727279826507946e+00
-5.286872737564928038e+00
-5.252481120210101828e+00
-5.215525483609094515e+00
-5.177727724814867649e+00
-5.140587208734668678e+00
-5.105406069369944788e+00
-5.073311791841105922e+00
-5.045277525610968539e+00
-5.022140453258857384e+00
-5.004618441489168568e+00
-4.993325128424834780e+00
-4.988783549408938534e+00
-4.991438368141507098e+00
-5.001666756919916246e+00
-5.019787955450097705e+00
-5.046071529185311988e+00
-5.080744343092843174e+00
-5.123996263404759333e+00
-5.175984597067744275e+00
-5.236837275519557799e+00
-5.306654785724805201e+00
-5.385510847063819995e+00
-5.473451827923181412e+00
-5.570494891160046258e+00
-5.676624853696708328e+00
-5.791789743245787214e+00
-5.915895035678881975e+00
-6.048796561158632734e+00
-6.190292077409095484e+00
-6.340111526185307156e+00
-6.497906016121078210e+00
-6.663235613864017637e+00
-6.835556078025691207e+00
-7.014204739215671225e+00
-7.198385816258999981e+00
-7.387155564996956691e+00
-7.579407782188419596e+00
-7.773860331700910287e+00
-7.969043519824208666e+00
-8.163291314438279045e+00
-8.354736568214438108e+00
-8.541311553550121616e+00
-8.720755225774977859e+00
-8.890628675276976978e+00
-9.048340178093800645e+00
-9.191181075294595715e+00
-9.316373372368380146e+00
-9.421129425439213279e+00
-9.502723359252563284e+00
-9.558572951409654905e+00
-9.586329655997580801e+00
-9.583973300020506514e+00
-9.549906876745989592e+00
-9.483045921659847721e+00
-9.382896347903173506e+00
-9.249614493880295996e+00
-9.084043618642310136e+00
-8.887722229435238930e+00
-8.662861409135764745e+00
-8.412290594126831778e+00
-8.139373802546415959e+00
-7.847900826157457210e+00
-7.541960051680116628e+00
-7.225801080569021373e+00
-6.903695972032060979e+00
-6.579807673594290307e+00
-6.258073097839927712e+00
-5.942106546053377514e+00
-5.635127041722482133e+00
-5.339910916403962204e+00
-5.058768955990519345e+00
-4.793545767388628143e+00
-4.545637876198003191e+00
-4.316026439444281770e+00
-4.105320306155471499e+00
-3.913805387751474019e+00
-3.741496793788883668e+00
-3.588190831363511801e+00
-3.453514659262403086e+00
-3.336972055551447269e+00
-3.237984350102501629e+00
-3.155926065117220514e+00
-3.090155188776715356e+00
-3.040038284309748651e+00
-3.004970821326377717e+00
-2.984393224150230672e+00
-2.977803179748897744e+00
-2.984764751192749088e+00
-3.004914814679580548e+00
-3.037967289797541603e+00
-3.083715572070174549e+00
-3.142033509845764794e+00
-3.212875198221465389e+00
-3.296273793318309941e+00
-3.392339482006727192e+00
-3.501256675359236681e+00
-3.623280428239137319e+00
-3.758732021612090080e+00
-3.907993577179378342e+00
-4.071501504407796013e+00
-4.249738506586412612e+00
-4.443223793931109000e+00
-4.652501067077192687e+00
-4.878123743240637467e+00
-5.120636800539561051e+00
-5.380554515551509986e+00
-5.658333269363895468e+00
-5.954338505392692049e+00
-6.268804849496949494e+00
-6.601788366384820250e+00
-6.953109950226384228e+00
-7.322288965066336530e+00
-7.708466506163031084e+00
-8.110318102820000874e+00
-8.525956394455036502e+00
-8.952825361474870292e+00
-9.387589159984507603e+00
-9.826020562030096883e+00
-1.026289647445989139e+01
-1.069191096491011450e+01
-1.110561951348103449e+01
-1.149543151282307463e+01
-1.185167080851350185e+01
-1.216372548838480228e+01
-1.242030711703371360e+01
-1.260983493346213891e+01
-1.272095102453145365e+01
-1.274315746696905016e+01
-1.266754621831249317e+01
-1.248756902504313082e+01
-1.219977162341946553e+01
-1.180439961873470089e+01
-1.130577902262504608e+01
-1.071238784988474180e+01
-1.003656840573930609e+01
-9.293879592146616631e+00
-8.502145602512433342e+00
-7.680308659344803779e+00
-6.847225815664019777e+00
-6.020554684675658130e+00
-5.215849507151095743e+00
-4.445944541406760209e+00
-3.720648906556959457e+00
-3.046728837066827289e+00
-2.428119293506510790e+00
-1.866290763674210318e+00
-1.360697261444380413e+00
-9.092430438051994912e-01
-5.087225758527638142e-01
-1.552058597160224651e-01
1.556437446143853487e-01
4.283210192664408389e-01
6.672944830783742454e-01
8.768771686400647081e-01
1.061142408901216916e+00
1.223874737327794948e+00
1.368547113400027104e+00
1.498317130578922907e+00
1.616036340898200141e+00
1.724268174203382964e+00
1.825311070175038131e+00
1.921224363662862311e+00
2.013855184479279803e+00
2.104865180483719733e+00
2.195756279332788274e+00
2.287894999351163694e+00
2.382535028978847613e+00
2.480837937751200428e+00
2.583891975839850641e+00
2.692728976018906817e+00
2.808339400540011077e+00
2.931685582289772274e+00
3.063713199265494680e+00
3.205360996787878669e+00
3.357568734702638835e+00
3.521283287877439161e+00
3.697462767590885768e+00
3.887078458368569578e+00
4.091114278463914289e+00
4.310563371300178304e+00
4.546421318596634009e+00
4.799675332774197223e+00
5.071288636611757106e+00
5.362179073617656222e+00
5.673190817396736918e+00
6.005057870647846130e+00
6.358357878471724511e+00
6.733454649025445882e+00
7.130427711509553568e+00
7.548987296764789079e+00
7.988373368746579217e+00
8.447237858667623556e+00
8.923510176277767769e+00
9.414247537654173215e+00
9.915473815110985356e+00
1.042201363726624130e+01
1.092733245817060528e+01
1.142339828020515391e+01
1.190058646413896604e+01
1.234765507959935249e+01
1.275182357441202718e+01
1.309899064192748952e+01
1.337412593221492862e+01
1.356186217933447047e+01
1.364729699695645593e+01
1.361698561705803812e+01
1.346006803356766213e+01
1.316943070896312307e+01
1.274276280132820105e+01
1.218334195312171353e+01
1.150038807339146274e+01
1.070886434033153911e+01
9.828682605949547124e+00
8.883372475985021666e+00
7.898375116298144150e+00
6.899195616268343656e+00
5.909669410716236193e+00
4.950562660688775374e+00
4.038646199900757239e+00
3.186283460914750787e+00
2.401482856102973962e+00
1.688304529913931651e+00
1.047487182270271378e+00
4.771678125764994283e-01
-2.640588363154827700e-02
-4.682365867472559340e-01
-8.540460256756876589e-01
-1.189860628086953920e+00
-1.481707340053217914e+00
-1.735404179579681738e+00
-1.956427018515993765e+00
-2.149834509370717850e+00
-2.320235319230753213e+00
-2.471784755085240093e+00
-2.608200780316201950e+00
-2.732791989472959759e+00
-2.848492205057348237e+00
-2.957897986042511196e+00
-3.063306551288860646e+00
-3.166752499073169247e+00
-3.270042322387261891e+00
-3.374786143847171793e+00
-3.482426376334729845e+00
-3.594263195840079028e+00
-3.711476820886133066e+00
-3.835146649632191984e+00
-3.966267326274150129e+00
-4.105761803125682619e+00
-4.254491440979979444e+00
-4.413263152978678328e+00
-4.582833549740138679e+00
-4.763909988521868755e+00
-4.957148368903495417e+00
-5.163147454087753552e+00
-5.382439433070969059e+00
-5.615476378146844638e+00
-5.862612199354891196e+00
-6.124079659365884609e+00
-6.399961998260587315e+00
-6.690158740286562988e+00
-6.994345330459653454e+00
-7.311926398761446677e+00
-7.641982699325176043e+00
-7.983212151382715227e+00
-8.333865950744513640e+00
-8.691681457888877915e+00
-9.053814528347752244e+00
-9.416775145600505326e+00
-9.776371631718710375e+00
-1.012767028835438410e+01
-1.046497893823336689e+01
-1.078186428821191178e+01
-1.107121401116465798e+01
-1.132535453336978826e+01
-1.153623422298902312e+01
-1.169567849076655008e+01
-1.179571781751495152e+01
-1.182898175640852045e+01
-1.178914182538292543e+01
-1.167137485882920345e+01
-1.147280752341875143e+01
-1.119289465893018054e+01
-1.083368149158682314e+01
-1.039990481361996721e+01
-9.898901960506178099e+00
-9.340317961243137290e+00
-8.735627496431781935e+00
-8.097514393352268414e+00
-7.439171798266177582e+00
-6.773596320346736199e+00
-6.112947151291551862e+00
-5.468027333671725998e+00
-4.847922634256055296e+00
-4.259809041642253824e+00
-3.708917818178993464e+00
-3.198630921464806320e+00
-2.730671012442861034e+00
-2.305348763858050098e+00
-1.921834038502598263e+00
-1.578424480924754292e+00
-1.272793084464560298e+00
-1.002203832278887541e+00
-7.636906919945096739e-01
-5.541997547720531880e-01
-3.706972219290693982e-01
-2.102475334468088819e-01
-7.006654846273269177e-02
5.244534436890113671e-02
1.596857218622803332e-01
2.538443600844522696e-01
3.369059932580688588e-01
4.106590128716618437e-01
4.767080852878048391e-01
5.364891469148731495e-01
5.912856324297052213e-01
6.422451098111691126e-01
6.903957459849704437e-01
7.366622196477767837e-01
7.818808438646268621e-01
8.268137697103714601e-01
8.721622215548336943e-01
9.185787711799476840e-01
9.666786971004619478e-01
1.017050501470093904e+00
1.070265673098103942e+00
1.126887793919023384e+00
1.187481089668589673e+00
1.252618524930465771e+00
1.322889539120949420e+00
1.398907514011902498e+00
1.481317055392027182e+00
1.570801161496327314e+00
1.668088338694381889e+00
1.773959710154250358e+00
1.889256145035180579e+00
2.014885413122656121e+00
2.151829341224927639e+00
2.301150911145029898e+00
2.464001192082784897e+00
2.641625939637813225e+00
2.835371615013098090e+00
3.046690476303946404e+00
3.277144262333450797e+00
3.528405820260845704e+00
3.802257811305080448e+00
4.100587352702383726e+00
4.425375104982709473e+00
4.778676876980522792e+00
5.162595281562012417e+00
5.579238319514597144e+00
6.030660989614834655e+00
6.518785123652258484e+00
7.045291652241220781e+00
7.611478484297108160e+00
8.218076254303552375e+00
8.865013573841778793e+00
9.551123469262282839e+00
1.027378393407794910e+01
1.102848874997053841e+01
1.180835098741811429e+01
1.260355219988261588e+01
1.340076671975667644e+01
1.418261388762935127e+01
1.492722185637270194e+01
1.560802316389771072e+01
1.619393933346243131e+01
1.665013874442357888e+01
1.693955179708006398e+01
1.702527734637002510e+01
1.687389180677996947e+01
1.645946620825021967e+01
1.576782472468858565e+01
1.480030390613175761e+01
1.357610469596525959e+01
1.213239585037114843e+01
1.052170596381309764e+01
8.806786797352117446e+00
7.053843887853303407e+00
5.325523253218380937e+00
3.675087650867163269e+00
2.142787254665500463e+00
7.547290529329084841e-01
-4.761174458531047815e-01
-1.547538402796352797e+00
-2.465144522310851904e+00
-3.239542207588161915e+00
-3.883988584741064010e+00
-4.412665924521320449e+00
-4.839545167633408695e+00
-5.177726351608885835e+00
-5.439123099553464513e+00
-5.634371800231319227e+00
-5.772872830211504436e+00
-5.862898859238836913e+00
-5.911728424001137405e+00
-5.925780128284173998e+00
-5.910734564299702676e+00
-5.871638547271428976e+00
-5.812990729656192457e+00
-5.738810106918480258e+00
-5.652690073311177343e+00
-5.557841036605220886e+00
-5.457124488664894635e+00
-5.353081070121755936e+00
-5.247954699736342654e+00
-5.143714348520247448e+00
-5.042074577620158315e+00
-4.944515556929118816e+00
-4.852302952446361672e+00
-4.766507817912945200e+00
-4.688026446337645758e+00
-4.617600021254867571e+00
-4.555833844993770754e+00
-4.503215900085857371e+00
-4.460134508726779856e+00
-4.426894883609341136e+00
-4.403734402744430732e+00
-4.390836484175073551e+00
-4.388342978637008507e+00
-4.396365035712784142e+00
-4.414992429716161126e+00
-4.444301354365634893e+00
-4.484360710006755291e+00
-4.535236914034922684e+00
-4.596997264930275939e+00
-4.669711883831936916e+00
-4.753454245843658832e+00
-4.848300297314117380e+00
-4.954326136231081534e+00
-5.071604211699734854e+00
-5.200197976402997746e+00
-5.340154904263308744e+00
-5.491497765760669836e+00
-5.654214037358198830e+00
-5.828243311539427651e+00
-6.013462572944939133e+00
-6.209669217592401758e+00
-6.416561720581127837e+00
-6.633717908329793467e+00
-6.860570870489280715e+00
-7.096382661211842802e+00
-7.340216096913542820e+00
-7.590905165386282683e+00
-7.847024825344830923e+00
-8.106861299907725638e+00
-8.368384351151464173e+00
-8.629223457458531144e+00
-8.886650282005398083e+00
-9.137570286272836739e+00
-9.378526756063035208e+00
-9.605720798170448660e+00
-9.815050942270733714e+00
-1.000217573701269025e+01
-1.016260204724741101e+01
-1.029180053683402996e+01
-1.038534799041831036e+01
-1.043909368790388115e+01
-1.044934409947694753e+01
-1.041305695070275128e+01
-1.032803259266332141e+01
-1.019308810121747833e+01
-1.000819818620896839e+01
-9.774587342220302233e+00
-9.494760074445084186e+00
-9.172460541415075497e+00
-8.812559230268771415e+00
-8.420871572906404978e+00
-8.003920665762001008e+00
-7.568662304267788521e+00
-7.122194364355963536e+00
-6.671473526669133847e+00
-6.223060356722548647e+00
-5.782909293328618361e+00
-5.356214048614552858e+00
-4.947312369716213354e+00
-4.559648079109875241e+00
-4.195783561209399437e+00
-3.857452796837619324e+00
-3.545643702002858610e+00
-3.260698660666938142e+00
-3.002423350588865780e+00
-2.770195802421765219e+00
-2.563069707060171787e+00
-2.379867992860708270e+00
-2.219264440910321934e+00
-2.079852500250623848e+00
-1.960201488600201492e+00
-1.858901049194962685e+00
-1.774595137864308114e+00
-1.706007001350525298e+00
-1.651956639980489028e+00
-1.611372177892629542e+00
-1.583296433733785147e+00
-1.566889824772041306e+00
-1.561430568951744258e+00
-1.566312986200872892e+00
-1.581044550258688730e+00
-1.605242209352055749e+00
-1.638628379417798264e+00
-1.681026916720418818e+00
-1.732359296101230850e+00
-1.792641154626843258e+00
-1.861979305759437375e+00
-1.940569283975783099e+00
-2.028693441687787757e+00
-2.126719587112591014e+00
-2.235100121220765068e+00
-2.354371601903708200e+00
-2.485154631866790087e+00
-2.628153931198494497e+00
-2.784158413638223806e+00
-2.954041034557961964e+00
-3.138758115533157422e+00
-3.339347771632190653e+00
-3.556926969248591419e+00
-3.792686619985491614e+00
-4.047883964884202435e+00
-4.323831318007778535e+00
-4.621880013992269554e+00
-4.943398136398771570e+00
-5.289740290214195007e+00
-5.662207324112885409e+00
-6.061993514160948671e+00
-6.490118309352736148e+00
-6.947339346285589023e+00
-7.434043125899739479e+00
-7.950109605668089330e+00
-8.494747140830392951e+00
-9.066294916522247505e+00
-9.661991534025387907e+00
-1.027771111743970067e+01
-1.090767263412650223e+01
-1.154413454710457820e+01
-1.217709584826957681e+01
-1.279403611980051103e+01
-1.337974116353949583e+01
-1.391627560871352820e+01
-1.438317702069403481e+01
-1.475795281983474005e+01
-1.501695532410961142e+01
-1.513668384903392372e+01
-1.509550932458156680e+01
-1.487573412878677104e+01
-1.446579485084205174e+01
-1.386230887103301512e+01
-1.307159090991116202e+01
-1.211026331759176600e+01
-1.100468459352688200e+01
-9.789125562524530366e+00
-8.502889739094984023e+00
-7.186824131760872980e+00
-5.879811249579552701e+00
-4.615817510102242061e+00
-3.421904876827365882e+00
-2.317357940039656228e+00
-1.313829558318273527e+00
-4.162381410866184961e-01
3.759127691975847618e-01
1.067092348772877397e+00
1.664395356876337217e+00
2.176413195800387612e+00
2.612366798290042702e+00
2.981491337471894987e+00
3.292634354160530741e+00
3.554019363188922753e+00
3.773128936466017436e+00
3.956668659138807165e+00
4.110582273855018620e+00
4.240096630992750804e+00
4.349781863329737597e+00
4.443617339744045935e+00
4.525057609267207681e+00
4.597095028693235719e+00
4.662317380295038838e+00
4.722959789865144309e+00
4.780950848373327844e+00
4.837953167063639093e+00
4.895398755455868667e+00
4.954519670981350821e+00
5.016374390862661237e+00
5.081870328280168714e+00
5.151782872181700945e+00
5.226771282802103791e+00
5.307391728352496507e+00
5.394107705169751021e+00
5.487298045208541808e+00
5.587262681697467315e+00
5.694226316345378791e+00
5.808340109903600279e+00
5.929681502496070955e+00
6.058252261440054909e+00
6.193974853036195327e+00
6.336687241978963492e+00
6.486136238804080634e+00
6.641969543477526550e+00
6.803726673231386357e+00
6.970829016375938103e+00
7.142569322096940176e+00
7.318101019661956919e+00
7.496427858582205950e+00
7.676394472330152041e+00
7.856678588553455356e+00
8.035785732273627247e+00
8.212047386239413882e+00
8.383623671894476104e+00
8.548511679115838646e+00
8.704560583303051047e+00
8.849494622209428840e+00
8.980944838783003092e+00
9.096490208620046758e+00
9.193708345340640520e+00
9.270235408467877747e+00
9.323834135996280637e+00
9.352468118118650864e+00
9.354379574012225973e+00
9.328167069362770292e+00
9.272858918564846675e+00
9.187977564098627425e+00
9.073590125103427440e+00
8.930340643964068903e+00
8.759460377206393034e+00
8.562753758037585428e+00
8.342559315115533281e+00
8.101686710540361602e+00
7.843332953688255671e+00
7.570982529230088076e+00
7.288297436692646514e+00
6.999003818077543571e+00
6.706781874275545619e+00
6.415165159864907096e+00
6.127454207290102595e+00
5.846647938504041520e+00
5.575394679340577753e+00
5.315962998655908045e+00
5.070231214697741962e+00
4.839693354603077147e+00
4.625478667992902082e+00
4.428381475764597397e+00
4.248898132176662124e+00
4.087268119216910023e+00
3.943516695565806973e+00
3.817497011095387638e+00
3.708930107371991358e+00
3.617441707243220783e+00
3.542595121381856949e+00
3.483919950590687709e+00
3.440936535319988110e+00
3.413176301887148600e+00
3.400198286881766396e+00
3.401602198071838057e+00
3.417038403131962276e+00
3.446215237273749565e+00
3.488903996529757023e+00
3.544941942484056696e+00
3.614233592401716155e+00
3.696750510164313663e+00
3.792529751001806559e+00
3.901671048461222480e+00
4.024332766264394401e+00
4.160726570967115734e+00
4.311110713539913597e+00
4.475781738868803039e+00
4.655064371483216945e+00
4.849299253588949199e+00
5.058828138291050713e+00
5.283976068186412967e+00
5.525030000033386735e+00
5.782213274528853475e+00
6.055655283368588826e+00
6.345355664001255391e+00
6.651142370201933218e+00
6.972623043240544938e+00
7.309129269375477911e+00
7.659653586503652356e+00
8.022779534220104480e+00
8.396605670402047750e+00
8.778665348349679931e+00
9.165845201057210900e+00
9.554306737039558683e+00
9.939417206853091713e+00
1.031569788815150979e+01
1.067680001490136910e+01
1.101552048649361026e+01
1.132387084133162958e+01
1.159321322853169889e+01
1.181447560355510795e+01
1.197845441495512198e+01
1.207620606434506882e+01
1.209951818569061111e+01
1.204143871451927339e+01
1.189682611611713980e+01
1.166287035781238224e+01
1.133952446024714256e+01
1.092978427457190804e+01
1.043976238335651097e+01
9.878521767307926638e+00
9.257664383249373685e+00
8.590704280777469393e+00
7.892287335272709647e+00
7.177342697379035741e+00
6.460259175052519787e+00
5.754171262389988328e+00
5.070417040753624427e+00
4.418199701325718820e+00
3.804453258661806725e+00
3.233887437693737876e+00
2.709170457189473247e+00
2.231202250135048359e+00
1.799432915301595770e+00
1.412188978731985234e+00
1.066980301823264865e+00
7.607707508007117703e-01
4.902044991065652724e-01
2.517863960065678253e-01
4.201916614655579196e-02
-1.424973621344332309e-01
-3.049987923353462138e-01
-4.485141951790501680e-01
-5.758438853131413460e-01
-6.895519602548164650e-01
-7.919694845185792920e-01
-8.852050320926179161e-01
-9.711600398061208672e-01
-1.051547049667488354e+00
-1.127909428407387171e+00
-1.201641556987456783e+00
-1.274008796320631243e+00
-1.346166773505864889e+00
-1.419179710137095984e+00
-1.494037643446259445e+00
-1.571672482779437052e+00
-1.652972906708422673e+00
-1.738798146624415564e+00
-1.829990726045211291e+00
-1.927388234871572958e+00
-2.031834217135547682e+00
-2.144188241159165287e+00
-2.265335203468851422e+00
-2.396193892580901430e+00
-2.537724805542977968e+00
-2.690937167929654983e+00
-2.856895055273402040e+00
-3.036722448449684197e+00
-3.231606974426487255e+00
-3.442801983408835031e+00
-3.671626489378029934e+00
-3.919462348224111103e+00
-4.187747860340389039e+00
-4.477966756547645311e+00
-4.791631251522319168e+00
-5.130257522530784264e+00
-5.495331590793854026e+00
-5.888263150794041501e+00
-6.310324420607934748e+00
-6.762570599500845603e+00
-7.245738065369430103e+00
-7.760116105017937471e+00
-8.305387872719375508e+00
-8.880436609296673112e+00
-9.483114199979372216e+00
-1.010997127777764248e+01
-1.075595176615178516e+01
-1.141406055807370912e+01
-1.207502151753701547e+01
-1.272695459426510567e+01
-1.335511558458305714e+01
-1.394175914817333961e+01
-1.446620291766592992e+01
-1.490518374895201070e+01
-1.523359980626404564e+01
-1.542571558704331380e+01
-1.545686193161289346e+01
-1.530558318114718830e+01
-1.495607085788035562e+01
-1.440059372131927340e+01
-1.364152161249361228e+01
-1.269249258915376366e+01
-1.157833557322966200e+01
-1.033355454580833666e+01
-8.999477080934370932e+00
-7.620488011747951873e+00
-6.239998341120623238e+00
-4.896851518578546170e+00
-3.622723436473852754e+00
-2.440789398828974388e+00
-1.365620386960297195e+00
-4.040351072231261886e-01
4.434737314999288582e-01
1.181107306780781130e+00
1.816201479273164221e+00
2.357905176704973904e+00
2.816160503783796898e+00
3.200979007407482424e+00
3.521970665246789256e+00
3.788068731529836253e+00
4.007395188129429187e+00
4.187220399718467156e+00
4.333981488209892596e+00
4.453334124557544627e+00
4.550220732428146064e+00
4.628944304896877249e+00
4.693241397562158745e+00
4.746350773623900565e+00
4.791076029604801612e+00
4.829841650784021390e+00
4.864742580799674698e+00
4.897587717126377527e+00
4.929937883859637715e+00
4.963138864620391999e+00
4.998350051594278476e+00
5.036569212345900937e+00
5.078653811940180063e+00
5.125339263831343750e+00
5.177254423784551030e+00
5.234934588731963601e+00
5.298832217310900816e+00
5.369325550490663623e+00
5.446725278484563226e+00
5.531279373376601249e+00
5.623176185029424623e+00
5.722545880570050869e+00
5.829460295023290328e+00
5.943931252702565615e+00
6.065907416265290841e+00
6.195269723641300352e+00
6.331825483326624315e+00
6.475301216975990037e+00
6.625334366141742315e+00
6.781464018767199065e+00
6.943120861955090817e+00
7.109616631660921726e+00
7.280133407890008179e+00
7.453713195494199972e+00
7.629248334373356144e+00
7.805473395742222209e+00
7.980959337919502516e+00
8.154110807950505802e+00
8.323167573289635968e+00
8.486211136381081488e+00
8.641177606654022014e+00
8.785877858924068917e+00
8.918025872923896813e+00
9.035275905130136564e+00
9.135268774932036706e+00
9.215687044668261052e+00
9.274318242527366252e+00
9.309124542074000530e+00
9.318316517104117125e+00
9.300427803404124560e+00
9.254386808051204838e+00
9.179581113768778167e+00
9.075910033248961284e+00
8.943820963432365545e+00
8.784325825366611440e+00
8.598994952795040447e+00
8.389927250566437067e+00
8.159697156758884518e+00
7.911280731905279140e+00
7.647964857933631677e+00
7.373244855258755948e+00
7.090716654464026547e+00
6.803969892776436268e+00
6.516487933341940320e+00
6.231559900209736824e+00
5.952208525517367121e+00
5.681136099533491191e+00
5.420689288108983206e+00
5.172842201755875280e+00
4.939195987283087952e+00
4.720992433097636720e+00
4.519138645834514634e+00
4.334239738214923143e+00
4.166636606250454733e+00
4.016446194749583753e+00
3.883602079683106556e+00
3.767893669331098039e+00
3.669002792335925633e+00
3.586536864542552827e+00
3.520058187148530138e+00
3.469109217585993221e+00
3.433233871974960660e+00
3.411995069975225725e+00
3.404988828647086851e+00
3.411855261900094138e+00
3.432286856446439494e+00
3.466034383020764054e+00
3.512910770660679916e+00
3.572793228160533907e+00
3.645623844997437857e+00
3.731408847320721645e+00
3.830216625103820327e+00
3.942174585493599448e+00
4.067464825292584685e+00
4.206318552442313674e+00
4.359009122135534930e+00
4.525843487483842686e+00
4.707151797336786458e+00
4.903274805063976061e+00
5.114548682662503509e+00
5.341286766175765699e+00
5.583757694212550859e+00
5.842159346337710168e+00
6.116587949807247071e+00
6.407001712381460656e+00
6.713178370763331237e+00
7.034666138592583273e+00
7.370727720663968974e+00
7.720277363053134501e+00
8.081811369777486931e+00
8.453333177105356810e+00
8.832274978282850242e+00
9.215419068784726164e+00
9.598823551162558587e+00
9.977758779826109148e+00
1.034666286271160018e+01
1.069912650742490179e+01
1.102791923081752401e+01
1.132507003714677118e+01
1.158201557113729940e+01
1.178982682999665954e+01
1.193952112730677939e+01
1.202245865178103656e+01
1.203081255302901376e+01
1.195808857031118144e+01
1.179965624374613498e+01
1.155324111907305173e+01
1.121931922958907712e+01
1.080135480283670546e+01
1.030583206209241176e+01
9.742052725516249012e+00
9.121700172263651041e+00
8.458204268621312139e+00
7.765970706097040654e+00
7.059558578600722889e+00
6.352895144271520245e+00
5.658606324150778022e+00
4.987518550842438891e+00
4.348358068536236409e+00
3.747644551244735389e+00
3.189752605548513031e+00
2.677100494640799244e+00
2.210420629924283009e+00
1.789069273545827343e+00
1.411340681116426410e+00
1.074760750758835037e+00
7.763449114618882207e-01
5.128131202919774534e-01
2.807608791430887263e-01
7.678913467714690300e-02
-1.024018804734782295e-01
-2.599489222512809672e-01
-3.987861694927440359e-01
-5.216243603760185588e-01
-6.309439185818509488e-01
-7.289981736278782209e-01
-8.178235639650603961e-01
-8.992544090330498729e-01
-9.749404268064129075e-01
-1.046365655300625308e+00
-1.114867819273044125e+00
-1.181657480606009392e+00
-1.247836537197807960e+00
-1.314415804307544677e+00
-1.382331536159162821e+00
-1.452460834183934235e+00
-1.525635949631079846e+00
-1.602657528756233463e+00
-1.684306873302407803e+00
-1.771357301197286294e+00
-1.864584694978294710e+00
-1.964777320263920934e+00
-2.072744984754446573e+00
-2.189327590296726189e+00
-2.315403106464628546e+00
-2.451894963346216372e+00
-2.599778822727306871e+00
-2.760088639012610034e+00
-2.933921861838738820e+00
-3.122443558573734457e+00
-3.326889143223530354e+00
-3.548565284369405770e+00
-3.788848423538212717e+00
-4.049180160992273514e+00
-4.331058551840762050e+00
-4.636024094888067104e+00
-4.965638883454426278e+00
-5.321457016891626424e+00
-5.704983942697189114e+00
-6.117621917866236103e+00
-6.560598261930593367e+00
-7.034872559258131375e+00
-7.541018519531917264e+00
-8.079075929886721852e+00
-8.648368196042241607e+00
-9.247281617965370515e+00
-9.873004121912332565e+00
-1.052122413119557898e+01
-1.118579516607202073e+01
-1.185837924583198699e+01
-1.252809280143758031e+01
-1.318119290219465434e+01
-1.380085882082462057e+01
-1.436714279353152257e+01
-1.485718091965627607e+01
-1.524576468841873478e+01
-1.550636721200308088e+01
-1.561268578422742515e+01
-1.554069480186229413e+01
-1.527109732586364643e+01
-1.479192920460760163e+01
-1.410093464139717767e+01
-1.320724264251762925e+01
-1.213188377787590788e+01
-1.090683444197149399e+01
-9.572555925836157442e+00
-8.174342468922880300e+00
-6.758093240060579099e+00
-5.366264025855592479e+00
-4.034678199523556330e+00
-2.790615891750432009e+00
-1.652260924424399091e+00
-6.292898433506590727e-01
2.757818285102249245e-01
1.065908974997371139e+00
1.747819556475694203e+00
2.330527780864162679e+00
2.824158002220307662e+00
3.239092511639844574e+00
3.585405250883058947e+00
3.872522084848833313e+00
4.109046344755986624e+00
4.302696531313282335e+00
4.460314783324032639e+00
4.587916225595438213e+00
4.690758934470836472e+00
4.773421570340492082e+00
4.839880914539506307e+00
4.893585033318021971e+00
4.937520018804958610e+00
4.974269607380310099e+00
5.006067743326370056e+00
5.034844551490906817e+00
5.062266351942982467e+00
5.089770387784570360e+00
5.118594905134288275e+00
5.149805158997686760e+00
5.184315842025515764e+00
5.222910356981966373e+00
5.266257284023259544e+00
5.314924332997778222e+00
5.369390019324876029e+00
5.430053259003131849e+00
5.497241042956501289e+00
5.571214322213275061e+00
5.652172212431142206e+00
5.740254608367891365e+00
5.835543285659475998e+00
5.938061558592558242e+00
6.047772558603560000e+00
6.164576199405130907e+00
6.288304901557906668e+00
6.418718162776431591e+00
6.555496081220288929e+00
6.698231968473725928e+00
6.846424227824019937e+00
6.999467722610130949e+00
7.156644919289094631e+00
7.317117160354384531e+00
7.479916502391861677e+00
7.643938642257084304e+00
7.807937545947947200e+00
7.970522484664561702e+00
8.130158262990654805e+00
8.285169484842590748e+00
8.433749731112669679e+00
8.573976503984056308e+00
8.703832710645485804e+00
8.821235297674435927e+00
8.924071393054077816e+00
9.010241957075200148e+00
9.077712486052186946e+00
9.124569765476403305e+00
9.149083058397271984e+00
9.149767483515153899e+00
9.125446744946186683e+00
9.075311893922547668e+00
8.998972509709670220e+00
8.896496656114019075e+00
8.768436257155089564e+00
8.615835166240691123e+00
8.440218161447718970e+00
8.243560322064764634e+00
8.028237620283835696e+00
7.796960955017406825e+00
7.552697105985313186e+00
7.298581048880304678e+00
7.037824633955083620e+00
6.773626731165222736e+00
6.509089587949159039e+00
6.247145394047738165e+00
5.990496011871620397e+00
5.741567647690987819e+00
5.502481048282129805e+00
5.275036731558615521e+00
5.060713887225554153e+00
4.860680964029086226e+00
4.675815604412315807e+00
4.506731474176117302e+00
4.353809621247534345e+00
4.217232230200633758e+00
4.097016962693062148e+00
3.993050438977520322e+00
3.905119782279909746e+00
3.832941487454696095e+00
3.776187170074976063e+00
3.734505993323912421e+00
3.707543756101590038e+00
3.694958759857050801e+00
3.696434659885518226e+00
3.711690556600862667e+00
3.740488601203647789e+00
3.782639385282990929e+00
3.838005361342866184e+00
3.906502506048469936e+00
3.988100394049464814e+00
4.082820800439480813e+00
4.190734896274705967e+00
4.311959045432653959e+00
4.446649153284790046e+00
4.594993458724327517e+00
4.757203601476899024e+00
4.933503736887967506e+00
5.124117411442643544e+00
5.329251855675618543e+00
5.549079299367465801e+00
5.783714870831454746e+00
6.033190613294645566e+00
6.297425144798888041e+00
6.576188514492644188e+00
6.869061881880873521e+00
7.175391784654125082e+00
7.494238987300587240e+00
7.824322242718591447e+00
8.163957780905622741e+00
8.510995990827060709e+00
8.862757607402778959e+00
9.215972766888075540e+00
9.566727540014445808e+00
9.910423945925384004e+00
1.024176089075888285e+01
1.055474479128830367e+01
1.084273957957110568e+01
1.109856599281463119e+01
1.131465911385421919e+01
1.148329059599007529e+01
1.159685749904187801e+01
1.164823299635389198e+01
1.163116556413112157e+01
1.154070334184246782e+01
1.137361048993121670e+01
1.112873448618733008e+01
1.080727963433820449e+01
1.041294466849750222e+01
9.951892437999967811e+00
9.432536963169271260e+00
8.865155516286320037e+00
8.261356968976592441e+00
7.633457740459380858e+00
6.993828944773108347e+00
6.354280117192228516e+00
5.725536066482684205e+00
5.116846348217204188e+00
4.535745700487314735e+00
3.987963062416222115e+00
3.477460201965549835e+00
3.006570577400800026e+00
2.576205140381817138e+00
2.186093275534032543e+00
1.835032157174890877e+00
1.521124595113559463e+00
1.241992389103064198e+00
9.949582991318174363e-01
7.771944730567126314e-01
5.858384634578833738e-01
4.180799709044811241e-01
2.712224446889935359e-01
1.427239479809114808e-01
3.022151149378388135e-02
-6.845723921986222871e-02
-1.552919489739272851e-01
-2.320742270062304824e-01
-3.004170409365261585e-01
-3.617671535480059819e-01
-4.174193447045929095e-01
-4.685314884402534408e-01
-5.161398176902687318e-01
-5.611739150445090862e-01
-6.044711265595010818e-01
-6.467902158164138271e-01
-6.888241647978634585e-01
-7.312120933563405201e-01
-7.745503154962128933e-01
-8.194025827874458212e-01
-8.663095864719054795e-01
-9.157978029561081312e-01
-9.683877745262202685e-01
-1.024601919878541434e+00
-1.084971968619076188e+00
-1.150046111091452161e+00
-1.220395950296593757e+00
-1.296623336574080909e+00
-1.379367158203118393e+00
-1.469310152015096627e+00
-1.567185787135773944e+00
-1.673785261501504751e+00
-1.789964633956240725e+00
-1.916652093343650387e+00
-2.054855338470454651e+00
-2.205669007042212471e+00
-2.370282044943667898e+00
-2.549984846047927967e+00
-2.746175912605608449e+00
-2.960367681485990055e+00
-3.194191024938628054e+00
-3.449397757176875690e+00
-3.727860248985612746e+00
-4.031566958526899391e+00
-4.362612312113044233e+00
-4.723178896576829544e+00
-5.115509336704032073e+00
-5.541864509878293710e+00
-6.004463883564743476e+00
-6.505402749284859176e+00
-7.046539991936660030e+00
-7.629348838482000517e+00
-8.254721904032894741e+00
-8.922721028222019513e+00
-9.632262255455557920e+00
-1.038072745908837646e+01
-1.116349742309367699e+01
-1.197340789025910368e+01
-1.280014170803599605e+01
-1.362958849338861889e+01
-1.444322975556567457e+01
-1.521764275716198966e+01
-1.592425885671273988e+01
-1.652955572701502973e+01
-1.699589529109061559e+01
-1.728322006957519719e+01
-1.735176260551782690e+01
-1.716577815933571571e+01
-1.669806668156569174e+01
-1.593472884085227470e+01
-1.487928138290613944e+01
-1.355507489319493786e+01
-1.200506492710291795e+01
-1.028847155489091669e+01
-8.474649138361124656e+00
-6.635315799823935379e+00
-4.836806782510066682e+00
-3.133967416784273041e+00
-1.566707974722898467e+00
-1.593894382183596026e-01
1.077529655181064028e+00
2.144531340667875874e+00
3.049695550113158404e+00
3.805651479004008131e+00
4.427171287490472729e+00
4.929486559911471666e+00
5.327245247909385917e+00
5.633959238328327679e+00
5.861787564125550354e+00
6.021525750210217964e+00
6.122706082881814282e+00
6.173745279185284041e+00
6.182100853708435650e+00
6.154415056304856968e+00
6.096636803319690934e+00
6.014119119097017574e+00
5.911693633392776981e+00
5.793725699843239596e+00
5.664154452116856753e+00
5.526522096493135194e+00
5.383996281923712601e+00
5.239388708615674517e+00
5.095172377939527486e+00
4.953499144906230889e+00
4.816218569776635761e+00
4.684898511948293098e+00
4.560847481750222698e+00
4.445138463893170133e+00
4.338633739179604376e+00
4.242010141082917407e+00
4.155784170108185016e+00
4.080336430139019477e+00
4.015934927545675492e+00
3.962756868864131476e+00
3.920908693055024763e+00
3.890444170010641134e+00
3.871380481688816211e+00
3.863712272381495172e+00
3.867423708703715768e+00
3.882498628004205532e+00
3.908928877156101045e+00
3.946720953762068440e+00
3.995901060612709887e+00
4.056518673677212306e+00
4.128648705732970825e+00
4.212392323474716704e+00
4.307876446843300400e+00
4.415251926398058302e+00
4.534690358650465214e+00
4.666379461087911018e+00
4.810516888830332682e+00
4.967302334261653129e+00
5.136927710585961648e+00
5.319565181512601271e+00
5.515352764233168337e+00
5.724377204440657785e+00
5.946653804429353762e+00
6.182102883841434249e+00
6.430522574729775620e+00
6.691557707739032246e+00
6.964664646178558627e+00
7.249072083805706335e+00
7.543738056666436265e+00
7.847303747164986909e+00
8.158045097306533933e+00
8.473823812577977677e+00
8.792040035989069580e+00
9.109589798208652667e+00
9.422831278482501460e+00
9.727564885739917955e+00
1.001903309305217959e+01
1.029194668500392851e+01
1.054054440651875346e+01
1.075869268485675434e+01
1.094003085802041753e+01
1.107816492155817478e+01
1.116690902227921534e+01
1.120056877267287199e+01
1.117425419303846645e+01
1.108420331744308207e+01
1.092809120661079092e+01
1.070529457909586490e+01
1.041708088575753344e+01
1.006669357205109350e+01
9.659313044270138704e+00
9.201885069948769313e+00
8.702823484855793268e+00
8.171609693463192770e+00
7.618324638866155851e+00
7.053157069155183478e+00
6.485933436866359258e+00
5.925709502857710476e+00
5.380453030308318674e+00
4.856833260506862260e+00
4.360118919930503267e+00
3.894174703134490212e+00
3.461538018653493864e+00
3.063553750104345941e+00
2.700544460449996187e+00
2.371995889872781316e+00
2.076741617906339599e+00
1.813135334062444093e+00
1.579203511685937089e+00
1.372774942205533533e+00
1.191586369501605569e+00
1.033365371213732953e+00
8.958927846428933472e-01
7.770475367234406239e-01
6.748368805271245385e-01
5.874149129856547358e-01
5.130919660111038505e-01
4.503371095163011262e-01
3.977756355450553505e-01
3.541830415638678731e-01
3.184767159988450835e-01
2.897062578479726591e-01
2.670431356108796117e-01
2.497702060577933758e-01
2.372714658537723453e-01
2.290222934508994723e-01
2.245803496907605445e-01
2.235772383722258727e-01
2.257109783728695196e-01
2.307393031362590941e-01
2.384737784301366181e-01
2.487747127706393113e-01
2.615468248023520847e-01
2.767356266359633499e-01
2.943244804247290847e-01
3.143322863343113172e-01
3.368117627779820822e-01
3.618482837798299712e-01
3.895592431633159158e-01
4.200939206228262446e-01
4.536338303882888057e-01
4.903935389676370438e-01
5.306219442248006901e-01
5.746040137280742366e-01
6.226629858077121771e-01
6.751630420183722947e-01
7.325124646279261853e-01
7.951672972417510588e-01
8.636355305735712307e-01
9.384818384832344096e-01
1.020332891427135014e+00
1.109883275000744352e+00
1.207902039729381150e+00
1.315239903904827257e+00
1.432837123008567248e+00
1.561732025663942869e+00
1.703070195170213186e+00
1.858114244871949428e+00
2.028254091403316917e+00
2.215017567552802547e+00
2.420081129938031150e+00
2.645280297718019202e+00
2.892619296542679130e+00
3.164279163010788043e+00
3.462623271302784911e+00
3.790198852841828003e+00
4.149732563760522908e+00
4.544117479532888915e+00
4.976388021430979691e+00
5.449678201200028660e+00
5.967157163929406316e+00
6.531934278075993916e+00
7.146923953388419903e+00
7.814658000716769415e+00
8.537030817197372556e+00
9.314960287435058106e+00
1.014794560818361369e+01
1.103350325797252118e+01
1.196646562849131357e+01
1.293813578577617740e+01
1.393530973105619886e+01
1.493920850549709733e+01
1.592441087109482467e+01
1.685794608565047881e+01
1.769879399835551581e+01
1.839813537197932547e+01
1.890077207306675788e+01
1.914814621575263232e+01
1.908326116265885375e+01
1.865747496505351677e+01
1.783856877901488147e+01
1.661876571459264795e+01
1.502072827155801349e+01
1.309937592980237397e+01
1.093799942464691810e+01
8.638661304295123244e+00
6.308792128347407768e+00
4.047324230015453495e+00
1.933848423139467698e+00
2.301451379009122888e-02
-1.655578393236415202e+00
-3.093422419235074550e+00
-4.297199979883883358e+00
-5.282829562513903454e+00
-6.070611750061861933e+00
-6.681877945883541337e+00
-7.137036447187455224e+00
-7.454680221787327810e+00
-7.651385857462114082e+00
-7.741894799941328564e+00
-7.739456638266958066e+00
-7.656194925799654882e+00
-7.503417532150042923e+00
-7.291836113553180176e+00
-7.031687094506410496e+00
-6.732763795767969128e+00
-6.404379154529800999e+00
-6.055282908253182939e+00
-5.693557509310078757e+00
-5.326514452065004512e+00
-4.960608102130612096e+00
-4.601378485747922298e+00
-4.253428733202182066e+00
-3.920437724963647508e+00
-3.605204473410305255e+00
-3.309718122301322119e+00
-3.035246144413032532e+00
-2.782433162394033488e+00
-2.551403504045934856e+00
-2.341861802487787969e+00
-2.153187370591115979e+00
-1.984519491985886175e+00
-1.834832029432548417e+00
-1.702996777489977243e+00
-1.587835757160927397e+00
-1.488163179535236358e+00
-1.402818128143574095e+00
-1.330689168855458959e+00
-1.270732134699501747e+00
-1.221982289064072136e+00
-1.183561975469026306e+00
-1.154684739259461912e+00
-1.134656773258991169e+00
-1.122876407173276414e+00
-1.118832236561243976e+00
-1.122100375496722036e+00
-1.132341219382745123e+00
-1.149296021009542201e+00
-1.172783513179992410e+00
-1.202696753837808163e+00
-1.239000323132297909e+00
-1.281727964659428620e+00
-1.330980733671978111e+00
-1.386925691870030786e+00
-1.449795170087210261e+00
-1.519886605500343935e+00
-1.597562947719062709e+00
-1.683253617123283252e+00
-1.777455987997360154e+00
-1.880737357222517669e+00
-1.993737345319830823e+00
-2.117170659132988852e+00
-2.251830122844320936e+00
-2.398589854481831374e+00
-2.558408426371133082e+00
-2.732331797400154638e+00
-2.921495739180306472e+00
-3.127127393164278235e+00
-3.350545486631075320e+00
-3.593158596340832567e+00
-3.856460672769917331e+00
-4.142022817400453860e+00
-4.451480032111831520e+00
-4.786511324747552365e+00
-5.148811150839060602e+00
-5.540049693596683866e+00
-5.961818934031240858e+00
-6.415560852889914401e+00
-6.902473466972636196e+00
-7.423389794830654864e+00
-7.978624376081418390e+00
-8.567781804806434920e+00
-9.189522140796151817e+00
-9.841279410073539680e+00
-1.051893221654601795e+01
-1.121643042699151671e+01
-1.192538974688676312e+01
-1.263467757177335393e+01
-1.333002935525522226e+01
-1.399375482208390586e+01
-1.460461633511539503e+01
-1.513798412999166132e+01
-1.556638848072062054e+01
-1.586058718639610632e+01
-1.599123534064886165e+01
-1.593117061115923327e+01
-1.565820485610184143e+01
-1.515815033216209073e+01
-1.442763773988044207e+01
-1.347616084818727700e+01
-1.232677859025288569e+01
-1.101507432947856380e+01
-9.586312856141507410e+00
-8.091168292891584457e+00
-6.580774858764274704e+00
-5.102027513129264946e+00
-3.693955962658001191e+00
-2.385658709694260526e+00
-1.195855589685028919e+00
-1.337578343158885019e-01
7.992354458979230580e-01
1.607516238241821327e+00
2.299312443697884678e+00
2.885032303730244774e+00
3.376000175860417674e+00
3.783576535688856879e+00
4.118602191181570227e+00
4.391088984444503573e+00
4.610082767164402462e+00
4.783637669737016651e+00
4.918856234983252307e+00
5.021964029281977382e+00
5.098398450468846654e+00
5.152899514009190440e+00
5.189595882451972564e+00
5.212082926546574235e+00
5.223491742299233742e+00
5.226549253706274101e+00
5.223630141098682955e+00
5.216801582176365137e+00
5.207861830962873029e+00
5.198373587520030092e+00
5.189692988886534408e+00
5.182994914931036590e+00
5.179295171218737615e+00
5.179469994189935811e+00
5.184273225543143404e+00
5.194351422863591417e+00
5.210257110577891204e+00
5.232460326770710601e+00
5.261358584585326348e+00
5.297285339302808538e+00
5.340517031534099957e+00
5.391278761448889512e+00
5.449748637211369484e+00
5.516060831808476728e+00
5.590307375627238784e+00
5.672538707184928697e+00
5.762763001355597936e+00
5.860944293548197237e+00
5.966999420087359951e+00
6.080793800249032266e+00
6.202136094915432274e+00
6.330771791701515383e+00
6.466375787855162649e+00
6.608544071503750672e+00
6.756784640163903788e+00
6.910507843987209853e+00
7.069016400851362292e+00
7.231495401515203980e+00
7.397002705283752810e+00
7.564460218546396497e+00
7.732646647269326046e+00
7.900192415277307312e+00
8.065577535902361817e+00
8.227133305647031492e+00
8.383048742476864490e+00
8.531382703164124948e+00
8.670082566663680268e+00
8.797010245891797808e+00
8.909976071679086118e+00
9.006780767083734318e+00
9.085265291938679155e+00
9.143367791838304726e+00
9.179186252987960870e+00
9.191044782409063529e+00
9.177560758560344922e+00
9.137709503835115044e+00
9.070882701868661968e+00
8.976936604451534407e+00
8.856226218179868326e+00
8.709622175613311867e+00
8.538507884241617774e+00
8.344755762808340194e+00
8.130682819800295391e+00
7.898987360064923635e+00
7.652670053074023038e+00
7.394943789911938126e+00
7.129137552379806841e+00
6.858599825184719556e+00
6.586606876791652354e+00
6.316280561963385054e+00
6.050519264738854375e+00
5.791944348879556337e+00
5.542863170725336630e+00
5.305248481492394141e+00
5.080733014750279608e+00
4.870617289593835331e+00
4.675888185734777380e+00
4.497245649581429028e+00
4.335134928604968074e+00
4.189781947514872762e+00
4.061229772293748042e+00
3.949374499718911302e+00
3.853999313308264618e+00
3.774805826721522095e+00
3.711442169958563575e+00
3.663527550479667827e+00
3.630673237352066263e+00
3.612500074370537551e+00
3.608652734117149929e+00
3.618810987208146202e+00
3.642698288031369636e+00
3.680087978127783988e+00
3.730807388036324834e+00
3.794740083693235011e+00
3.871826458885116118e+00
3.962062824161375119e+00
4.065499087372698384e+00
4.182235063161364508e+00
4.312415389221824213e+00
4.456222966507811023e+00
4.613870779118981247e+00
4.785591887703211533e+00
4.971627328450106020e+00
5.172211589217921457e+00
5.387555276926121905e+00
5.617824539123673411e+00
5.863116762277481797e+00
6.123432046599867284e+00
6.398639961626626516e+00
6.688441131053928679e+00
6.992323296213773354e+00
7.309511685982825746e+00
7.638913802182126567e+00
7.979059142617600742e+00
8.328034959688732641e+00
8.683419920136907777e+00
9.042218512527458785e+00
9.400800248131293557e+00
9.754849092947647904e+00
1.009933008238362184e+01
1.042848156897869139e+01
1.073584281718228084e+01
1.101432737134784290e+01
1.125635237494184082e+01
1.145403233936454690e+01
1.159944228651377784e+01
1.168494938354892909e+01
1.170360410517566230e+01
1.164957202893696930e+01
1.151857665622383919e+01
1.130831390002428805e+01
1.101879236373485682e+01
1.065255264863232476e+01
1.021472553756999524e+01
9.712903597094937780e+00
9.156822235645513786e+00
8.557871264440167991e+00
7.928481777179474221e+00
7.281450648121858826e+00
6.629272271312286691e+00
5.983542842554570029e+00
5.354487891138469458e+00
4.750642635458574681e+00
4.178691928338730932e+00
3.643456600997346140e+00
3.147998966129450515e+00
2.693813219746297172e+00
2.281065875872348325e+00
1.908855467852732524e+00
1.575467479986500718e+00
1.278607971941602139e+00
1.015606291002113748e+00
7.835828913700646492e-01
5.795823503102351948e-01
4.006742774614600044e-01
2.440262209188275577e-01
1.069532004012467841e-01
-1.305155823219004974e-02
-1.183005101854010394e-01
-2.109066858842314485e-01
-2.927865867770360619e-01
-3.656686632592691666e-01
-4.311054799259095849e-01
-4.904881217630132628e-01
-5.450617652404353697e-01
-5.959416362111703558e-01
-6.441288111144671813e-01
-6.905254992632074984e-01
-7.359495816566822279e-01
-7.811482844691405303e-01
-8.268109405362515929e-01
-8.735808459403087145e-01
-9.220662561583979899e-01
-9.728505911467366651e-01
-1.026501934290986906e+00
-1.083581918746779227e+00
-1.144654098132599218e+00
-1.210291898144699285e+00
-1.281086242370122807e+00
-1.357652939974129058e+00
-1.440639915335791832e+00
-1.530734350138244659e+00
-1.628669796669030889e+00
-1.735233306667723685e+00
-1.851272602199021566e+00
-1.977703292622867703e+00
-2.115516113273586907e+00
-2.265784124956129908e+00
-2.429669766227338101e+00
-2.608431589317418808e+00
-2.803430431206221041e+00
-3.016134668420795251e+00
-3.248124070831597265e+00
-3.501091597768949626e+00
-3.776842259026557791e+00
-4.077287881694404703e+00
-4.404436267316295783e+00
-4.760372777178544013e+00
-5.147231830773526084e+00
-5.567155129520393153e+00
-6.022232616083170953e+00
-6.514421252552396346e+00
-7.045435674271091742e+00
-7.616603714677526504e+00
-8.228678827029636267e+00
-8.881600773876423105e+00
-9.574195977321853235e+00
-1.030381017888853279e+01
-1.106586935304248343e+01
-1.185337124807516851e+01
-1.265632086173356541e+01
-1.346114010774614655e+01
-1.425010619192087979e+01
-1.500090517474471419e+01
-1.568642513831530394e+01
-1.627495182320244638e+01
-1.673095744339102708e+01
-1.701667265614741353e+01
-1.709457864227850266e+01
-1.693082727871431814e+01
-1.649938133067187351e+01
-1.578638313775291735e+01
-1.479397686931589995e+01
-1.354264208771767919e+01
-1.207117714564622979e+01
-1.043387834510832413e+01
-8.695140846895229814e+00
-6.922444852686686190e+00
-5.179182565668723370e+00
-3.518797376429176893e+00
-1.981234840826371135e+00
-5.919680222226422206e-01
6.368209257311410187e-01
1.703709313475618270e+00
2.615003310133984904e+00
3.381861850173247142e+00
4.017945134326545542e+00
4.537707430136351583e+00
4.955289944214791298e+00
5.283892007040722483e+00
5.535482492914121089e+00
5.720730034591901436e+00
5.849059207534325289e+00
5.928768469689783771e+00
5.967169103451113621e+00
5.970721581993146287e+00
5.945157390118318119e+00
5.895581663083523161e+00
5.826556324379791540e+00
5.742165712574422543e+00
5.646067718306415628e+00
5.541533704836720808e+00
5.431480289314643883e+00
5.318495631048247851e+00
5.204862344433346166e+00
5.092578614023935302e+00
4.983378590014217124e+00
4.878752713627052096e+00
4.779968276969515095e+00
4.688090262956002618e+00
4.604002332369909745e+00
4.528427716669196634e+00
4.461949723847176585e+00
4.405031556925621317e+00
4.358035167481041583e+00
4.321238908477362806e+00
4.294853802067297721e+00
4.279038291537351490e+00
4.273911396874421342e+00
4.279564237017820183e+00
4.296069916730084870e+00
4.323491801341191376e+00
4.361890218404805175e+00
4.411327632124004694e+00
4.471872335163605605e+00
4.543600694238130622e+00
4.626597971771607476e+00
4.720957727078462618e+00
4.826779777990799936e+00
4.944166678714169372e+00
5.073218643015777296e+00
5.214026814818868871e+00
5.366664762273179790e+00
5.531178048087419086e+00
5.707571710494880435e+00
5.895795478440884807e+00
6.095726544979119588e+00
6.307149738947102513e+00
6.529734972370318857e+00
6.763011906537983009e+00
7.006341881322995846e+00
7.258887299135605708e+00
7.519578856539360423e+00
7.787081282398442994e+00
8.059758579211386831e+00
8.335640178052109661e+00
8.612389904710990862e+00
8.887280202248398098e+00
9.157174635357574033e+00
9.418522266960273726e+00
9.667367975280367176e+00
9.899383071188573524e+00
1.010992055584540950e+01
1.029409888386209815e+01
1.044691702108000442e+01
1.056340178681638164e+01
1.063878588862870167e+01
1.066871174194452010e+01
1.064945231906641965e+01
1.057813627795085587e+01
1.045296104980061180e+01
1.027337511790602065e+01
1.004021012397579504e+01
9.755745279676030890e+00
9.423691103525856150e+00
9.049086528138667873e+00
8.638112161282192503e+00
8.197831688224354707e+00
7.735881567186744689e+00
7.260134864177625325e+00
6.778367292583307169e+00
6.297951942446274209e+00
5.825604236588437068e+00
5.367191392750641832e+00
4.927612494441864222e+00
4.510747556431083716e+00
4.119467782561997637e+00
3.755695146310360055e+00
3.420497577389681076e+00
3.114206118735597606e+00
2.836541906815127856e+00
2.586743139177198891e+00
2.363684801140478964e+00
2.165986432659389394e+00
1.992105379533418708e+00
1.840414675831198332e+00
1.709265931698918273e+00
1.597038400189950913e+00
1.502175846823753158e+00
1.423213032544764056e+00
1.358793624573494396e+00
1.307681236965247962e+00
1.268765124792683441e+00
1.241061849553834140e+00
1.223714023326460287e+00
1.215987040554053822e+00
1.217264527496445314e+00
1.227043083923419653e+00
1.244926760131846777e+00
1.270621603546266964e+00
1.303930520746098720e+00
1.344748630037475579e+00
1.393059223847697092e+00
1.448930416561380996e+00
1.512512519434787928e+00
1.584036157644286291e+00
1.663811123292769034e+00
1.752225940444250174e+00
1.849748102243110592e+00
1.956924924228616636e+00
2.074384940399562449e+00
2.202839747653722036e+00
2.343086177982104168e+00
2.496008644024604095e+00
2.662581459694920660e+00
2.843870880461283335e+00
3.041036533802082609e+00
3.255331814865763285e+00
3.488102700109587673e+00
3.740784276385551443e+00
4.014894087354545782e+00
4.312021155216873680e+00
4.633809235127918313e+00
4.981932494322711236e+00
5.358061371800355133e+00
5.763815865700300911e+00
6.200702920884483937e+00
6.670033969856437928e+00
7.172818060680038244e+00
7.709625467108574881e+00
8.280416353696633536e+00
8.884329173440175254e+00
9.519424320889797286e+00
1.018238059117394556e+01
1.086814579120228608e+01
1.156954913513535033e+01
1.227689262480308585e+01
1.297755216910081089e+01
1.365563703093290293e+01
1.429177767611199990e+01
1.486313493585062062e+01
1.534374273416223389e+01
1.570530435341136055e+01
1.591854695839792555e+01
1.595518798857868781e+01
1.579047002280936951e+01
1.540607799989316185e+01
1.479308348269195150e+01
1.395440912839252690e+01
1.290623745872805017e+01
1.167786634842063087e+01
1.030976943502311904e+01
8.850013942764862307e+00
7.349605745256754474e+00
5.857618031035811690e+00
4.416997322435799234e+00
3.061712758961433245e+00
1.815519760411854255e+00
6.922056410074268751e-01
-3.030927005650665418e-01
-1.172005499530933914e+00
-1.920930860255070094e+00
-2.559229696280426403e+00
-3.097773230249222021e+00
-3.547880975857105046e+00
-3.920612569469937636e+00
-4.226343048111201206e+00
-4.474545226257526487e+00
-4.673711844578721575e+00
-4.831364800287596850e+00
-4.954113567904800952e+00
-5.047737388981457407e+00
-5.117275265056740352e+00
-5.167114448451178177e+00
-5.201072545718386841e+00
-5.222471123762658429e+00
-5.234200347807240306e+00
-5.238775072951813883e+00
-5.238383234878813965e+00
-5.234927529118246881e+00
-5.230061355382454202e+00
-5.225219911376543180e+00
-5.221647196069549857e+00
-5.220419552621383019e+00
-5.222466260320080877e+00
-5.228587579554232256e+00
-5.239470566001802609e+00
-5.255702899275928708e+00
-5.277784915360762774e+00
-5.306139988918315176e+00
-5.341123378523840337e+00
-5.383029622873342745e+00
-5.432098557117600812e+00
-5.488520004212084302e+00
-5.552437185417592680e+00
-5.623948886094079391e+00
-5.703110407284119887e+00
-5.789933330163392178e+00
-5.884384119385996925e+00
-5.986381593045561722e+00
-6.095793291984006324e+00
-6.212430790257849722e+00
-6.336044002609607873e+00
-6.466314564786680208e+00
-6.602848389552288921e+00
-6.745167536271840625e+00
-6.892701575940244574e+00
-7.044778687085768709e+00
-7.200616781343586403e+00
-7.359315030159848448e+00
-7.519846244630144838e+00
-7.681050646181764918e+00
-7.841631652345726344e+00
-8.000154382958090338e+00
-8.155047659314041297e+00
-8.304610311318871396e+00
-8.447022612659447205e+00
-8.580363616997690457e+00
-8.702635054162033867e+00
-8.811792250377028068e+00
-8.905782250180827475e+00
-8.982588935474886682e+00
-9.040284464095512007e+00
-9.077085803714142642e+00
-9.091414548721404643e+00
-9.081957625368985987e+00
-9.047725974934678561e+00
-8.988107926264962799e+00
-8.902913799201854772e+00
-8.792408381150632835e+00
-8.657328330849409781e+00
-8.498882293661063514e+00
-8.318732527627458850e+00
-8.118958061928472247e+00
-7.902000724287172595e+00
-7.670596642045993896e+00
-7.427696899563762223e+00
-7.176381797027021392e+00
-6.919773516573728855e+00
-6.660951927954129381e+00
-6.402877782821356334e+00
-6.148326730942686780e+00
-5.899836556649944441e+00
-5.659668909562828532e+00
-5.429785715216919328e+00
-5.211839501788831264e+00
-5.007176138569296775e+00
-4.816847983333820693e+00
-4.641635178589814892e+00
-4.482072793804902311e+00
-4.338481638467124313e+00
-4.211000818488430220e+00
-4.099620426271947338e+00
-4.004213099424311473e+00
-3.924563520767621050e+00
-3.860395239432905079e+00
-3.811394455388363411e+00
-3.777230621668379307e+00
-3.757573879626435076e+00
-3.752109456480037242e+00
-3.760549227238612069e+00
-3.782640681725582876e+00
-3.818173548741985890e+00
-3.866984319800723213e+00
-3.928958889714322389e+00
-4.004033495053647584e+00
-4.092194087522578627e+00
-4.193474230134364156e+00
-4.307951551509229482e+00
-4.435742738855235956e+00
-4.576996994083442516e+00
-4.731887820699789415e+00
-4.900602952289389691e+00
-5.083332177491452164e+00
-5.280252762782282616e+00
-5.491512125358729790e+00
-5.717207367296547993e+00
-5.957361253827978764e+00
-6.211894209900241215e+00
-6.480591929467619750e+00
-6.763068253508747851e+00
-7.058723091169174069e+00
-7.366695352859129464e+00
-7.685811157029617036e+00
-8.014527988477279763e+00
-8.350876050399998363e+00
-8.692398786568325875e+00
-9.036095466021755840e+00
-9.378369814757087752e+00
-9.714989911487320384e+00
-1.004106585854072797e+01
-1.035105295621133692e+01
-1.063878903907934692e+01
-1.089757498779548506e+01
-1.112030685294551802e+01
-1.129966612810319404e+01
-1.142837113021018425e+01
-1.149948697036310463e+01
-1.150678428831468381e+01
-1.144512826384216275e+01
-1.131087042083026084e+01
-1.110220795032738295e+01
-1.081947060774733416e+01
-1.046529559414311628e+01
-1.004465757592663344e+01
-9.564734368237578721e+00
-9.034607496223131307e+00
-8.464817977531785331e+00
-7.866817291579628169e+00
-7.252367568901365580e+00
-6.632950547410704445e+00
-6.019240761891611058e+00
-5.420685987174781673e+00
-4.845220215923832896e+00
-4.299115352381805977e+00
-3.786960999235979841e+00
-3.311749701623479147e+00
-2.875038754119639162e+00
-2.477158750907202389e+00
-2.117442138787147599e+00
-1.794450455573244119e+00
-1.506185170758487901e+00
-1.250272954684031879e+00
-1.024121118589475854e+00
-8.250426311105641952e-01
-6.503525548723582128e-01
-4.974391491781289254e-01
-3.638135016982238512e-01
-2.471416291073037508e-01
-1.452627306113290218e-01
-5.619684585420912926e-02
2.185533173555639919e-02
9.051823480353377027e-02
1.512510037681014941e-01
2.053594807438890169e-01
2.540095641183544029e-01
2.982411487155809948e-01
3.389820975610871590e-01
3.770618646254916828e-01
4.132245214940129530e-01
4.481410420676481543e-01
4.824207746571153033e-01
5.166220857082556295e-01
5.512621984714122236e-01
5.868262769113087307e-01
6.237758230183267916e-01
6.625564667711579814e-01
7.036052341418062017e-01
7.473573811314332405e-01
7.942528819409939711e-01
8.447426577965070349e-01
8.992946302196466180e-01
9.583996790249016406e-01
1.022577581237233302e+00
1.092383002515879831e+00
1.168411607459223900e+00
1.251306349129628792e+00
1.341763990898324543e+00
1.440541904711270860e+00
1.548465178341152049e+00
1.666434049067958334e+00
1.795431661121549061e+00
1.936532117276042575e+00
2.090908758781269139e+00
2.259842559180045285e+00
2.444730452366763007e+00
2.647093328154483949e+00
2.868583312768107074e+00
3.110989798307143506e+00
3.376243483250362498e+00
3.666417421696785528e+00
3.983723735330635840e+00
4.330504198820796624e+00
4.709212343139629553e+00
5.122384006527015643e+00
5.572592374014386785e+00
6.062382462648042925e+00
6.594178722720057451e+00
7.170157954091274988e+00
7.792078148958035300e+00
8.461052319879511785e+00
9.177255140849233328e+00
9.939549810860500045e+00
1.074502372975289255e+01
1.158842553685824228e+01
1.246150446733363992e+01
1.335226798573397744e+01
1.424419773921180266e+01
1.511549929719245533e+01
1.593850881418809884e+01
1.667943720499766869e+01
1.729869088863965132e+01
1.775204918313844260e+01
1.799297167861964297e+01
1.797621443746634640e+01
1.766271353278956724e+01
1.702533609803271020e+01
1.605465059356341584e+01
1.476346453936509384e+01
1.318873070341630083e+01
1.138973852287183597e+01
9.442347021624073022e+00
7.430169082760718524e+00
5.434623767948274953e+00
3.526144139621979701e+00
1.758357527560292510e+00
1.659800736512704322e-01
-1.233982777331080749e+00
-2.438882836146918809e+00
-3.456240249411931309e+00
-4.299756835252511067e+00
-4.986114459779924069e+00
-5.532732902218091553e+00
-5.956400105238568443e+00
-6.272572518773888994e+00
-6.495127959819567920e+00
-6.636388026688652353e+00
-6.707276587416410862e+00
-6.717526838814785073e+00
-6.675885211315407020e+00
-6.590285478016840059e+00
-6.467982746028985375e+00
-6.315646936906850861e+00
-6.139420914628038517e+00
-5.944951070322795239e+00
-5.737398934935439065e+00
-5.521441948518148735e+00
-5.301270343467298751e+00
-5.080585545154351124e+00
-4.862603818163622194e+00
-4.650067284860301520e+00
-4.445263051517453157e+00
-4.250050076768715712e+00
-4.065892638937464554e+00
-3.893898792949919141e+00
-3.734862014530047514e+00
-3.589304252308093357e+00
-3.457518784416489854e+00
-3.339611545030315209e+00
-3.235539896831883144e+00
-3.145148137944063116e+00
-3.068199319117680179e+00
-3.004403192591561300e+00
-2.953440310800039104e+00
-2.914982440345785797e+00
-2.888709558116595577e+00
-2.874323758291012609e+00
-2.871560428434983159e+00
-2.880197057108945469e+00
-2.900060020903319380e+00
-2.931029671140795045e+00
-2.973044004065020118e+00
-3.026101156530608183e+00
-3.090260924382013830e+00
-3.165645454363696043e+00
-3.252439213328954803e+00
-3.350888290914567413e+00
-3.461299043463408776e+00
-3.584036037186224988e+00
-3.719519196461718913e+00
-3.868220007692611873e+00
-4.030656569062711192e+00
-4.207387210653640075e+00
-4.399002336554505455e+00
-4.606114059968843044e+00
-4.829343113518389963e+00
-5.069302420412037158e+00
-5.326576609625272241e+00
-5.601696653379042878e+00
-5.895108704461169857e+00
-6.207136124653967357e+00
-6.537933639409811981e+00
-6.887432550693588951e+00
-7.255276021312663026e+00
-7.640743652745242365e+00
-8.042664969636280858e+00
-8.459322065948752467e+00
-8.888342639727332184e+00
-9.326586030736805810e+00
-9.770026756992258754e+00
-1.021364247474758891e+01
-1.065131625501290102e+01
-1.107576646618841565e+01
-1.147852110161671391e+01
-1.184995659042033722e+01
-1.217942319799006867e+01
-1.245547898541318332e+01
-1.266625066129556920e+01
-1.279993121594501915e+01
-1.284541003036062357e+01
-1.279301116276807804e+01
-1.263529122543194916e+01
-1.236782317995509928e+01
-1.198987203956288461e+01
-1.150485965730990756e+01
-1.092052477504712904e+01
-1.024871461267791872e+01
-9.504793474572805323e+00
-8.706713777426056566e+00
-7.873852178371324229e+00
-7.025753497997658137e+00
-6.180937108230347476e+00
-5.355901529546347462e+00
-4.564419332089681980e+00
-3.817158788113445667e+00
-3.121615505141779323e+00
-2.482297734902139563e+00
-1.901088454122353166e+00
-1.377704827015918454e+00
-9.101863805278298525e-01
-4.953608372611402189e-01
-1.292554897935317970e-01
1.925614558642811391e-01
4.747127376740150062e-01
7.218122368781652032e-01
9.383243522204135489e-01
1.128471802478314245e+00
1.296181281347010827e+00
1.445057518887773451e+00
1.578377835926691786e+00
1.699100863764245295e+00
1.809884552081890474e+00
1.913109820700422459e+00
2.010907208030145554e+00
2.105184647055983405e+00
2.197655089742915457e+00
2.289863137599859488e+00
2.383210152317724262e+00
2.478977543697006070e+00
2.578348084990881972e+00
2.682425205828244064e+00
2.792250273303902741e+00
2.908817902415033352e+00
3.033089344823100664e+00
3.166003994831740442e+00
3.308489026746324502e+00
3.461467140400528386e+00
3.625862342599481813e+00
3.802603631790966610e+00
3.992626381141300751e+00
4.196871130712977127e+00
4.416279401833087981e+00
4.651786035360644611e+00
4.904307430276514168e+00
5.174724920738619893e+00
5.463862381146800118e+00
5.772456995318691497e+00
6.101121977242555339e+00
6.450299902711681632e+00
6.820205227479387844e+00
7.210754563625592084e+00
7.621483411243069384e+00
8.051448364659623991e+00
8.499114418764753154e+00
8.962227999925440614e+00
9.437677862941308504e+00
9.921348162256029113e+00
1.040797093774579629e+01
1.089098901303078293e+01
1.136244483165184604e+01
1.181291579781361989e+01
1.223152168502094739e+01
1.260603366273156745e+01
1.292311603092366923e+01
1.316872897218566507e+01
1.332871144599331359e+01
1.338954596268352049e+01
1.333928068379362131e+01
1.316855052384077673e+01
1.287160217126989004e+01
1.244719610513490338e+01
1.189924214733020236e+01
1.123703413164489540e+01
1.047499003408214335e+01
9.631874275029629118e+00
8.729566382138193248e+00
7.791523836464081754e+00
6.841143612517708306e+00
5.900240029021791344e+00
4.987822749594747584e+00
4.119289585022605671e+00
3.306065502557287594e+00
2.555644533859073420e+00
1.871940979158519536e+00
1.255835832169036825e+00
7.058096867196164137e-01
2.185752294319039390e-01
-2.103492886326813749e-01
-5.861572239186093602e-01
-9.143716394066472297e-01
-1.200560243433730356e+00
-1.450135038049259695e+00
-1.668221296295997691e+00
-1.859580361428308182e+00
-2.028572360176847944e+00
-2.179147249821346222e+00
-2.314855055253244309e+00
-2.438868366695781997e+00
-2.554012023521048391e+00
-2.662796380624885995e+00
-2.767451675017287727e+00
-2.869961838618468430e+00
-2.972096699193850444e+00
-3.075441929460649426e+00
-3.181426389778502895e+00
-3.291346697859060644e+00
-3.406388976294160376e+00
-3.527647795022294641e+00
-3.656142355228586105e+00
-3.792829963558505213e+00
-3.938616827833841150e+00
-4.094366172427233330e+00
-4.260903626302047442e+00
-4.439019781688056554e+00
-4.629469758105688726e+00
-4.832969536453671111e+00
-5.050188752810369053e+00
-5.281739563743216515e+00
-5.528161117628089372e+00
-5.789899094761430831e+00
-6.067279720267730880e+00
-6.360477618519534637e+00
-6.669476880701632915e+00
-6.994024778150339294e+00
-7.333577699227355140e+00
-7.687239149655082038e+00
-8.053690075272943005e+00
-8.431112387634271954e+00
-8.817107444799887617e+00
-9.208612406223892322e+00
-9.601818871103340314e+00
-9.992100021905207186e+00
-1.037395457234511653e+01
-1.074097802138160951e+01
-1.108587378504470422e+01
-1.140051831448286457e+01
-1.167609475258918650e+01
-1.190330833926475407e+01
-1.207269289835140036e+01
-1.217501068290009414e+01
-1.220173732331996419e+01
-1.214560997348275251e+01
-1.200120129332407970e+01
-1.176546706586314173e+01
-1.143820442065016607e+01
-1.102235462825049161e+01
-1.052409242983280180e+01
-9.952664173660972224e+00
-9.319967974832284341e+00
-8.639905710094971880e+00
-7.927571428475353343e+00
-7.198365698782538402e+00
-6.467134511273208375e+00
-5.747422627920705018e+00
-5.050907476733982548e+00
-4.387047243510224348e+00
-3.762943590105468417e+00
-3.183392221548420054e+00
-2.651077351641340396e+00
-2.166859749805126079e+00
-1.730110678744161357e+00
-1.339052492633128866e+00
-9.910776637965894587e-01
-6.830289251132578565e-01
-4.114324364875127094e-01
-1.726827242998801304e-01
3.681740102430697270e-02
2.205562937825466807e-01
3.818456685171348619e-01
5.237789399831128678e-01
6.492096900318955477e-01
7.607450953820766859e-01
8.607500714787454932e-01
9.513587632549951323e-01
1.034490785883008579e+00
1.111870266851424205e+00
1.185046265821432021e+00
1.255413562616087830e+00
1.324233122714557398e+00
1.392651790686110003e+00
1.461720940685407477e+00
1.532413942843683818e+00
1.605642396173418307e+00
1.682271141281321380e+00
1.763132106636237317e+00
1.849037065608770902e+00
1.940789391882341341e+00
2.039194900919680808e+00
2.145071856832124979e+00
2.259260208354567645e+00
2.382630095128524417e+00
2.516089635995263141e+00
2.660591973793043685e+00
2.817141504971858890e+00
2.986799165345638940e+00
3.170686573047847734e+00
3.369988743146475674e+00
3.585954981631596095e+00
3.819897435147313391e+00
4.073186611797868117e+00
4.347242992038107268e+00
4.643523611358008729e+00
4.963502213006939279e+00
5.308641235825324323e+00
5.680353519246750693e+00
6.079951180840320824e+00
6.508578667994777689e+00
6.967126537714747769e+00
7.456122135359983361e+00
7.975593119401558795e+00
8.524899860640980265e+00
9.102533343920436337e+00
9.705876614773917055e+00
1.033093043350607587e+01
1.097200810476110355e+01
1.162141097362037101e+01
1.226910530938714672e+01
1.290243350037113146e+01
1.350590739342564817e+01
1.406114799786558045e+01
1.454705089063054757e+01
1.494026574696472309e+01
1.521607453069742277e+01
1.534972753308071880e+01
1.531824172171005571e+01
1.510257827696372246e+01
1.469000208658571260e+01
1.407630644810121900e+01
1.326749817503618090e+01
1.228052714622454289e+01
1.114274668001864477e+01
9.890011563318262588e+00
8.563614960953128019e+00
7.206545497155731894e+00
5.859711477576596828e+00
4.558766199657714679e+00
3.331982833060532556e+00
2.199344170171190882e+00
1.172735860485450976e+00
2.569448913558557424e-01
-5.489004356841795662e-01
-1.249775896004954756e+00
-1.853325205624649197e+00
-2.368670318645814898e+00
-2.805509313229547441e+00
-3.173485930894433871e+00
-3.481785807611788019e+00
-3.738905839597285841e+00
-3.952546558270512378e+00
-4.129586242246355177e+00
-4.276105567032439048e+00
-4.397440699673904163e+00
-4.498250048817587832e+00
-4.582585297615605846e+00
-4.653961137347347510e+00
-4.715420646021538431e+00
-4.769594864856928851e+00
-4.818756100769433282e+00
-4.864865039012586934e+00
-4.909612039254652061e+00
-4.954453114364560484e+00
-5.000641122152155837e+00
-5.049252679530138010e+00
-5.101211262558655868e+00
-5.157306900201404254e+00
-5.218212813059727395e+00
-5.284499295330258306e+00
-5.356645090751126048e+00
-5.435046472002541762e+00
-5.520024197885473605e+00
-5.611828493346792790e+00
-5.710642173778949449e+00
-5.816582016860785131e+00
-5.929698472593325498e+00
-6.049973795426684120e+00
-6.177318682018862361e+00
-6.311567504988428112e+00
-6.452472247988978893e+00
-6.599695271652826989e+00
-6.752801074592204245e+00
-6.911247259817068667e+00
-7.074374975513593178e+00
-7.241399170564302601e+00
-7.411399089182923561e+00
-7.583309524197006546e+00
-7.755913451942983983e+00
-7.927836778576626386e+00
-8.097546030555225371e+00
-8.263349911011264481e+00
-8.423405705580249148e+00
-8.575731539911739532e+00
-8.718225448177737036e+00
-8.848692087872072065e+00
-8.964877712456464920e+00
-9.064513675163947681e+00
-9.145368277271201052e+00
-9.205306196935657326e+00
-9.242354060782238534e+00
-9.254769989611412839e+00
-9.241114222218881125e+00
-9.200317276309993630e+00
-9.131741634308028210e+00
-9.035232737810465764e+00
-8.911155218163059999e+00
-8.760410833408148079e+00
-8.584435530123297298e+00
-8.385174353151541027e+00
-8.165034479863264139e+00
-7.926818302316310572e+00
-7.673640035368327617e+00
-7.408830605485504428e+00
-7.135836418002732273e+00
-6.858117911690089663e+00
-6.579053564781239594e+00
-6.301854269191373703e+00
-6.029491857449978731e+00
-5.764644209238830364e+00
-5.509657953058883173e+00
-5.266528469629980336e+00
-5.036895816665328596e+00
-4.822054401256234968e+00
-4.622973748942858840e+00
-4.440327538688773501e+00
-4.274528142071085668e+00
-4.125764158989125185e+00
-3.994038813670932608e+00
-3.879207502229512272e+00
-3.781013216555534129e+00
-3.699118972813250750e+00
-3.633136723620500774e+00
-3.582652520096929472e+00
-3.547247911181954372e+00
-3.526517726852686163e+00
-3.520084496597539747e+00
-3.527609813827892626e+00
-3.548802980149933006e+00
-3.583427259186803937e+00
-3.631304045358774157e+00
-3.692315214726742401e+00
-3.766403877323118099e+00
-3.853573696708426422e+00
-3.953886885093951697e+00
-4.067460922679074997e+00
-4.194463988624060669e+00
-4.335109028617119442e+00
-4.489646320346477815e+00
-4.658354333349532084e+00
-4.841528613840680784e+00
-5.039468358782452917e+00
-5.252460277922138765e+00
-5.480759280078713935e+00
-5.724565464427961103e+00
-5.983996854710486701e+00
-6.259057292641663217e+00
-6.549598918169993844e+00
-6.855278724580537997e+00
-7.175508806583894561e+00
-7.509400145597858511e+00
-7.855700129824735534e+00
-8.212724523144991906e+00
-8.578285313710768634e+00
-8.949616824670906468e+00
-9.323303678543393147e+00
-9.695215672420562925e+00
-1.006045630149252013e+01
-1.041333345866276439e+01
-1.074736254682484926e+01
-1.105531356750634764e+01
-1.132931427525561219e+01
-1.156102068462721277e+01
-1.174186350478541918e+01
-1.186337392786992595e+01
-1.191758430766153509e+01
-1.189748877669121718e+01
-1.179753657945426149e+01
-1.161411849294726650e+01
-1.134599660737438143e+01
-1.099462286631661279e+01
-1.056429484441246558e+01
-1.006210990087040003e+01
-9.497700722588490407e+00
-8.882763497179531953e+00
-8.230419424568479414e+00
-7.554474767257418399e+00
-6.868658584892397556e+00
-6.185917543927260454e+00
-5.517834042425979746e+00
-4.874210966449984639e+00
-4.262839371870020599e+00
-3.689440149829655180e+00
-3.157751730683166613e+00
-2.669725219359424528e+00
-2.225785825782985228e+00
-1.825123220656088119e+00
-1.465980984264062315e+00
-1.145924219560108037e+00
-8.620728703856459507e-01
-6.112952707654304429e-01
-3.903615591618719849e-01
-1.960598867176099602e-01
-2.528014243243575931e-02
1.249293943159497655e-01
2.573271075168212518e-01
3.744599082794967115e-01
4.786576859455492494e-01
5.720368537234963302e-01
6.565101942697648685e-01
7.338008320519149308e-01
8.054586863588263368e-01
8.728781905227108728e-01
9.373164071783410822e-01
9.999109379467365777e-01
1.061697231428464283e+00
1.123625047760290485e+00
1.186573951726427989e+00
1.251367788349768917e+00
1.318788152212043041e+00
1.389586900183986673e+00
1.464497781237708240e+00
1.544247269948045176e+00
1.629564694666911784e+00
1.721191748936446553e+00
1.819891466633537958e+00
1.926456728211657587e+00
2.041718347342136752e+00
2.166552763912628077e+00
2.301889339912419175e+00
2.448717217935580948e+00
2.608091656045595563e+00
2.781139695151379598e+00
2.969064942739642277e+00
3.173151165899887438e+00
3.394764272282820627e+00
3.635352114188773687e+00
3.896441371610255278e+00
4.179630547014791198e+00
4.486577829502363279e+00
4.818982250108359899e+00
5.178556145777783115e+00
5.566986472049191725e+00
5.985881954808191630e+00
6.436702461446676793e+00
6.920666331435891827e+00
7.438630794705572313e+00
7.990940126378046848e+00
8.577236005433462651e+00
9.196224918644478663e+00
9.845398751592259856e+00
1.052070744799191715e+01
1.121618745811202089e+01
1.192355741807659797e+01
1.263180390370492390e+01
1.332679577746058186e+01
1.399098557262933262e+01
1.460327926347983052e+01
1.513917828944388511e+01
1.557131349141329224e+01
1.587048985347790442e+01
1.600733096867742589e+01
1.595454031825046393e+01
1.568967601259987354e+01
1.519817430737444397e+01
1.447618566440840659e+01
1.353266139520920674e+01
1.239011904488540594e+01
1.108367600576579548e+01
9.658275649749127112e+00
8.164461533308644547e+00
6.653439149115147444e+00
5.172350097876053709e+00
3.760591266091444673e+00
2.447682054466755019e+00
1.252755073325925839e+00
1.853811389570978463e-01
-7.527583143178651071e-01
-1.565855542280305546e+00
-2.262013660254177605e+00
-2.851576754542627601e+00
-3.345849683964693622e+00
-3.756203550947777359e+00
-4.093508234630411913e+00
-4.367814513958431455e+00
-4.588211201304951636e+00
-4.762795710326190424e+00
-4.898712027149069392e+00
-5.002224192636679057e+00
-5.078804634239333815e+00
-5.133224862724779847e+00
-5.169641623885601334e+00
-5.191675185204122300e+00
-5.202478618740387972e+00
-5.204798176284008093e+00
-5.201025480934020173e+00
-5.193242516698216349e+00
-5.183260441252750539e+00
-5.172653177038953665e+00
-5.162786614234533999e+00
-5.154844122224372605e+00
-5.149848934092556618e+00
-5.148683851258917699e+00
-5.152108616443622502e+00
-5.160775222884365299e+00
-5.175241364500199559e+00
-5.195982182998169385e+00
-5.223400431034845859e+00
-5.257835142890483482e+00
-5.299568883427130395e+00
-5.348833630527923155e+00
-5.405815334322387145e+00
-5.470657187270253630e+00
-5.543461631957619318e+00
-5.624291127943233271e+00
-5.713167695164940163e+00
-5.810071249525505799e+00
-5.914936746806445989e+00
-6.027650154703290575e+00
-6.148043280422355039e+00
-6.275887493983558052e+00
-6.410886406333003329e+00
-6.552667587878302058e+00
-6.700773448448376080e+00
-6.854651445215105277e+00
-7.013643841863408390e+00
-7.176977310934415932e+00
-7.343752751824190739e+00
-7.512935788465955333e+00
-7.683348510979933543e+00
-7.853663130490345701e+00
-8.022398319615112072e+00
-8.187919103946837751e+00
-8.348441240401546892e+00
-8.502041051965713692e+00
-8.646671667985371457e+00
-8.780186526059120311e+00
-8.900370807346858371e+00
-9.004981185924075149e+00
-9.091793864982127715e+00
-9.158660348483934399e+00
-9.203569770732539013e+00
-9.224715910252774265e+00
-9.220566300106289859e+00
-9.189930184843928984e+00
-9.132021549793272186e+00
-9.046513152040921213e+00
-8.933577497952578383e+00
-8.793911100405887638e+00
-8.628739132823705305e+00
-8.439798748693410957e+00
-8.229300770706958090e+00
-7.999871037769152871e+00
-7.754474259812371706e+00
-7.496324587293913488e+00
-7.228788090361722318e+00
-6.955282844297399514e+00
-6.679182282147733574e+00
-6.403726926264884156e+00
-6.131948639818401325e+00
-5.866610288543972374e+00
-5.610162336167693553e+00
-5.364716573168239577e+00
-5.132036028613293333e+00
-4.913539226597218423e+00
-4.710316362538103263e+00
-4.523154686978736017e+00
-4.352570358984435117e+00
-4.198844210743753358e+00
-4.062059184750923535e+00
-3.942137602576172739e+00
-3.838876846547317534e+00
-3.751982442191854616e+00
-3.681097892859665599e+00
-3.625830923418372098e+00
-3.585776031806646280e+00
-3.560533427037590126e+00
-3.549724555890506394e+00
-3.553004496263706180e+00
-3.570071531972025980e+00
-3.600674230317922220e+00
-3.644616327733234407e+00
-3.701759696594486559e+00
-3.772025623024033880e+00
-3.855394574893189930e+00
-3.951904584013424593e+00
-4.061648308385600536e+00
-4.184768780406455946e+00
-4.321453785627672239e+00
-4.471928754239979931e+00
-4.636447984022686875e+00
-4.815283949276225606e+00
-5.008714385805761893e+00
-5.217006778533067823e+00
-5.440399817921615977e+00
-5.679081337606919355e+00
-5.933162203784788424e+00
-6.202645604816700242e+00
-6.487391198057772534e+00
-6.787073624797759663e+00
-7.101135022588833223e+00
-7.428731371189686961e+00
-7.768672832866471367e+00
-8.119358722897784375e+00
-8.478708406688115318e+00
-8.844090298219933644e+00
-9.212252253151586245e+00
-9.579258010253955291e+00
-9.940435902260444934e+00
-1.029034774077907954e+01
-1.062278741075149036e+01
-1.093082002038231693e+01
-1.120687306445202935e+01
-1.144289049253983137e+01
-1.163055829019112153e+01
-1.176160567502430787e+01
-1.182817895836907773e+01
-1.182327558489132358e+01
-1.174121449119609473e+01
-1.157810712619251170e+01
-1.133228341554721119e+01
-1.100462130209636236e+01
-1.059872987575624137e+01
-1.012094628432385335e+01
-9.580125647198277861e+00
-8.987228870523578550e+00
-8.354741195098595696e+00
-7.695978814064556417e+00
-7.024356532687430210e+00
-6.352692678245033697e+00
-5.692617837835710404e+00
-5.054134229152094981e+00
-4.445347549962430200e+00
-3.872368572750354954e+00
-3.339362115170454448e+00
-2.848708864852223854e+00
-2.401241198169433932e+00
-1.996516231377797990e+00
-1.633095634491222192e+00
-1.308809907719167720e+00
-1.020993013116876513e+00
-7.666802931357985518e-01
-5.427679607858678645e-01
-3.461360614316313367e-01
-1.737389167477735308e-01
-2.266801898902498502e-02
1.098074923637215317e-01
2.262179629306725892e-01
3.288837347119653587e-01
4.199154807105796028e-01
5.012214781335571079e-01
5.745195477910318704e-01
6.413519164901788638e-01
7.031016991911999137e-01
7.610100530227236204e-01
8.161933356435713272e-01
8.696598173666605369e-01
9.223256612926949982e-01
9.750300087300479701e-01
1.028549097245829103e+00
1.083609403134932370e+00
1.140899844837666599e+00
1.201083113579885842e+00
1.264806215907468223e+00
1.332710322629045763e+00
1.405440022043654702e+00
1.483652073701766438e+00
1.568023753325348046e+00
1.659260870470049110e+00
1.758105528249353622e+00
1.865343678803449423e+00
1.981812508681214613e+00
2.108407664039359641e+00
2.246090295265845249e+00
2.395893862550209086e+00
2.558930595738022618e+00
2.736397440539043213e+00
2.929581245027126801e+00
3.139862840641155284e+00
3.368719544724025461e+00
3.617725449911168845e+00
3.888548660920886579e+00
4.182944381654774446e+00
4.502742433970595926e+00
4.849827392430603012e+00
5.226109035735310826e+00
5.633480237169907312e+00
6.073758741427545793e+00
6.548608514295319871e+00
7.059435537298853092e+00
7.607252119471436203e+00
8.192503136213531434e+00
8.814847286066328280e+00
9.472886801420880687e+00
1.016384053460154213e+01
1.088315863281733975e+01
1.162408298788156280e+01
1.237716734705781541e+01
1.312978548724160177e+01
1.386567600395417621e+01
1.456459802657723124e+01
1.520220177531633965e+01
1.575024660438274537e+01
1.617731809939824572e+01
1.645019112706392761e+01
1.653593998531401255e+01
1.640479332007245716e+01
1.603356350594341961e+01
1.540926357159700189e+01
1.453230920537751558e+01
1.341857250044459704e+01
1.209960304887956717e+01
1.062062044187712928e+01
9.036380165779798190e+00
7.405579057778594709e+00
5.784882845064019286e+00
4.223746046037247126e+00
2.760912185508469285e+00
1.422957720769396639e+00
2.246995631046484476e-01
-8.290825297362851565e-01
-1.741274244360371926e+00
-2.519979457560832969e+00
-3.176374690253190192e+00
-3.723039412246166968e+00
-4.172783597741067219e+00
-4.537906212266909378e+00
-4.829784410050081966e+00
-5.058693403873202321e+00
-5.233773582911845246e+00
-5.363082685387441373e+00
-5.453690431150563178e+00
-5.511788573280148817e+00
-5.542800555217575642e+00
-5.551482508623170276e+00
-5.542012094423162338e+00
-5.518064506324156682e+00
-5.482876479543689285e+00
-5.439299853875408708e+00
-5.389846455651058577e+00
-5.336726002147734960e+00
-5.281878530901191304e+00
-5.227002599140310402e+00
-5.173580234708997416e+00
-5.122899376829451512e+00
-5.076074336294059464e+00
-5.034064634814116701e+00
-4.997692451672584468e+00
-4.967658808877832399e+00
-4.944558558535110393e+00
-4.928894192459707391e+00
-4.921088468584112086e+00
-4.921495836400223034e+00
-4.930412640181673467e+00
-4.948086080504896955e+00
-4.974721918880856464e+00
-5.010490915110398014e+00
-5.055533990921730947e+00
-5.109966115724187574e+00
-5.173878910554142507e+00
-5.247341964496231803e+00
-5.330402854328427864e+00
-5.423085853397326517e+00
-5.525389310524680297e+00
-5.637281675018478211e+00
-5.758696140751363046e+00
-5.889523882128049337e+00
-6.029605859178184701e+00
-6.178723179824360479e+00
-6.336586026699995600e+00
-6.502821186108047158e+00
-6.676958260427312553e+00
-6.858414705236933528e+00
-7.046479911367907079e+00
-7.240298652445426697e+00
-7.438854342027303446e+00
-7.640952691726577761e+00
-7.845206531358365432e+00
-8.050022739988721199e+00
-8.253592434771048758e+00
-8.453885759704562020e+00
-8.648652790111253097e+00
-8.835432195316787585e+00
-9.011569349799271933e+00
-9.174245514537203050e+00
-9.320519485216250288e+00
-9.447382683886567989e+00
-9.551828025696742941e+00
-9.630932009920432080e+00
-9.681948379470735944e+00
-9.702410417344056626e+00
-9.690237597746548914e+00
-9.643841024783357696e+00
-9.562221050355489638e+00
-9.445049861259986912e+00
-9.292731847488097330e+00
-9.106435343655782333e+00
-8.888090918984399735e+00
-8.640353704943835922e+00
-8.366530090139129072e+00
-8.070472161433658087e+00
-7.756446140758453289e+00
-7.428983367077328204e+00
-7.092723781936148164e+00
-6.752262209095309942e+00
-6.412006959321529642e+00
-6.076058596159539249e+00
-5.748114355810914233e+00
-5.431401082236690492e+00
-5.128636974050421848e+00
-4.842020236748856732e+00
-4.573241084736074491e+00
-4.323512521276875020e+00
-4.093614918338952080e+00
-3.883949525920673995e+00
-3.694596525463862413e+00
-3.525373958751222059e+00
-3.375894680780326063e+00
-3.245619298589918600e+00
-3.133903796335798297e+00
-3.040041169113921971e+00
-2.963296878201109319e+00
-2.902938300691377815e+00
-2.858258590416839606e+00
-2.828595513717269583e+00
-2.813345893795665020e+00
-2.811976310699500825e+00
-2.824030677445903414e+00
-2.849135260319071605e+00
-2.887001643540156870e+00
-2.937428063042950122e+00
-3.000299456198300962e+00
-3.075586497229543692e+00
-3.163343813413532768e+00
-3.263707505469371828e+00
-3.376892026457060325e+00
-3.503186406102563488e+00
-3.642949740391620228e+00
-3.796605797936428495e+00
-3.964636523296972914e+00
-4.147574141411833892e+00
-4.345991484984006448e+00
-4.560490076825955086e+00
-4.791685401131693389e+00
-5.040188691701705359e+00
-5.306584453058350803e+00
-5.591402816100660367e+00
-5.895085720560068410e+00
-6.217945823564989816e+00
-6.560116974678162016e+00
-6.921495098402355772e+00
-7.301668421104848150e+00
-7.699836218720716552e+00
-8.114715706716864929e+00
-8.544437421462523830e+00
-8.986430541570854302e+00
-9.437301163741361520e+00
-9.892708666410023000e+00
-1.034724801922472892e+01
-1.079434920867420189e+01
-1.122620870650634828e+01
-1.163377177158886333e+01
-1.200678774677577287e+01
-1.233396246937910945e+01
-1.260323121351337683e+01
-1.280217076009598109e+01
-1.291855882288430202e+01
-1.294107223088992065e+01
-1.286009221729056051e+01
-1.266855798408085931e+01
-1.236278281941255308e+01
-1.194312704423470350e+01
-1.141441660769502420e+01
-1.078601170593448799e+01
-1.007146877806711771e+01
-9.287797561197113083e+00
-8.454381439954060440e+00
-7.591688242033238332e+00
-6.719934226089145923e+00
-5.857866493833506105e+00
-5.021798398525863405e+00
-4.224978429521029533e+00
-3.477311064753040526e+00
-2.785393707813683672e+00
-2.152797554409795922e+00
-1.580505384040687522e+00
-1.067422901320375761e+00
-6.108959003200806759e-01
-2.071861913326749627e-01
1.481206010146211005e-01
4.597858297762678625e-01
7.326661426086163997e-01
9.715313754573335903e-01
1.180940863184145595e+00
1.365166316102281119e+00
1.528150220164420592e+00
1.673490259761945431e+00
1.804442028229735984e+00
1.923933987271885471e+00
2.034590118538091463e+00
2.138756929795184281e+00
2.238532439454627987e+00
2.335795497143851485e+00
2.432234343748890915e+00
2.529373710648515683e+00
2.628600038750314560e+00
2.731184591385105165e+00
2.838304363075293324e+00
2.951060765361604776e+00
3.070496113619025635e+00
3.197607954059101143e+00
3.333361264194987683e+00
3.478698537210808350e+00
3.634547723674975916e+00
3.801827954474782167e+00
3.981452907502409211e+00
4.174331607700254132e+00
4.381366365474072211e+00
4.603447462068871232e+00
4.841444082440255592e+00
5.096190877351506110e+00
5.368469409129619230e+00
5.658983604108744458e+00
5.968328206883422027e+00
6.296949119325923938e+00
6.645094429558432658e+00
7.012754919986237567e+00
7.399592927458446212e+00
7.804858664631168175e+00
8.227293567410921327e+00
8.665020993201222765e+00
9.115425757246436334e+00
9.575025665673255304e+00
1.003934048201766061e+01
1.050276671239829440e+01
1.095847019901613884e+01
1.139831262060948447e+01
1.181283224615802041e+01
1.219130301258526039e+01
1.252189817576732089e+01
1.279198402801927692e+01
1.298856384296639277e+01
1.309888070580658059e+01
1.311116919814378257e+01
1.301552033770077088e+01
1.280479414917465242e+01
1.247548483551056542e+01
1.202842224557198669e+01
1.146918879110593714e+01
1.080815021010463539e+01
1.006004381638639877e+01
9.243133806729954216e+00
8.378016601235389160e+00
7.486221930021589976e+00
6.588790257411403672e+00
5.705004380217698845e+00
4.851414254493205291e+00
4.041231601303886478e+00
3.284102599760029051e+00
2.586209864606666908e+00
1.950619377656240827e+00
1.377776315745829150e+00
8.660613644491002017e-01
4.123384217139698937e-01
1.244787578013434315e-02
-3.383787812817760643e-01
-6.451904074650931520e-01
-9.130698555360229340e-01
-1.146959615157818080e+00
-1.351546688825920217e+00
-1.531193822431929252e+00
-1.689905470405450583e+00
-1.831318734272969984e+00
-1.958711483399674602e+00
-2.075021680274351965e+00
-2.182873472562993467e+00
-2.284606853320449993e+00
-2.382308649983062576e+00
-2.477843323266350595e+00
-2.572882584754934587e+00
-2.668933219413404778e+00
-2.767362762537977083e+00
-2.869422858654665287e+00
-2.976270244741215265e+00
-3.088985368493959882e+00
-3.208588686284417069e+00
-3.336054693594165510e+00
-3.472323729091622901e+00
-3.618311566164180704e+00
-3.774916765229853866e+00
-3.943025708048929712e+00
-4.123515172319099698e+00
-4.317252231380607874e+00
-4.525091179994794821e+00
-4.747867093100508029e+00
-4.986385520866037702e+00
-5.241407711832322569e+00
-5.513630639624459207e+00
-5.803660993100817400e+00
-6.111982183869670848e+00
-6.438913342617249569e+00
-6.784559236966474671e+00
-7.148750077427777683e+00
-7.530970323829352608e+00
-7.930275914392117542e+00
-8.345199879040995583e+00
-8.773647146471716951e+00
-9.212780599088739919e+00
-9.658902159411953292e+00
-1.010733497672557668e+01
-1.055231564828518209e+01
-1.098690879127864406e+01
-1.140295997037151743e+01
-1.179110655915308747e+01
-1.214086887411980165e+01
-1.244084485749276148e+01
-1.267902941260711280e+01
-1.284327280157225459e+01
-1.292188008991013959e+01
-1.290433497488049319e+01
-1.278210733830388435e+01
-1.254947737095096549e+01
-1.220428520472846223e+01
-1.174850049511140426e+01
-1.118850841893264203e+01
-1.053503204136966076e+01
-9.802656078808055895e+00
-9.008977272684527193e+00
-8.173469278175652164e+00
-7.316199594598844946e+00
-6.456559255933686181e+00
-5.612156595768566625e+00
-4.797987873881804255e+00
-4.025941585142220447e+00
-3.304635164259193125e+00
-2.639535985958024966e+00
-2.033290725567354684e+00
-1.486179244754644913e+00
-9.966170160616907303e-01
-5.616471685183836993e-01
-1.773832190985728530e-01
1.606181056184765032e-01
4.570602649118711835e-01
7.166832083253045216e-01
9.441038337896866528e-01
1.143709561197294500e+00
1.319593796382162898e+00
1.475523070739395148e+00
1.614927196011291421e+00
1.740905453086092791e+00
1.856243402645115337e+00
1.963436255417967402e+00
2.064715840003143121e+00
2.162079068633695034e+00
2.257316457275585275e+00
2.352039743079933576e+00
2.447707994943594034e+00
2.545651862461998149e+00
2.647095779883409605e+00
2.753178054338395242e+00
2.864968836444159006e+00
2.983486007328884693e+00
3.109709027088963573e+00
3.244590781214147235e+00
3.389067437304750907e+00
3.544066286783879249e+00
3.710511496544046217e+00
3.889327634041755299e+00
4.081440756188722041e+00
4.287776767072521089e+00
4.509256651572774999e+00
4.746788081040731910e+00
5.001252763728302853e+00
5.273488778128222698e+00
5.564266985332079862e+00
5.874260473474366862e+00
6.204005854311440693e+00
6.553855126290197397e+00
6.923916766005850043e+00
7.313984747976610024e+00
7.723454372712711624e+00
8.151224173721347555e+00
8.595583862754697435e+00
9.054089364745152579e+00
9.523427607653205840e+00
9.999275985526006494e+00
1.047616439736301253e+01
1.094735150444014238e+01
1.140473123980214432e+01
1.183879032940514442e+01
1.223864202206183016e+01
1.259216435922604660e+01
1.288627170076859407e+01
1.310734406231318872e+01
1.324182823482927773e+01
1.327700621923607294e+01
1.320190003726412975e+01
1.300824947944491861e+01
1.269146576154727768e+01
1.225143730472138515e+01
1.169305363372366813e+01
1.102632847263859972e+01
1.026604758489042801e+01
9.430936690639647679e+00
8.542426525471237042e+00
7.623165736526902769e+00
6.695477468564252632e+00
5.779959143755573514e+00
4.894386762296634608e+00
4.053017572586989026e+00
3.266308310442182172e+00
2.541000239183368592e+00
1.880479908662721300e+00
1.285309344789231645e+00
7.538267284447963679e-01
2.827398195114791957e-01
-1.323395067821489524e-01
-4.964468776402025108e-01
-8.149114404341109008e-01
-1.093091835920389610e+00
-1.336190647227992745e+00
-1.549133057948074654e+00
-1.736495423191709131e+00
-1.902470947553509095e+00
-2.050861793862075455e+00
-2.185089169309461621e+00
-2.308214958111599380e+00
-2.422970169179075484e+00
-2.531786820866150478e+00
-2.636830921895687130e+00
-2.740034978134038290e+00
-2.843129012713005110e+00
-2.947669480861039748e+00
-3.055065731358769465e+00
-3.166603845842882237e+00
-3.283467799619224525e+00
-3.406757951224116621e+00
-3.537506895709480848e+00
-3.676692717740654981e+00
-3.825249661483582031e+00
-3.984076199268473228e+00
-4.154040433048234782e+00
-4.335982703647515812e+00
-4.530715214074733765e+00
-4.739018395891763547e+00
-4.961633663120340820e+00
-5.199252108320015608e+00
-5.452498603313398640e+00
-5.721910677315938720e+00
-6.007911465246258409e+00
-6.310775959573797778e+00
-6.630589775735300506e+00
-6.967199675496951627e+00
-7.320155213660693327e+00
-7.688641118858387635e+00
-8.071400435767246861e+00
-8.466649099512730814e+00
-8.871983544764571405e+00
-9.284284233017114474e+00
-9.699619660503866925e+00
-1.011315750377371536e+01
-1.051909202910722563e+01
-1.091059959929779133e+01
-1.127983678199736595e+01
-1.161799774223900705e+01
-1.191544862496379764e+01
-1.216195564359020587e+01
-1.234701961779317791e+01
-1.246032184998710690e+01
-1.249227397456325939e+01
-1.243464801663740005e+01
-1.228124381782468433e+01
-1.202853215441955115e+01
-1.167619758032938115e+01
-1.122750023842926126e+01
-1.068938490910566941e+01
-1.007229033110231597e+01
-9.389650353244867631e+00
-8.657124323619418860e+00
-7.891637492644179019e+00
-7.110342615739045691e+00
-6.329623676422627021e+00
-5.564249536317932510e+00
-4.826753504663106042e+00
-4.127073179818752102e+00
-3.472443815851430138e+00
-2.867506402608182903e+00
-2.314573108507043120e+00
-1.813987889278954047e+00
-1.364525911971849137e+00
-9.637875891816909402e-01
-6.085572602778914764e-01
-2.951098164579647465e-01
-1.945914954334687641e-02
2.224503100955257662e-01
4.346032624966177371e-01
6.208165928644793219e-01
7.846774860297882626e-01
9.295087543037463540e-01
1.058354518770788788e+00
1.173980552286665535e+00
1.278884745770823450e+00
1.375314194420705016e+00
1.465286275287392748e+00
1.550611796794833630e+00
1.632918857936512813e+00
1.713676481795220141e+00
1.794217408124751501e+00
1.875759664787053582e+00
1.959426706578175637e+00
2.046266027722007497e+00
2.137266233171024155e+00
2.233372603141161150e+00
2.335501212009048810e+00
2.444551671907708723e+00
2.561418566641537886e+00
2.687001625242851244e+00
2.822214657943534544e+00
2.967993241026563034e+00
3.125301090717172769e+00
3.295135009092365230e+00
3.478528215468223106e+00
3.676551792879600544e+00
3.890313878653568036e+00
4.120956107908813948e+00
4.369646676140392927e+00
4.637569219075082572e+00
4.925906512563523520e+00
5.235817771716233970e+00
5.568408078756784896e+00
5.924688199577368586e+00
6.305522773193324326e+00
6.711564600276699544e+00
7.143172556203978729e+00
7.600310571658953407e+00
8.082425249843099735e+00
8.588300150851786441e+00
9.115885742180797280e+00
9.662105709007731136e+00
1.022264300121676150e+01
1.079171295000170971e+01
1.136183627155177511e+01
1.192363192662647897e+01
1.246565849600419362e+01
1.297434236349669412e+01
1.343404024265512042e+01
1.382729013486076397e+01
1.413530525706415553e+01
1.433875551155612094e+01
1.441885623189011589e+01
1.435874118556675150e+01
1.414503684160072794e+01
1.376948474166626291e+01
1.323039342878862179e+01
1.253366263409332682e+01
1.169313363626766211e+01
1.073009615624949831e+01
9.671920367057788681e+00
8.549954533603690621e+00
7.396986643311902476e+00
6.244661304992376927e+00
5.121239347092040539e+00
4.049989505078491092e+00
3.048345415371063183e+00
2.127799266725312055e+00
1.294381583502632438e+00
5.495174454913754891e-01
-1.089498023163925078e-01
-6.857351752126820132e-01
-1.187199240675795409e+00
-1.620600996359700563e+00
-1.993529303125723517e+00
-2.313499054248256748e+00
-2.587685075206207497e+00
-2.822763116073855549e+00
-3.024829299716781605e+00
-3.199374006754890143e+00
-3.351291466626812543e+00
-3.484911226341856239e+00
-3.604041737047305016e+00
-3.712019443898618931e+00
-3.811759075309387956e+00
-3.905802458379413533e+00
-3.996364299585854152e+00
-4.085374104606656509e+00
-4.174513880443863734e+00
-4.265251550714760143e+00
-4.358870181332492599e+00
-4.456493200745583749e+00
-4.559105834937784429e+00
-4.667572981490934581e+00
-4.782653731659024743e+00
-4.905012722734444885e+00
-5.035228470357885122e+00
-5.173798795459754629e+00
-5.321143425869473198e+00
-5.477603820470847928e+00
-5.643440236202676097e+00
-5.818826037469611023e+00
-6.003839236298163407e+00
-6.198451253067583266e+00
-6.402512905774067953e+00
-6.615737675219973468e+00
-6.837682359684396971e+00
-7.067725331589986837e+00
-7.305042746832731027e+00
-7.548583240981837861e+00
-7.797041880599664410e+00
-8.048834425214248967e+00
-8.302073294566591599e+00
-8.554547018727799212e+00
-8.803705358332148734e+00
-9.046652688962213418e+00
-9.280152602901058145e+00
-9.500646931101142556e+00
-9.704292449203128612e+00
-9.887018310865155257e+00
-1.004460665110707573e+01
-1.017279773238165674e+01
-1.026741940740530623e+01
-1.032453854321908437e+01
-1.034062947427790213e+01
-1.031275172270655283e+01
-1.023872645619903565e+01
-1.011729887027823160e+01
-9.948272363661319062e+00
-9.732600483114040912e+00
-9.472424476882126854e+00
-9.171048000093433572e+00
-8.832845820891627397e+00
-8.463109694040600317e+00
-8.067841029386253027e+00
-7.653505588004162696e+00
-7.226769273220584822e+00
-6.794235523420733003e+00
-6.362203674786735874e+00
-5.936464238069261157e+00
-5.522142010547003821e+00
-5.123592225534518541e+00
-4.744349435389026759e+00
-4.387124259302979112e+00
-4.053839943484820019e+00
-3.745699004354240635e+00
-3.463269917942221721e+00
-3.206584573866015475e+00
-2.975238654706995778e+00
-2.768488871232283266e+00
-2.585342788965156569e+00
-2.424638620972200620e+00
-2.285113722861613184e+00
-2.165461568698392458e+00
-2.064377721311761782e+00
-1.980595777517397682e+00
-1.912914521295388415e+00
-1.860217610513880349e+00
-1.821487104435312920e+00
-1.795812050379588687e+00
-1.782393219556962505e+00
-1.780544936582167947e+00
-1.789694799652862711e+00
-1.809381948266238327e+00
-1.839254407914792111e+00
-1.879065928757037707e+00
-1.928672638141540441e+00
-1.988029744164536039e+00
-2.057188457513817514e+00
-2.136293239644911246e+00
-2.225579434610665430e+00
-2.325371297311470631e+00
-2.436080390219801384e+00
-2.558204281414411252e+00
-2.692325436650658155e+00
-2.839110154721131707e+00
-2.999307345906071731e+00
-3.173746895047783845e+00
-3.363337280611355506e+00
-3.569062035609051886e+00
-3.791974531742447141e+00
-4.033190440561138956e+00
-4.293877070738488122e+00
-4.575238594801173342e+00
-4.878495958636406726e+00
-5.204860011300689315e+00
-5.555496102606023889e+00
-5.931478078444897051e+00
-6.333729274024112676e+00
-6.762947791180394574e+00
-7.219513094779080653e+00
-7.703370848733846366e+00
-8.213893044783912245e+00
-8.749711014304020651e+00
-9.308520069561732058e+00
-9.886856572730522430e+00
-1.047985151175743113e+01
-1.108096953358117354e+01
-1.168174917237002219e+01
-1.227156888037296412e+01
-1.283747423329682213e+01
-1.336411351622354715e+01
-1.383383999608108539e+01
-1.422704644532284313e+01
-1.452279635642840994e+01
-1.469980114425254492e+01
-1.473775791884236241e+01
-1.461900491882043518e+01
-1.433037381831777957e+01
-1.386503119858509159e+01
-1.322402733915702377e+01
-1.241723866403676979e+01
-1.146342900432104628e+01
-1.038927756652527101e+01
-9.227413113850596815e+00
-8.013707401718889400e+00
-6.784249981011913455e+00
-5.572492096882017520e+00
-4.406986053203299392e+00
-3.309982489839558006e+00
-2.296941967206137747e+00
-1.376836365432841713e+00
-5.530054083490869576e-01
1.756949936528370282e-01
8.136808903671172155e-01
1.367525400106715416e+00
1.845028897111765875e+00
2.254503315727895973e+00
2.604260365730554305e+00
2.902272807186375481e+00
3.155971039379271481e+00
3.372138749114913736e+00
3.556876915307023435e+00
3.715612219307470987e+00
3.853132282714934576e+00
3.973635460050641832e+00
4.080786997480621459e+00
4.177776340353442919e+00
4.267372441044653186e+00
4.351975304834480696e+00
4.433662907155392574e+00
4.514233171817036983e+00
4.595241028794870175e+00
4.678030751240177310e+00
4.763763858897354986e+00
4.853442905309644395e+00
4.947931462609917119e+00
5.047970595336046529e+00
5.154192082985104228e+00
5.267128615768318589e+00
5.387221152909797084e+00
5.514823600246785418e+00
5.650204935585356303e+00
5.793548887736132968e+00
5.944951259898928697e+00
6.104414981756111303e+00
6.271842979221049497e+00
6.447028968542522165e+00
6.629646314976363364e+00
6.819235148332496443e+00
7.015188001304503373e+00
7.216734334323780864e+00
7.422924434895176837e+00
7.632613330941253160e+00
7.844445535640483413e+00
8.056841641703261558e+00
8.267987998026724128e+00
8.475830917916598040e+00
8.678077065749981500e+00
8.872201820858320431e+00
9.055467488704206147e+00
9.224953178621952077e+00
9.377597949007395073e+00
9.510258390281892460e+00
9.619781136943938549e+00
9.703089854483083698e+00
9.757285046520717486e+00
9.779753625103763781e+00
9.768283685273086547e+00
9.721178478592024774e+00
9.637362388217118436e+00
9.516470992840181609e+00
9.358917280639724723e+00
9.165926895534367347e+00
8.939537025291421912e+00
8.682556097462098776e+00
8.398484607706174998e+00
8.091400805888083525e+00
7.765818166361592390e+00
7.426524123325139115e+00
7.078411095338092096e+00
6.726311146913866779e+00
6.374844729742577876e+00
6.028291997541376013e+00
5.690492533122143648e+00
5.364776375953343113e+00
5.053926397858447217e+00
4.760169670562485855e+00
4.485193708185230221e+00
4.230182425919378986e+00
3.995866294083912695e+00
3.782581365224707781e+00
3.590332450802323105e+00
3.418856557530236984e+00
3.267683615697445365e+00
3.136192430685865062e+00
3.023660589891242090e+00
2.929307720338166110e+00
2.852332004761524598e+00
2.791940232183508286e+00
2.747371900778527110e+00
2.717918029001741065e+00
2.702935389281976519e+00
2.701856878859881572e+00
2.714198703093504417e+00
2.739564982487073586e+00
2.777650316895877047e+00
2.828240756661513533e+00
2.891213546002655566e+00
2.966535921879359439e+00
3.054263173210959526e+00
3.154536091023533828e+00
3.267577869250975819e+00
3.393690447340800276e+00
3.533250217948587402e+00
3.686702954013796329e+00
3.854557737424956443e+00
4.037379594303488695e+00
4.235780457755124573e+00
4.450407986105625824e+00
4.681931661994442884e+00
4.931025484920852797e+00
5.198346447925674241e+00
5.484507861083059765e+00
5.790046456411360509e+00
6.115382091044331503e+00
6.460768774406596471e+00
6.826235705224779515e+00
7.211517050635256609e+00
7.615969380922581244e+00
8.038476053878030214e+00
8.477338504093093974e+00
8.930155432950396488e+00
9.393692424343731417e+00
9.863746638041799741e+00
1.033501404167566839e+01
1.080097015553894302e+01
1.125377940434977653e+01
1.168425260485996020e+01
1.208187629435951216e+01
1.243494058888434850e+01
1.273079272258522998e+01
1.295623970531316083e+01
1.309811390173549128e+01
1.314399843011783453e+01
1.308308486070612631e+01
1.290710548583963480e+01
1.261125082911711637e+01
1.219495721795045995e+01
1.166243807698712054e+01
1.102284440247567510e+01
1.028997893090241433e+01
9.481551855401550100e+00
8.618042031206009312e+00
7.721298371165171481e+00
6.813062437077861411e+00
5.913601920844842930e+00
5.040613882717879690e+00
4.208496427625250114e+00
3.428015940810398288e+00
2.706332839974016302e+00
2.047305217647933162e+00
1.451971332236550616e+00
9.191154998813000354e-01
4.458399311959110323e-01
2.808905557892232840e-02
-3.389037376408646773e-01
-6.602580989538875400e-01
-9.411755158479295780e-01
-1.186745307754138778e+00
-1.401814808232497933e+00
-1.590910174458867621e+00
-1.758195372079354390e+00
-1.907458760986390445e+00
-2.042118781034698571e+00
-2.165242183486050465e+00
-2.279569925131681440e+00
-2.387547195545289380e+00
-2.491355099535899509e+00
-2.592942308221388714e+00
-2.694055571994325327e+00
-2.796268403212927023e+00
-2.901007525234079676e+00
-3.009576879179416409e+00
-3.123179105091830277e+00
-3.242934488231561829e+00
-3.369897397563199615e+00
-3.505070251554492256e+00
-3.649415032911184298e+00
-3.803862343332179208e+00
-3.969317944750658356e+00
-4.146666676696784570e+00
-4.336773571527242410e+00
-4.540481911092041578e+00
-4.758607880692552250e+00
-4.991931380019130948e+00
-5.241182448049559461e+00
-5.507022652955583020e+00
-5.790020694389573563e+00
-6.090621372742908157e+00
-6.409107011097497697e+00
-6.745550389512442457e+00
-7.099758294442857220e+00
-7.471204934256995500e+00
-7.858954771669171890e+00
-8.261574833797990181e+00
-8.677037349716655967e+00
-9.102614710106383455e+00
-9.534770318821085056e+00
-9.969050969583676647e+00
-1.039998894806995011e+01
-1.082102506652083385e+01
-1.122446709331126691e+01
-1.160150116836681100e+01
-1.194227618539232871e+01
-1.223608189812102331e+01
-1.247163956184230216e+01
-1.263751804414998148e+01
-1.272267749401095038e+01
-1.271712641317223813e+01
-1.261265704068790328e+01
-1.240360070722230823e+01
-1.208752349286363348e+01
-1.166576890685134948e+01
-1.114375451548059459e+01
-1.053094796467529548e+01
-9.840485291650505673e+00
-9.088445948580840650e+00
-8.292854379201074266e+00
-7.472524138963291485e+00
-6.645885443728983155e+00
-5.829934160861427905e+00
-5.039411071117211094e+00
-4.286273540100705937e+00
