1.000000000000000000e+00
9.757598706720784776e-01
9.532575842719490655e-01
9.321112186987204895e-01
9.121705919172047317e-01
8.933486701195213486e-01
8.755967816876770726e-01
8.589001570922127904e-01
8.432784600647700302e-01
8.287888075425381418e-01
8.155310316597850218e-01
8.036554671949759365e-01
7.933737681369278372e-01
7.849734456169953356e-01
7.788370406463497320e-01
7.754671204884505675e-01
7.755186318395480560e-01
7.798405728458318587e-01
7.895294767908723754e-01
8.059978513133196909e-01
8.310615046884221035e-01
8.670506244524974759e-01
9.169505465580257697e-01
9.845793257724813063e-01
1.074810390330041665e+00
1.193849530044205576e+00
1.349575841682531863e+00
1.551955358086190229e+00
1.813532769402326439e+00
2.149999038814279118e+00
2.580817903889722764e+00
3.129867885828958585e+00
3.826012402984143357e+00
4.703441146943485585e+00
5.801522849081662159e+00
7.163768129475024615e+00
8.835328562654646944e+00
1.085829062257296940e+01
1.326395300442659320e+01
1.606148413500950056e+01
1.922312901707145016e+01
2.266779839840818767e+01
2.624755486973629104e+01
2.974462832192507378e+01
3.288824305217665511e+01
3.539750587537788817e+01
3.704627911831111930e+01
3.773050103044813852e+01
3.750772438256982610e+01
3.658533596264038579e+01
3.525946754970507868e+01
3.383363703919572174e+01
3.255284976407821063e+01
3.157238834273528383e+01
3.095829022372998551e+01
3.070513673689170631e+01
3.075804225385807200e+01
3.103219091675635966e+01
3.142858884917917806e+01
3.184700310392397782e+01
3.219708924845006237e+01
3.240774942416063453e+01
3.243382103108525882e+01
3.225889053525396832e+01
3.189355487327168959e+01
3.136956360537946864e+01
3.073139494028158580e+01
3.002737981059944516e+01
2.930226559714564161e+01
2.859231651006588137e+01
2.792312534063760765e+01
2.730963706724888240e+01
2.675759832372774483e+01
2.626567852342905240e+01
2.582770389049092330e+01
2.543467043741521039e+01
2.507638284323072142e+01
2.474268348597334111e+01
2.442429904646614247e+01
2.411335941479383038e+01
2.380365127218280819e+01
2.349066732087666409e+01
2.317150724368691783e+01
2.284468030439004593e+01
2.250985260809368071e+01
2.216757448900001748e+01
2.181901543604617544e+01
2.146572581009460734e+01
2.110943691742237505e+01
2.075190433946921331e+01
2.039479417392124816e+01
2.003960817947022832e+01
1.968764167055445569e+01
1.933996714551924967e+01
1.899743673057602678e+01
1.866069724752556169e+01
1.833021276918169562e+01
1.800629068318350434e+01
1.768910838611891023e+01
1.737873868521678489e+01
1.707517275545947300e+01
1.677834008258824383e+01
1.648812523525670670e+01
1.620438158099997850e+01
1.592694222192208109e+01
1.565562850634931635e+01
1.539025649718278643e+01
1.513064176626986779e+01
1.487660285182562703e+01
1.462796367347886672e+01
1.438455515409775565e+01
1.414621625368648594e+01
1.391279458090246735e+01
1.368414671333656329e+01
1.346013832895633122e+01
1.324064422782640094e+01
1.302554830489144777e+01
1.281474352060987698e+01
1.260813190591401955e+01
1.240562463074203770e+01
1.220714216071091762e+01
1.201261452394309437e+01
1.182198170927957470e+01
1.163519421785789554e+01
1.145221379213498381e+01
1.127301434979896300e+01
1.109758315461355771e+01
1.092592226210814843e+01
1.075805028525506124e+01
1.059400453400406938e+01
1.043384359295986918e+01
1.027765041382327915e+01
1.012553601374106194e+01
9.977643887724447325e+00
9.834155263123200541e+00
9.695295347100493899e+00
9.561340744430669503e+00
9.432628252940931546e+00
9.309565277582013465e+00
9.192642141208064999e+00
9.082446609989977659e+00
8.979680992596991373e+00
8.885182212417404912e+00
8.799945287138744021e+00
8.725150673674692214e+00
8.662195939147608215e+00
8.612732186252625155e+00
8.578705573331637524e+00
8.562404096753700955e+00
8.566509505219210396e+00
8.594153737231621903e+00
8.648978541023808475e+00
8.735195856564130779e+00
8.857644995827522294e+00
9.021840515609850897e+00
9.234001795329456641e+00
9.501051589184681845e+00
9.830566168111653624e+00
1.023065421313626011e+01
1.070973577960125667e+01
1.127618733583575406e+01
1.193781576650622966e+01
1.270112603283897101e+01
1.357035782477018060e+01
1.454629101507949862e+01
1.562486325046197599e+01
1.679570903328814779e+01
1.804081629889577343e+01
1.933359174647061351e+01
2.063870316441326125e+01
2.191308304659919060e+01
2.310838256754722764e+01
2.417492193707503745e+01
2.506680236939429207e+01
2.574741220279490861e+01
2.619423511795241311e+01
2.640183083529025865e+01
2.638220585005762686e+01
2.616245216115049743e+01
2.578026466043536757e+01
2.527845750175608330e+01
2.469970026124778428e+01
2.408240474040332302e+01
2.345819862086549179e+01
2.285094770336400671e+01
2.227698150225486984e+01
2.174606919848454822e+01
2.126273362113238008e+01
2.082760342335948778e+01
2.043862599281650105e+01
2.009206228768259805e+01
1.978325001370156855e+01
1.950715720357521832e+01
1.925876296408082666e+01
1.903330433093717389e+01
1.882642408876918694e+01
1.863424803126952867e+01
1.845341361181317907e+01
1.828106624585989337e+01
1.811483497569633982e+01
1.795279575885840018e+01
1.779342811909102906e+01
1.763556909645688009e+01
1.747836716255964262e+01
1.732123787490558087e+01
1.716382241605627001e+01
1.700594971619830531e+01
1.684760253571425892e+01
1.668888764987476492e+01
1.653001010656772962e+01
1.637125140427994907e+01
1.621295135088674400e+01
1.605549330681778031e+01
1.589929248319882049e+01
1.574478695189625732e+01
1.559243102582997942e+01
1.544269068067314699e+01
1.529604070969038787e+01
1.515296332893115938e+01
1.501394797766245404e+01
1.487949208659432898e+01
1.475010261233931175e+01
1.462629815924921495e+01
1.450861152821431155e+01
1.439759254537986344e+01
1.429381103142807952e+01
1.419785977363495633e+01
1.411035735799767465e+01
1.403195070708657610e+01
1.396331715074826363e+01
1.390516583134345652e+01
1.385823821301127978e+01
1.382330742598193218e+01
1.380117613314272518e+01
1.379267255849364382e+01
1.379864426832680380e+01
1.381994924968017635e+01
1.385744379217711320e+01
1.391196665602704741e+01
1.398431901022650869e+01
1.407523966278743011e+01
1.418537519342370246e+01
1.431524475474443037e+01
1.446519954766283966e+01
1.463537731639022432e+01
1.482565265997871329e+01
1.503558452469556528e+01
1.526436291496870368e+01
1.551075761130959840e+01
1.577307245737940633e+01
1.604910949162733047e+01
1.633614773794189645e+01
1.663094169594665672e+01
1.692974433529103351e+01
1.722835856231342078e+01
1.752221959957609343e+01
1.780650848949582965e+01
1.807629411086716331e+01
1.832669792868702530e+01
1.855307256467315824e+01
1.875118265367077441e+01
1.891737483272837395e+01
1.904872350275110549e+01
1.914314042374438785e+01
1.919943919983594682e+01
1.921734993208817599e+01
1.919748417296787579e+01
1.914125508239968099e+01
1.905076165808266708e+01
1.892864855609194663e+01
1.877795406454538352e+01
1.860195827548735537e+01
1.840404170728685074e+01
1.818756201306594633e+01
1.795575346898418445e+01
1.771165111470697084e+01
1.745803904121719086e+01
1.719742056604016156e+01
1.693200694474076684e+01
1.666372077924176054e+01
1.639421027587368940e+01
1.612487083410345790e+01
1.585687097175309468e+01
1.559118019891736928e+01
1.532859705611782886e+01
1.506977607828874710e+01
1.481525290652215077e+01
1.456546713496391732e+01
1.432078275457693550e+01
1.408150624978159371e+01
1.384790253260772630e+01
1.362020897675190056e+01
1.339864785440521366e+01
1.318343749340975535e+01
1.297480247039698575e+01
1.277298314398911927e+01
1.257824481584307108e+01
1.239088678954871980e+01
1.221125158005514777e+01
1.203973451017514940e+01
1.187679391566729237e+01
1.172296216545008285e+01
1.157885768689448724e+01
1.144519816523423827e+01
1.132281505728390592e+01
1.121266951798738276e+01
1.111586977742877203e+01
1.103368991752588002e+01
1.096758987109823025e+01
1.091923628806612534e+01
1.089052366790221527e+01
1.088359482476539775e+01
1.090085931000077579e+01
1.094500784254149295e+01
1.101902006922220956e+01
1.112616207844137506e+01
1.126996902081476470e+01
1.145420697541733723e+01
1.168280691137796801e+01
1.195976237372312312e+01
1.228898161216766383e+01
1.267408464882044150e+01
1.311813678357815860e+01
1.362331296872393160e+01
1.419049317422092216e+01
1.481879813385813804e+01
1.550508826987432087e+01
1.624346602696145681e+01
1.702484196706153696e+01
1.783664463584366544e+01
1.866276808864492764e+01
1.948385182689933615e+01
2.027796796557261061e+01
2.102174413144420839e+01
2.169187824528106390e+01
2.226691280785001226e+01
2.272905193121194145e+01
2.306575125559092498e+01
2.327081393545129018e+01
2.334479601191228682e+01
2.329465023398601531e+01
2.313268549635543891e+01
2.287504608667393313e+01
2.253998487224076541e+01
2.214620319326787268e+01
2.171146866419413612e+01
2.125162855377612203e+01
2.078004236989105635e+01
2.030738558182810749e+01
1.984173642805624382e+01
1.938884711880637113e+01
1.895251060678010546e+01
1.853495435513934808e+01
1.813721508254652193e+01
1.775946835563692616e+01
1.740130200149080508e+01
1.706193241430875318e+01
1.674036871729004972e+01
1.643553252835760858e+01
1.614634183011263957e+01
1.587176700735493640e+01
1.561086608945477927e+01
1.536280500475613486e+01
1.512686744315588072e+01
1.490245784375875537e+01
1.468910012051976821e+01
1.448643401374072504e+01
1.429421039252768288e+01
1.411228640776678844e+01
1.394062108011362611e+01
1.377927167800450015e+01
1.362839107515109482e+01
1.348822615735000952e+01
1.335911726007399558e+01
1.324149854943635596e+01
1.313589920027165725e+01
1.304294516857922837e+01
1.296336129510293134e+01
1.289797340707059803e+01
1.284771000163470234e+01
1.281360299371512745e+01
1.279678689011943860e+01
1.279849560978477996e+01
1.282005600761434394e+01
1.286287698063340912e+01
1.292843284850595964e+01
1.301823952051370092e+01
1.313382181091536971e+01
1.327667017776016145e+01
1.344818518292101039e+01
1.364960816334084015e+01
1.388193703839936433e+01
1.414582693830762317e+01
1.444147650623064294e+01
1.476850236957117168e+01
1.512580642079272586e+01
1.551144314984777317e+01
1.592249717168959933e+01
1.635498398723184721e+01
1.680378942519262964e+01
1.726266449177274964e+01
1.772429175909693555e+01
1.818043623655707108e+01
1.862218741220109308e+01
1.904028983003164299e+01
1.942554790341024074e+01
1.976927819796542707e+01
2.006377140217973931e+01
2.030271920401655095e+01
2.048156053634665241e+01
2.059770830543598308e+01
2.065063131711058020e+01
2.064178446577092174e+01
2.057439985898506762e+01
2.045316854226203063e+01
2.028385368711575509e+01
2.007287986729816609e+01
1.982693957208754298e+01
1.955264914620543593e+01
1.925627450903372306e+01
1.894353493572222646e+01
1.861948292710421882e+01
1.828845089822999626e+01
1.795405133517004970e+01
1.761921581074505738e+01
1.728625906821886815e+01
1.695695645747010971e+01
1.663262562587497584e+01
1.631420600226315187e+01
1.600233194538338921e+01
1.569739730701619251e+01
1.539961055409558632e+01
1.510904054712186806e+01
1.482565366202415547e+01
1.454934325670901174e+01
1.427995260271643296e+01
1.401729239402882499e+01
1.376115386093440307e+01
1.351131839420267156e+01
1.326756444881771024e+01
1.302967236287637220e+01
1.279742760491052778e+01
1.257062285606931695e+01
1.234905924350928252e+01
1.213254696738499128e+01
1.192090550443658437e+01
1.171396352434120836e+01
1.151155861866503116e+01
1.131353691447477594e+01
1.111975262371522177e+01
1.093006756386005129e+01
1.074435067388089848e+01
1.056247754127035954e+01
1.038432994992031411e+01
1.020979545448966874e+01
1.003876698402860335e+01
9.871142475705196873e+00
9.706824538238802091e+00
9.545720143885592535e+00
9.387740347400610474e+00
9.232800030212633402e+00
9.080817668018516642e+00
8.931715120079745773e+00
8.785417438649819388e+00
8.641852697152883067e+00
8.500951835956886526e+00
8.362648524830207819e+00
8.226879041435967821e+00
8.093582165503805825e+00
7.962699088628607313e+00
7.834173339986279849e+00
7.707950728637535498e+00
7.583979303523959992e+00
7.462209332761845282e+00
7.342593304427210477e+00
7.225085951723605682e+00
7.109644306261371227e+00
6.996227784188354448e+00
6.884798311141214988e+00
6.775320493487066109e+00
6.667761845163616918e+00
6.562093081684230000e+00
6.458288495653926375e+00
6.356326431569010005e+00
6.256189881902474603e+00
6.157867231702586430e+00
6.061353185392030163e+00
5.966649917445727702e+00
5.873768498512911940e+00
5.782730660785676768e+00
5.693570981560195143e+00
5.606339582675085254e+00
5.521105466687640906e+00
5.437960639294382226e+00
5.357025202873398229e+00
5.278453649640882261e+00
5.202442636594510006e+00
5.129240590321559878e+00
5.059159570401652317e+00
4.992589918413266048e+00
4.930018338646347864e+00
4.872050199881484467e+00
4.819437018244616233e+00
4.773110281750142292e+00
4.734223008683748901e+00
4.704200692303206921e+00
4.684803565690713434e+00
4.678202405670782049e+00
4.687070350587676515e+00
4.714693375650104379e+00
4.765102055212057763e+00
4.843226889161758919e+00
4.955078539861411890e+00
5.107952452864880755e+00
5.310653985050583614e+00
5.573734582019628903e+00
5.909720710607142991e+00
6.333303868251379143e+00
6.861440588772000915e+00
7.513284610301033339e+00
8.309838789045636886e+00
9.273173718252351705e+00
1.042501980620064828e+01
1.178451451650584225e+01
1.336490394640950363e+01
1.516910105146285481e+01
1.718424755990299957e+01
1.937586382387191719e+01
2.168280261157220679e+01
2.401492933971939081e+01
2.625591326652119051e+01
2.827321062916204042e+01
2.993572801641336412e+01
3.113671618464329427e+01
3.181610796664233831e+01
3.197473850302320741e+01
3.167455654425421230e+01
3.102407658393656575e+01
3.015432061049190438e+01
2.919374495182797347e+01
2.824945796991671187e+01
2.739788219781947376e+01
2.668387554115804861e+01
2.612518268551988143e+01
2.571902861594036338e+01
2.544869594691817483e+01
2.528907376499578419e+01
2.521095545946409544e+01
2.518424244899402709e+01
2.518030559039259586e+01
2.517370958654552027e+01
2.514341908488917809e+01
2.507353396379485844e+01
2.495356790002479386e+01
2.477828951362256404e+01
2.454717698768756406e+01
2.426357690300339698e+01
2.393368863991610951e+01
2.356550568150663238e+01
2.316783181475489073e+01
2.274945879572096175e+01
2.231855223373769803e+01
2.188225426282653530e+01
2.144648214431257571e+01
2.101588431840164617e+01
2.059390902433883141e+01
2.018294268481333731e+01
1.978448236474875799e+01
1.939931571807217026e+01
1.902769076866692899e+01
1.866946541986093422e+01
1.832423229304363232e+01
1.799141839393961106e+01
1.767036148194993572e+01
1.736036624555171670e+01
1.706074382152251445e+01
1.677083813256071565e+01
1.649004217745949319e+01
1.621780694276498735e+01
1.595364511202167002e+01
1.569713128471969377e+01
1.544790001030109750e+01
1.520564260340516505e+01
1.497010343453493952e+01
1.474107617933829495e+01
1.451840035100828707e+01
1.430195832462712069e+01
1.409167298082776831e+01
1.388750604119704946e+01
1.368945713289945409e+01
1.349756359978872844e+01
1.331190106762015013e+01
1.313258476863506630e+01
1.295977163325940218e+01
1.279366316200234976e+01
1.263450909731932192e+01
1.248261192191632318e+01
1.233833221552413306e+01
1.220209490533028251e+01
1.207439644463100059e+01
1.195581294816184581e+01
1.184700929885242715e+01
1.174874921670264172e+01
1.166190624261489184e+01
1.158747553393476082e+01
1.152658628866288026e+01
1.148051450510250682e+01
1.145069563513970579e+01
1.143873649329599651e+01
1.144642553023343545e+01
1.147574025861075775e+01
1.152885022260646686e+01
1.160811342539508573e+01
1.171606357429794443e+01
1.185538488715668493e+01
1.202887056219922535e+01
1.223936041418806830e+01
1.248965273100793461e+01
1.278238527061131080e+01
1.311988072648466641e+01
1.350395323555811977e+01
1.393567493409684666e+01
1.441510554494272967e+01
1.494099379351522394e+01
1.551046718515241629e+01
1.611873602455473176e+01
1.675884759877989794e+01
1.742153545430969075e+01
1.809521409224267074e+01
1.876616796472411153e+01
1.941897217309605850e+01
2.003715866322354699e+01
2.060410644552369064e+01
2.110409167558877286e+01
2.152339166980369356e+01
2.185130728677807355e+01
2.208096149386591023e+01
2.220975480305113336e+01
2.223940900313930413e+01
2.217559864021339777e+01
2.202723817533818007e+01
2.180554432498218276e+01
2.152301605721460476e+01
2.119246673824498828e+01
2.082621074438149478e+01
2.043546258794938808e+01
2.002996277881957710e+01
1.961781031374397699e+01
1.920546086429026289e+01
1.879784196255048201e+01
1.839853858446833712e+01
1.801001046664800498e+01
1.763381268517136036e+01
1.727080096561711287e+01
1.692131150260223293e+01
1.658531125465606237e+01
1.626251882098258861e+01
1.595249845629738950e+01
1.565473097713376482e+01
1.536866566686411240e+01
1.509375712734248687e+01
1.482949059367247635e+01
1.457539868700907171e+01
1.433107202824677806e+01
1.409616562807759976e+01
1.387040253165748105e+01
1.365357583602451896e+01
1.344554991203875183e+01
1.324626144132208871e+01
1.305572071185375549e+01
1.287401349277665119e+01
1.270130371964490124e+01
1.253783715699489321e+01
1.238394615811526656e+01
1.224005560557147021e+01
1.210669008445405126e+01
1.198448230788671154e+01
1.187418277549860335e+01
1.177667059446810605e+01
1.169296532287058277e+01
1.162423959895901149e+01
1.157183218905539945e+01
1.153726091104191553e+01
1.152223465896075538e+01
1.152866345521013791e+01
1.155866507884087291e+01
1.161456635230689649e+01
1.169889661082755516e+01
1.181437023454955870e+01
1.196385441738077660e+01
1.215031762790728109e+01
1.237675357647128926e+01
1.264607508094623967e+01
1.296097223236401419e+01
1.332372998841178102e+01
1.373600213193733843e+01
1.419854183789779967e+01
1.471089429808560034e+01
1.527106423047533212e+01
1.587518060754634064e+01
1.651719197854358967e+01
1.718863692337006555e+01
1.787854305334076344e+01
1.857351120864504068e+01
1.925803524455162474e+01
1.991508871789221757e+01
2.052697659671797936e+01
2.107640525699380873e+01
2.154767475373962071e+01
2.192785529541582434e+01
2.220778841240507973e+01
2.238276312560538628e+01
2.245276142932326735e+01
2.242223796800891833e+01
2.229947890316299919e+01
2.209565375465982484e+01
2.182371427348913429e+01
2.149729872109573847e+01
2.112977230276230500e+01
2.073348734305269048e+01
2.031929520311160786e+01
1.989629832141147858e+01
1.947180185933099494e+01
1.905141124641199468e+01
1.863922147616317204e+01
1.823805167106831959e+01
1.784968975377653067e+01
1.747512371496719297e+01
1.711474601351030955e+01
1.676852528629562400e+01
1.643614475274129205e+01
1.611710984372891531e+01
1.581082917695239409e+01
1.551667353470642929e+01
1.523401738247336468e+01
1.496226699740530464e+01
1.470087865786511827e+01
1.444936970439645663e+01
1.420732468898877521e+01
1.397439831623156081e+01
1.375031645676891223e+01
1.353487617710244884e+01
1.332794547042317213e+01
1.312946317846117417e+01
1.293943945182938293e+01
1.275795699451146703e+01
1.258517326698886230e+01
1.242132377353421901e+01
1.226672652529343566e+01
1.212178774587996877e+01
1.198700886498707874e+01
1.186299482303337349e+01
1.175046368115962991e+01
1.165025749072352923e+01
1.156335431885829657e+01
1.149088124475236050e+01
1.143412802689972452e+01
1.139456098506208370e+01
1.137383643102441511e+01
1.137381270718884885e+01
1.139655953897433882e+01
1.144436296425115351e+01
1.151972356264134412e+01
1.162534506923222999e+01
1.176410973488281897e+01
1.193903602558857457e+01
1.215321350786049948e+01
1.240970916680253744e+01
1.271143913517508039e+01
1.306100014177331303e+01
1.346045626863531197e+01
1.391107926556359331e+01
1.441304516226971089e+01
1.496509662989412703e+01
1.556418962882490931e+01
1.620515402379404435e+01
1.688040998228819234e+01
1.757979301910303604e+01
1.829054732337569789e+01
1.899754547824964490e+01
1.968377880714856687e+01
2.033113372232331173e+01
2.092142624404029405e+01
2.143761481454567175e+01
2.186506142740888237e+01
2.219267717722780020e+01
2.241378410830445489e+01
2.252655792440488014e+01
2.253398221092315623e+01
2.244332940648228814e+01
2.226526484217512092e+01
2.201272653025212733e+01
2.169975240026734653e+01
2.134040822471693843e+01
2.094792437716842315e+01
2.053409399664391444e+01
2.010893416864903571e+01
1.968057499752837103e+01
1.925532197367695630e+01
1.883783272588856050e+01
1.843135536001469887e+01
1.803798703222865640e+01
1.765892413035154007e+01
1.729468688455204983e+01
1.694531021033614948e+01
1.661049887850547790e+01
1.628974902864021246e+01
1.598244013326126556e+01
1.568790233428361702e+01
1.540546408325990768e+01
1.513448457793526458e+01
1.487437484449029412e+01
1.462461062190965322e+01
1.438473955025702899e+01
1.415438459144710315e+01
1.393324513434842871e+01
1.372109685438811866e+01
1.351779110154386920e+01
1.332325436655403017e+01
1.313748820963702535e+01
1.296056991619443721e+01
1.279265405864105887e+01
1.263397508310894679e+01
1.248485099629518658e+01
1.234568819439601484e+01
1.221698744702541539e+01
1.209935101893000109e+01
1.199349087605493658e+01
1.190023787483143103e+01
1.182055176877216773e+01
1.175553177825114659e+01
1.170642735057191786e+01
1.167464858011551065e+01
1.166177555386269660e+01
1.166956562709033918e+01
1.169995730954593682e+01
1.175506904841186362e+01
1.183719073058126448e+01
1.194876520209333215e+01
1.209235654080450040e+01
1.227060126569537957e+01
1.248613820052731427e+01
1.274151245084003925e+01
1.303904907322464091e+01
1.338069274332002756e+01
1.376781134572575738e+01
1.420096422664468960e+01
1.467964015853687876e+01
1.520197604248644296e+01
1.576447494601561239e+01
1.636175074525545625e+01
1.698633530907097011e+01
1.762859100186827632e+01
1.827677378420267473e+01
1.891728750373726342e+01
1.953515561271984424e+01
2.011471148319028401e+01
2.064047430685117135e+01
2.109813929393940768e+01
2.147557681037108068e+01
2.176371509486185829e+01
2.195718370509429107e+01
2.205462331400093134e+01
2.205861799251469790e+01
2.197526755268998855e+01
2.181347478870326384e+01
2.158406160942141128e+01
2.129884110787576290e+01
2.096975973833786711e+01
2.060819221729238748e+01
2.022443230432003958e+01
1.982738549582502685e+01
1.942444174877584473e+01
1.902149024767350483e+01
1.862303301778962350e+01
1.823235695481575647e+01
1.785173116041188734e+01
1.748260541184815509e+01
1.712579414262714295e+01
1.678163739067387894e+01
1.645013542009822416e+01
1.613105723037797290e+01
1.582402524240346153e+01
1.552857946601696604e+01
1.524422475306654690e+01
1.497046460174312266e+01
1.470682460593003071e+01
1.445286817508742416e+01
1.420820667129251902e+01
1.397250566827509743e+01
1.374548865514045026e+01
1.352693919164672565e+01
1.331670226998750906e+01
1.311468544299068739e+01
1.292086013162874991e+01
1.273526341669298390e+01
1.255800054200287086e+01
1.238924830216917883e+01
1.222925945028916850e+01
1.207836823449269836e+01
1.193699715210193624e+01
1.180566499181611384e+01
1.168499621336271410e+01
1.157573168580100642e+01
1.147874076488498041e+01
1.139503463044640874e+01
1.132578071926599428e+01
1.127231796844764844e+01
1.123617241822540080e+01
1.121907249891842362e+01
1.122296303031513531e+01
1.125001657815265688e+01
1.130264032726903700e+01
1.138347603357716054e+01
1.149538990435080521e+01
1.164144844050296612e+01
1.182487539274832855e+01
1.204898411181026319e+01
1.231707884338426240e+01
1.263231813938969417e+01
1.299753383008048324e+01
1.341500033239364420e+01
1.388615195650396039e+01
1.441125085554835472e+01
1.498901581523126758e+01
1.561623241150060970e+01
1.628737784249501175e+01
1.699430774259881360e+01
1.772606507892608363e+01
1.846887904659084967e+01
1.920641993115244972e+01
1.992035938548684371e+01
2.059125141685916205e+01
2.119969855967782379e+01
2.172770714241451984e+01
2.216007848164825589e+01
2.248564639572787272e+01
2.269817129308395920e+01
2.279674463541615737e+01
2.278563880104331574e+01
2.267363680186291930e+01
2.247296708925941999e+01
2.219802661329095983e+01
2.186408789033935207e+01
2.148615595346887019e+01
2.107808377165978797e+01
2.065198978423613241e+01
2.021796542717055090e+01
1.978402337200519412e+01
1.935622029724559212e+01
1.893888755581289729e+01
1.853491299793353164e+01
1.814603160605044962e+01
1.777309721366425421e+01
1.741631997500385509e+01
1.707546350003178048e+01
1.675000171774378543e+01
1.643923911562652407e+01
1.614239970597522955e+01
1.585869052529713485e+01
1.558734518747023579e+01
1.532765234772133134e+01
1.507897313080415813e+01
1.484075077514808960e+01
1.461251502037083583e+01
1.439388315023288811e+01
1.418455910278940202e+01
1.398433166609267175e+01
1.379307247681370363e+01
1.361073431416057744e+01
1.343735001658111727e+01
1.327303222974001073e+01
1.311797410901513672e+01
1.297245103813920686e+01
1.283682337924308214e+01
1.271154023144580059e+01
1.259714413930305632e+01
1.249427665354250472e+01
1.240368459959107916e+01
1.232622684952741032e+01
1.226288131525943648e+01
1.221475177973142578e+01
1.218307405345981209e+01
1.216922078042837718e+01
1.217470401567720018e+01
1.220117445360002861e+01
1.225041590067230146e+01
1.232433326360436965e+01
1.242493197602621180e+01
1.255428643753937301e+01
1.271449472826632388e+01
1.290761665129477898e+01
1.313559213273025428e+01
1.340013729290355116e+01
1.370261624139017975e+01
1.404388801449552204e+01
1.442413024180178738e+01
1.484264424024105899e+01
1.529765034099391485e+01
1.578608723680438253e+01
1.630343461124029147e+01
1.684358354171510541e+01
1.739878302483640837e+01
1.795969198545849821e+01
1.851556269709456259e+01
1.905457232394304867e+01
1.956430378346985322e+01
2.003235624089903411e+01
2.044704203566993428e+01
2.079810521374558618e+01
2.107738257637473467e+01
2.127932622395027806e+01
2.140131964272212173e+01
2.144374641647157276e+01
2.140980661041776401e+01
2.130511292109945742e+01
2.113712850625486794e+01
2.091452485317199361e+01
2.064653890593664087e+01
2.034239595159839453e+01
2.001084346214472021e+01
1.965981721508846292e+01
1.929623972229760298e+01
1.892593545848733072e+01
1.855363859374359592e+01
1.818306619956848991e+01
1.781703158861631309e+01
1.745757672118903159e+01
1.710610788057318743e+01
1.676352396638617748e+01
1.643033114275727158e+01
1.610674095371353687e+01
1.579275138460509531e+01
1.548821184747285784e+01
1.519287389418836831e+01
1.490642980743784030e+01
1.462854125175892861e+01
1.435886001320855776e+01
1.409704260880441318e+01
1.384276026688438144e+01
1.359570550458363236e+01
1.335559627944426353e+01
1.312217847811067273e+01
1.289522732838139341e+01
1.267454817975499992e+01
1.245997698814188226e+01
1.225138075797298320e+01
1.204865813488480875e+01
1.185174030027769376e+01
1.166059229171098188e+01
1.147521485733695634e+01
1.129564694601363861e+01
1.112196893553223198e+01
1.095430670813586183e+01
1.079283669410436808e+01
1.063779201976007371e+01
1.048946991503073534e+01
1.034824055687056976e+01
1.021455754737907462e+01
1.008897024798039865e+01
9.972138211518313256e+00
9.864847969626614699e+00
9.768032438934367789e+00
9.682793200333216888e+00
9.610425871822615207e+00
9.552448724985877604e+00
9.510634570920618813e+00
9.487045740473224242e+00
9.484071675506806187e+00
9.504468193414478350e+00
9.551396837035582621e+00
9.628461817521266397e+00
9.739740831794428289e+00
9.889804420741862501e+00
1.008371647206894473e+01
1.032700594026495367e+01
1.062559690600475371e+01
1.098568091184117712e+01
1.141351249045002447e+01
1.191510667120625122e+01
1.249581717941179448e+01
1.315977773576259580e+01
1.390919855838004437e+01
1.474352840687391897e+01
1.565852151641793810e+01
1.664528928991142109e+01
1.768946610298374011e+01
1.877066904777877454e+01
1.986246782727057081e+01
2.093308161202400441e+01
2.194696077190519290e+01
2.286727736043518533e+01
2.365914556691642900e+01
2.429316252345688554e+01
2.474867457877521559e+01
2.501611958412658154e+01
2.509792800886707909e+01
2.500777213043025426e+01
2.476834105279240461e+01
2.440815335657776686e+01
2.395808339400233322e+01
2.344823326217775872e+01
2.290557944505985688e+01
2.235256040603685435e+01
2.180654394416088238e+01
2.127997386501506938e+01
2.078094971213792164e+01
2.031401547035005350e+01
1.988098919528546915e+01
1.948172780685620253e+01
1.911477386603679918e+01
1.877786834453462106e+01
1.846833585851449655e+01
1.818335998036356216e+01
1.792016990843588431e+01
1.767615914839490898e+01
1.744895417550655026e+01
1.723644768650628478e+01
1.703680776575659550e+01
1.684847142920241936e+01
1.667012867951613941e+01
1.650070139189264395e+01
1.633931998340257152e+01
1.618529981536959639e+01
1.603811855721905744e+01
1.589739523240978336e+01
1.576287131655935347e+01
1.563439402139090539e+01
1.551190174295402180e+01
1.539541155445464327e+01
1.528500856523801765e+01
1.518083693517459132e+01
1.508309231869972855e+01
1.499201550851261189e+01
1.490788705084719545e+01
1.483102260910580128e+01
1.476176885835349317e+01
1.470049969834805381e+01
1.464761257666618910e+01
1.460352471580642053e+01
1.456866903904532151e+01
1.454348958982370199e+01
1.452843623945105556e+01
1.452395847924047878e+01
1.453049809753651367e+01
1.454848055162082332e+01
1.457830486175480367e+01
1.462033188262600092e+01
1.467487084950462339e+01
1.474216415593736862e+01
1.482237040014027940e+01
1.491554584121498550e+01
1.502162453565339462e+01
1.514039757930200558e+01
1.527149205742686533e+01
1.541435049967115489e+01
1.556821183711794276e+01
1.573209504998910724e+01
1.590478685620921873e+01
1.608483489800374855e+01
1.627054790764478653e+01
1.646000424577391641e+01
1.665106998135819438e+01
1.684142730478405170e+01
1.702861353246522569e+01
1.721007028941823336e+01
1.738320168496559504e+01
1.754543948858693625e+01
1.769431254990379898e+01
1.782751708189112705e+01
1.794298403121456076e+01
1.803893966905037161e+01
1.811395579325138883e+01
1.816698653868656521e+01
1.819738969962485342e+01
1.820493158477787432e+01
1.818977562911190660e+01
1.815245614122673246e+01
1.809383954444021825e+01
1.801507617589955501e+01
1.791754608561924655e+01
1.780280231833336657e+01
1.767251490111396706e+01
1.752841826725605401e+01
1.737226420821056649e+01
1.720578174910390246e+01
1.703064466803937194e+01
1.684844678457838185e+01
1.666068466582157725e+01
1.646874705493198476e+01
1.627391011432849410e+01
1.607733747889761489e+01
1.588008411085199256e+01
1.568310301216189551e+01
1.548725395867308308e+01
1.529331355127105141e+01
1.510198601733105583e+01
1.491391432838115527e+01
1.472969131977367674e+01
1.454987060104269325e+01
1.437497712996787769e+01
1.420551738940746134e+01
1.404198915502744427e+01
1.388489087598236615e+01
1.373473071133711976e+01
1.359203527431370695e+01
1.345735813568140671e+01
1.333128812768172722e+01
1.321445747115326341e+01
1.310754972080695069e+01
1.301130748616849075e+01
1.292653983731324807e+01
1.285412924348381303e+01
1.279503781696845977e+01
1.275031254200949959e+01
1.272108905684663327e+01
1.270859342456943786e+01
1.271414117455146808e+01
1.273913272197738245e+01
1.278504408238968004e+01
1.285341159969888913e+01
1.294580921437990462e+01
1.306381663668514825e+01
1.320897669145845121e+01
1.338274011324267931e+01
1.358639625375440474e+01
1.382098859303057736e+01
1.408721470504907458e+01
1.438531150368231870e+01
1.471492825558030404e+01
1.507499202318738973e+01
1.546357285017207239e+01
1.587775896610326143e+01
1.631355525747687452e+01
1.676582074030431357e+01
1.722826211696875376e+01
1.769349994046068986e+01
1.815322070345689198e+01
1.859842181709202080e+01
1.901974693950990414e+01
1.940789718559519628e+01
1.975409097427696281e+01
2.005053396130904630e+01
2.029085330284408784e+01
2.047044969760320043e+01
2.058672746563668454e+01
2.063917686993115197e+01
2.062930170725967116e+01
2.056040528578573046e+01
2.043726528146286014e+01
2.026573936077372906e+01
2.005234720162851403e+01
1.980387086750847203e+01
1.952700622049378509e+01
1.922808588966299936e+01
1.891288195986105336e+01
1.858648610177248983e+01
1.825325748075900734e+01
1.791682470137706673e+01
1.758012684251685087e+01
1.724547954108315295e+01
1.691465424593182121e+01
1.658896145835924330e+01
1.626933147002328894e+01
1.595638848134900911e+01
1.565051588452669407e+01
1.535191189911580878e+01
1.506063570236387861e+01
1.477664478242066792e+01
1.449982455054234975e+01
1.423001136079369466e+01
1.396701007103385628e+01
1.371060718941857992e+01
1.346058052371050628e+01
1.321670611146391217e+01
1.297876307325582701e+01
1.274653690732739619e+01
1.251982163635341649e+01
1.229842112664780984e+01
1.208214982622993183e+01
1.187083310917188506e+01
1.166430736748138841e+01
1.146241995635927324e+01
1.126502907205880710e+01
1.107200362205763788e+01
1.088322313339647884e+01
1.069857773567701820e+01
1.051796824943067854e+01
1.034130640767697074e+01
1.016851523798382750e+01
9.999529633883753377e+00
9.834297147889182966e+00
9.672779043507627961e+00
9.514951650606770173e+00
9.360808077341166822e+00
9.210360342834455594e+00
9.063642008208422141e+00
8.920711399743005643e+00
8.781655537404123635e+00
8.646594905238282891e+00
8.515689227832860198e+00
8.389144449875166387e+00
8.267221154551672058e+00
8.150244701848931683e+00
8.038617420407813796e+00
7.932833246892599277e+00
7.833495274904766603e+00
7.741336750608969197e+00
7.657246132550483253e+00
7.582296914812460820e+00
7.517782988898964902e+00
7.465260379257379952e+00
7.426596212244071182e+00
7.404025741002366878e+00
7.400218107807112311e+00
7.418351220374849397e+00
7.462195562763549894e+00
7.536205833719732183e+00
7.645617841286444616e+00
7.796545866742633280e+00
7.996072474496794591e+00
8.252318174923177097e+00
8.574472124180708477e+00
8.972756923623302683e+00
9.458290551651472811e+00
1.004279702661497353e+01
1.073810601572143320e+01
1.155537329232497434e+01
1.250395401901202774e+01
1.358987752137615956e+01
1.481391659604798505e+01
1.616932868879692009e+01
1.763947909715461648e+01
1.919573366644242540e+01
2.079620066297023229e+01
2.238604122065755675e+01
2.390004936443193273e+01
2.526791022785698715e+01
2.642191992890662533e+01
2.730608243864605456e+01
2.788468129074409774e+01
2.814808657440448769e+01
2.811403849773451569e+01
2.782391658686729485e+01
2.733506106062675656e+01
2.671134043207132081e+01
2.601436640707838777e+01
2.529708159416409430e+01
2.460036034944793215e+01
2.395231135734547578e+01
2.336945533996212276e+01
2.285887418701040374e+01
2.242061846888958598e+01
2.204993314672245575e+01
2.173909856335382074e+01
2.147884261287024898e+01
2.125936443458780545e+01
2.107104207891191194e+01
2.090489887969250660e+01
2.075289218281713488e+01
2.060807343172151462e+01
2.046465524280593584e+01
2.031801079544153055e+01
2.016462375482646152e+01
2.000200245402375288e+01
1.982856937983440915e+01
1.964353537983323861e+01
1.944676684735616945e+01
1.923865306432038125e+01
1.901997969683334944e+01
1.879181310519588521e+01
1.855539870693335658e+01
1.831207522528642428e+01
1.806320537760817047e+01
1.781012249619782395e+01
1.755409177849258029e+01
1.729628434523358749e+01
1.703776202272477036e+01
1.677947071548029001e+01
1.652224034501810124e+01
1.626678954521962694e+01
1.601373357641273287e+01
1.576359421060836041e+01
1.551681062129169142e+01
1.527375056504780915e+01
1.503472135969634849e+01
1.479998034148277952e+01
1.456974462354218858e+01
1.434420008326537577e+01
1.412350958260380018e+01
1.390782047834308166e+01
1.369727151428289780e+01
1.349199920880345083e+01
1.329214386343193333e+01
1.309785532391645013e+01
1.290929862740089540e+01
1.272665966935080384e+01
1.255015102312647635e+01
1.238001804428190233e+01
1.221654539112626736e+01
1.206006409279479996e+01
1.191095929566143674e+01
1.176967881764077717e+01
1.163674263660086083e+01
1.151275343205716162e+01
1.139840828621269075e+01
1.129451162810075182e+01
1.120198946888776526e+01
1.112190492181182755e+01
1.105547491967218932e+01
1.100408792722999962e+01
1.096932228410930321e+01
1.095296459218863561e+01
1.095702726410234185e+01
1.098376395854489651e+01
1.103568112522909672e+01
1.111554325112139452e+01
1.122636862970261085e+01
1.137141156937229169e+01
1.155412594227028400e+01
1.177810391580704952e+01
1.204698272939371329e+01
1.236431168361387378e+01
1.273337141075090884e+01
1.315693843279308872e+01
1.363699055154552653e+01
1.417435341066392418e+01
1.476829626299586984e+01
1.541609599744475290e+01
1.611260272829412799e+01
1.684985668023634986e+01
1.761682227953291147e+01
1.839931718124639204e+01
1.918021582161255978e+01
1.993999284909525826e+01
2.065763676952818173e+01
2.131190789676359998e+01
2.188284378097574745e+01
2.235334438043631522e+01
2.271061901928530702e+01
2.294726813265026522e+01
2.306181660662883104e+01
2.305860768452020793e+01
2.294708486643612133e+01
2.274060106747382193e+01
2.245496833324346397e+01
2.210698038262760790e+01
2.171310636064950117e+01
2.128848565657859737e+01
2.084627516889084120e+01
2.039733317017206105e+01
1.995017974363525681e+01
1.951115448058150292e+01
1.908469274549566208e+01
1.867365460758121998e+01
1.827965826441298347e+01
1.790338729816645369e+01
1.754485560970745084e+01
1.720362442830140992e+01
1.687897259951821383e+01
1.657002514983434693e+01
1.627584677649496925e+01
1.599550718469192212e+01
1.572812468414935871e+01
1.547289357583425939e+01
1.522909986775505509e+01
1.499612890607790128e+01
1.477346766799069222e+01
1.456070376264680100e+01
1.435752262588324157e+01
1.416370395925572190e+01
1.397911813472033948e+01
1.380372304255783611e+01
1.363756168289533832e+01
1.348076067392877597e+01
1.333352975888580083e+01
1.319616232760010810e+01
1.306903691812452095e+01
1.295261962160708435e+01
1.284746727346487027e+01
1.275423127037013593e+01
1.267366180094833972e+01
1.260661221397489662e+01
1.255404316709226364e+01
1.251702609775300878e+01
1.249674543275759042e+01
1.249449880073280639e+01
1.251169433197885184e+01
1.254984392354361766e+01
1.261055111928687289e+01
1.269549201600724686e+01
1.280638737661662852e+01
1.294496394023138919e+01
1.311290281158841964e+01
1.331177285020759449e+01
1.354294724377040815e+01
1.380750203845625990e+01
1.410609642139076847e+01
1.443883611524667998e+01
1.480512343565764688e+01
1.520350040097122957e+01
1.563149468515973695e+01
1.608548191956883855e+01
1.656058141570829179e+01
1.705060509979905703e+01
1.754808041196671908e+01
1.804436612556320441e+01
1.852987460542608389e+01
1.899440450583649920e+01
1.942757465619680346e+01
1.981933430355504200e+01
2.016050948761645145e+01
2.044333340300505242e+01
2.066190348547181443e+01
2.081251201560534625e+01
2.089381072921423765e+01
2.090679131930653156e+01
2.085458873603920438e+01
2.074213767249918305e+01
2.057572979613668807e+01
2.036252714227922311e+01
2.011008511100228446e+01
1.982592853018156021e+01
1.951720957991151195e+01
1.919046066418724905e+01
1.885144155473869176e+01
1.850507010626433413e+01
1.815542007984290862e+01
1.780576767182630959e+01
1.745866925215545962e+01
1.711605545309572562e+01
1.677933013428315334e+01
1.644946616335198186e+01
1.612709295630065753e+01
1.581257311783310726e+01
1.550606727537122609e+01
1.520758737581729392e+01
1.491703942094361501e+01
1.463425697426601602e+01
1.435902688724410758e+01
1.409110865359706466e+01
1.383024867369468325e+01
1.357619054298767125e+01
1.332868229987060005e+01
1.308748139772498220e+01
1.285235801309605641e+01
1.262309717122292696e+01
1.239950006210774447e+01
1.218138483357794044e+01
1.196858707996501536e+01
1.176096019334892340e+01
1.155837570610363940e+01
1.136072372629539551e+01
1.116791354925899071e+01
1.097987451772394074e+01
1.079655719786691037e+01
1.061793493865185134e+01
1.044400588610046299e+01
1.027479553227859554e+01
1.011035989056284023e+01
9.950789404108856928e+00
9.796213713453390426e+00
9.646807432012172612e+00
9.502797105099224595e+00
9.364469559191425319e+00
9.232181883606072503e+00
9.106373326454161088e+00
8.987579430214127640e+00
8.876448778467318945e+00
8.773762772221742168e+00
8.680458898353577979e+00
8.597657988403758722e+00
8.526695984555502150e+00
8.469160717922372683e+00
8.426934142899254354e+00
8.402240332298720915e+00
8.397699281790487191e+00
8.416386144115074686e+00
8.461894839819795067e+00
8.538403974954325903e+00
8.650741514669483934e+00
8.804442567664944264e+00
9.005791766387968522e+00
9.261837924604487071e+00
9.580363813171580034e+00
9.969788049584058953e+00
1.043896955668476423e+01
1.099687860668090345e+01
1.165209369530455419e+01
1.241208305676744850e+01
1.328223758314270242e+01
1.426464369045085512e+01
1.535662645490487499e+01
1.654916018760352259e+01
1.782533587038789236e+01
1.915918275411595317e+01
2.051523901573165887e+01
2.184930862868638712e+01
2.311077030782692177e+01
2.424656942911327562e+01
2.520662004655185484e+01
2.594984993389465089e+01
2.644970865801946047e+01
2.669784062349820530e+01
2.670494435731521676e+01
2.649855152341513786e+01
2.611830822854960843e+01
2.560997714370238398e+01
2.501955511803739896e+01
2.438860825163739676e+01
2.375136831292318718e+01
2.313357890097681491e+01
2.255271170389221069e+01
2.201903885033008379e+01
2.153709010276686797e+01
2.110715276978785582e+01
2.072661352710505156e+01
2.039105470590837754e+01
2.009509172518043485e+01
1.983297807428044024e+01
1.959901997793220119e+01
1.938784452406400050e+01
1.919455987549666531e+01
1.901483871321484997e+01
1.884494865392321472e+01
1.868174707681015434e+01
1.852265285510296877e+01
1.836560382150951654e+01
1.820900616800253857e+01
1.805168013321618048e+01
1.789280504002734062e+01
1.773186583554557316e+01
1.756860262831087027e+01
1.740296422674321519e+01
1.723506630399063866e+01
1.706515451458986021e+01
1.689357264939533110e+01
1.672073572700010047e+01
1.654710777649181352e+01
1.637318396352793926e+01
1.619947664515260755e+01
1.602650490380975867e+01
1.585478710240207967e+01
1.568483601447793063e+01
1.551715611121934124e+01
1.535224262473980339e+01
1.519058205077530488e+01
1.503265379940704349e+01
1.487893274701887592e+01
1.472989248404624796e+01
1.458600908965279430e+01
1.444776529524675723e+01
1.431565492309223586e+01
1.419018750382010552e+01
1.407189298719433879e+01
1.396132646389340515e+01
1.385907281216101694e+01
1.376575117174128771e+01
1.368201912823275279e+01
1.360857646349097649e+01
1.354616829156386082e+01
1.349558735448712099e+01
1.345767519790510747e+01
1.343332188308470876e+01
1.342346382025532847e+01
1.342907923011063609e+01
1.345118065894630810e+01
1.349080389345062159e+01
1.354899255138288794e+01
1.362677757532112821e+01
1.372515084331148394e+01
1.384503215197071135e+01
1.398722894819313467e+01
1.415238841270991443e+01
1.434094186199302179e+01
1.455304196272469497e+01
1.478849396688879736e+01
1.504668308265092058e+01
1.532650117928145583e+01
1.562627723017708270e+01
1.594371712614422343e+01
1.627585958623530260e+01
1.661905564554756154e+01
1.696897935698653725e+01
1.732067664515789218e+01
1.766865747404871456e+01
1.800703352316373795e+01
1.832969947815614375e+01
1.863055114146169444e+01
1.890372842611819593e+01
1.914386669799176488e+01
1.934633675996368041e+01
1.950745281863438407e+01
1.962462953151262823e+01
1.969647371635035071e+01
1.972280298011404298e+01
1.970459137810484407e+01
1.964384995756415364e+01
1.954345641179419246e+01
1.940695212219817734e+01
1.923832616128678552e+01
1.904180449675930475e+01
1.882165926580885085e+01
1.858204843420852725e+01
1.832689130791780840e+01
1.805978096765424112e+01
1.778393123425288991e+01
1.750215345183044846e+01
1.721685716995448701e+01
1.693006853236022025e+01
1.664346058183016197e+01
1.635839050570860564e+01
1.607593984806818099e+01
1.579695473376136050e+01
1.552208407712212512e+01
1.525181452611952082e+01
1.498650150226236377e+01
1.472639614405892949e+01
1.447166826825433894e+01
1.422242565530466685e+01
1.397873007097111042e+01
1.374061047919373557e+01
1.350807390303584299e+01
1.328111436649377275e+01
1.305972031219768326e+01
1.284388084681559050e+01
1.263359112284713426e+01
1.242885712588259750e+01
1.222970010222642401e+01
1.203616083393450964e+01
1.184830394701654299e+01
1.166622242362977246e+01
1.149004248013066842e+01
1.131992896932596437e+01
1.115609146657564921e+01
1.099879120488779449e+01
1.084834903305773324e+01
1.070515458233249895e+01
1.056967683985012307e+01
1.044247633961805732e+01
1.032421919183195058e+01
1.021569317576047453e+01
1.011782611581608116e+01
1.003170673861172446e+01
9.958608162204971137e+00
9.900014085645464590e+00
9.857647611605365512e+00
9.833502426434289845e+00
9.829875753439250019e+00
9.849402052491438297e+00
9.895085820711161162e+00
9.970331006801989915e+00
1.007896343364396508e+01
1.022524118091410372e+01
1.041384607812517338e+01
1.064984730192628248e+01
1.093862563435196655e+01
1.128574441697853281e+01
1.169675101528477157e+01
1.217689134574034782e+01
1.273072072823657841e+01
1.336159842701372646e+01
1.407106251528448126e+01
1.485809805407158990e+01
1.571833651548729271e+01
1.664325803707142981e+01
1.761950785380856033e+01
1.862847722150634411e+01
1.964632512871052938e+01
2.064461331252310572e+01
2.159167598820305756e+01
2.245473659633118757e+01
2.320262312650944736e+01
2.380875267689975772e+01
2.425391036846892945e+01
2.452830114998889854e+01
2.463244823089452140e+01
2.457674234602444940e+01
2.437974707835223143e+01
2.406563679348750640e+01
2.366129519985261709e+01
2.319359601481734856e+01
2.268724921716971465e+01
2.216339627684273950e+01
2.163894942586272663e+01
2.112654137301166202e+01
2.063489554174726592e+01
2.016942922543748296e+01
1.973293852765986500e+01
1.932626191103778268e+01
1.894886362882979824e+01
1.859931232981429972e+01
1.827565251364498877e+01
1.797567908026350381e+01
1.769713074411849263e+01
1.743781919063093966e+01
1.719570954835529975e+01
1.696896538485647099e+01
1.675596881543806660e+01
1.655532386763713859e+01
1.636584915522271544e+01
1.618656422910120796e+01
1.601667266417473101e+01
1.585554395617773160e+01
1.570269557896397394e+01
1.555777603265511466e+01
1.542054934694031587e+01
1.529088125151511335e+01
1.516872705582181169e+01
1.505412116901536024e+01
1.494716812055977684e+01
1.484803489889217332e+01
1.475694440059749901e+01
1.467416976864882727e+01
1.460002939064616712e+01
1.453488232331662111e+01
1.447912390566544971e+01
1.443318131884485389e+01
1.439750884553539123e+01
1.437258257556798391e+01
1.435889429842326059e+01
1.435694431851853992e+01
1.436723292786680162e+01
1.439025027548568225e+01
1.442646438727718738e+01
1.447630711811923199e+01
1.454015786435677349e+01
1.461832493493214713e+01
1.471102457831649879e+01
1.481835779500264749e+01
1.494028523515218154e+01
1.507660068931403963e+01
1.522690392460816433e+01
1.539057389198950432e+01
1.556674361822806851e+01
1.575427837736098624e+01
1.595175898057322428e+01
1.615747219295144532e+01
1.636941033692382419e+01
1.658528203061649720e+01
1.680253569494350430e+01
1.701839691934100784e+01
1.722991999847074496e+01
1.743405296784887426e+01
1.762771433894473816e+01
1.780787856488057486e+01
1.797166618790921788e+01
1.811643377616864825e+01
1.823985828981323820e+01
1.834001053277046722e+01
1.841541289622637834e+01
1.846507765985446525e+01
1.848852358557579834e+01
1.848577024934313684e+01
1.845731130249406249e+01
1.840406942448256089e+01
1.832733694380958767e+01
1.822870684495205040e+01
1.810999910347991815e+01
1.797318703258829586e+01
1.782032767630942161e+01
1.765349937928865742e+01
1.747474864236654213e+01
1.728604736660308205e+01
1.708926069600804354e+01
1.688612495463156193e+01
1.667823466400640697e+01
1.646703731903956935e+01
1.625383446971962442e+01
1.603978766582548587e+01
1.582592793175975387e+01
1.561316761047372204e+01
1.540231361690436707e+01
1.519408134766167962e+01
1.498910868778881600e+01
1.478796972693606371e+01
1.459118794131614116e+01
1.439924871334520518e+01
1.421261114949209414e+01
1.403171922157178564e+01
1.385701230113189197e+01
1.368893518428855316e+01
1.352794771857282186e+01
1.337453414663706042e+01
1.322921227590344451e+01
1.309254256950780082e+01
1.296513723252932238e+01
1.284766933807630629e+01
1.274088199916472419e+01
1.264559754261447821e+01
1.256272657784758096e+01
1.249327677331548259e+01
1.243836105257387104e+01
1.239920479665161324e+01
1.237715148514545582e+01
1.237366602167644736e+01
1.239033476748473639e+01
1.242886105001174002e+01
1.249105462555896473e+01
1.257881326742221972e+01
1.269409434401196712e+01
1.283887397983598433e+01
1.301509120837959443e+01
1.322457450477000940e+01
1.346894832794002284e+01
1.374951793237619313e+01
1.406713187323694747e+01
1.442202347397895856e+01
1.481363517502894034e+01
1.524043318529367141e+01
1.569972412824425589e+01
1.618749011022299200e+01
1.669826325309847093e+01
1.722506431138681648e+01
1.775943132535557467e+01
1.829156199342431677e+01
1.881058638708554653e+01
1.930497419172982987e+01
1.976306335215188525e+01
2.017367683055755023e+01
2.052677466222046476e+01
2.081407413635079351e+01
2.102956615803256923e+01
2.116986353868268367e+01
2.123433716073731148e+01
2.122502534591627565e+01
2.114633426614296852e+01
2.100457577556461430e+01
2.080740764441794255e+01
2.056324676502757143e+01
2.028071895462219132e+01
1.996819292653098543e+01
1.963342574936245200e+01
1.928332741506904924e+01
1.892383639636255666e+01
1.855988788788789279e+01
1.819545177231977462e+01
1.783361715287708549e+01
1.747670303462778563e+01
1.712637895582666658e+01
1.678378392702491695e+01
1.644963619412908074e+01
1.612432973048037965e+01
1.580801587918596063e+01
1.550067027244007711e+01
1.520214619212598350e+01
1.491221607069309130e+01
1.463060301682757292e+01
1.435700421341584487e+01
1.409110787143111665e+01
1.383260519986115611e+01
1.358119861255340588e+01
1.333660716424179071e+01
1.309857000402600313e+01
1.286684846100152768e+01
1.264122723433960971e+01
1.242151504680571783e+01
1.220754503303501970e+01
1.199917506797303801e+01
1.179628819296845954e+01
1.159879326369917685e+01
1.140662592256610530e+01
1.121974998608719254e+01
1.103815933335892119e+01
1.086188038346501905e+01
1.069097525681802452e+01
1.052554572713615499e+01
1.036573808662901364e+01
1.021174906668481874e+01
1.006383297968194412e+01
9.922310274227026383e+00
9.787577725749782687e+00
9.660120516270106705e+00
9.540526490112545943e+00
9.429502904422896847e+00
9.327896021433890184e+00
9.236713908745763035e+00
9.157152817255790112e+00
9.090627483266532138e+00
9.038805636607117222e+00
9.003646869001942221e+00
8.987445796938590803e+00
8.992879100983019569e+00
9.023055486018359161e+00
9.081566816314532886e+00
9.172537551599283745e+00
9.300668046778726605e+00
9.471265172305692204e+00
9.690250966487800710e+00
9.964136587204086126e+00
1.029994472525124571e+01
1.070505909417644119e+01
1.118697515324547709e+01
1.175292286666993569e+01
1.240933175110891540e+01
1.316111326297344952e+01
1.401074914473341693e+01
1.495720063276045231e+01
1.599469591095574295e+01
1.711151293131634077e+01
1.828894730907008892e+01
1.950072695490940333e+01
2.071318130998776397e+01
2.188645824938238960e+01
2.297696979997875388e+01
2.394102061948661486e+01
2.473925460063722781e+01
2.534122687764516613e+01
2.572919934695160649e+01
2.590029256740005081e+01
2.586645358393539595e+01
2.565223662956228168e+01
2.529094856108959632e+01
2.482007053032158339e+01
2.427691243109314456e+01
2.369521659717875295e+01
2.310304421675155950e+01
2.252191518777988222e+01
2.196693512205401433e+01
2.144755511561387706e+01
2.096863502265017942e+01
2.053156382864213114e+01
2.013528489682624212e+01
1.977715269507816132e+01
1.945360201252654875e+01
1.916064220910146076e+01
1.889420357290871522e+01
1.865036664777356279e+01
1.842550338744987215e+01
1.821635449704698928e+01
1.802006225812507623e+01
1.783417346443371088e+01
1.765662319855555751e+01
1.748570711783153442e+01
1.732004760597214599e+01
1.715855744860648713e+01
1.700040346792816948e+01
1.684497168299883540e+01
1.669183495186588573e+01
1.654072362643550420e+01
1.639149945755056237e+01
1.624413278768708935e+01
1.609868293507286197e+01
1.595528158684153297e+01
1.581411896664302041e+01
1.567543251433854934e+01
1.553949780502327904e+01
1.540662143643111470e+01
1.527713562382025358e+01
1.515139425664563610e+01
1.502977018929647990e+01
1.491265355703264639e+01
1.480045092652394167e+01
1.469358510694594244e+01
1.459249546154864419e+01
1.449763857034292691e+01
1.440948910157435847e+01
1.432854075264970817e+01
1.425530711995025079e+01
1.419032235142863030e+01
1.413414142609236279e+01
1.408733989063170711e+01
1.405051286595898397e+01
1.402427311596586001e+01
1.400924794840965681e+01
1.400607469501582258e+01
1.401539449674003457e+01
1.403784410352313650e+01
1.407404538953191242e+01
1.412459228954470802e+01
1.419003488560472626e+01
1.427086042212590122e+01
1.436747110989163367e+01
1.448015870277219364e+01
1.460907600300619968e+01
1.475420567744634859e+01
1.491532705094173394e+01
1.509198188143322916e+01
1.528344050414740884e+01
1.548867013918152757e+01
1.570630755533197309e+01
1.593463862762225602e+01
1.617158755868959474e+01
1.641471858827841857e+01
1.666125282211359959e+01
1.690810231194976510e+01
1.715192267608478716e+01
1.738918436573738902e+01
1.761626121088110608e+01
1.782953323258827538e+01
1.802549905851557455e+01
1.820089183708583747e+01
1.835279154068372875e+01
1.847872617878730850e+01
1.857675483884008472e+01
1.864552666062367692e+01
1.868431172965238929e+01
1.869300223011789797e+01
1.867208472758018090e+01
1.862258682484776529e+01
1.854600335100865749e+01
1.844420848771974875e+01
1.831936071120940568e+01
1.817380716020035081e+01
1.800999316131984074e+01
1.783038135389591616e+01
1.763738337723410865e+01
1.743330561960125280e+01
1.722030923713593609e+01
1.700038363126995833e+01
1.677533186463861270e+01
1.654676608905783297e+01
1.631611091291999571e+01
1.608461268985029236e+01
1.585335290211543402e+01
1.562326408285342794e+01
1.539514702315312888e+01
1.516968830845102900e+01
1.494747750090443894e+01
1.472902351793210762e+01
1.451476994744176352e+01
1.430510918826546352e+01
1.410039541416981912e+01
1.390095643730612629e+01
1.370710459837482809e+01
1.351914684204688299e+01
1.333739415250996352e+01
1.316217052963775025e+01
1.299382168446354413e+01
1.283272362565960023e+01
1.267929129797768795e+01
1.253398741968324615e+01
1.239733164875959837e+01
1.226991018620562102e+01
1.215238589752733134e+01
1.204550899821681220e+01
1.195012830250039393e+01
1.186720297290991510e+01
1.179781462629197364e+01
1.174317954367564631e+01
1.170466058987194202e+01
1.168377826575795986e+01
1.168222008332205419e+01
1.170184716229849364e+01
1.174469659065014682e+01
1.181297766589016796e+01
1.190905964369932235e+01
1.203544807941141492e+01
1.219474628951900641e+01
1.238959794334565778e+01
1.262260641426634500e+01
1.289622641615111043e+01
1.321262381890607962e+01
1.357350062757104681e+01
1.397988421686174831e+01
1.443188334151975027e+01
1.492841843875159569e+01
1.546694038116542913e+01
1.604315988503373802e+01
1.665081848735247760e+01
1.728153997382780105e+01
1.792480624893639884e+01
1.856810121164120275e+01
1.919725749461193587e+01
1.979702200771586362e+01
2.035182711561833813e+01
2.084671800861194768e+01
2.126834987364161833e+01
2.160593996148611851e+01
2.185204905281540988e+01
2.200308063783066004e+01
2.205942467827852127e+01
2.202522893417886252e+01
2.190784134087029145e+01
2.171701686071513038e+01
2.146401003468668378e+01
2.116067571109033807e+01
2.081867863397847174e+01
2.044887683687704794e+01
2.006090489083872441e+01
1.966294984884950736e+01
1.926169015017835662e+01
1.886235672313707923e+01
1.846887412592451838e+01
1.808404456847599562e+01
1.770974582522021024e+01
1.734712286241803625e+01
1.699676089218018404e+01
1.665883379467877745e+01
1.633322627976529873e+01
1.601963098843129529e+01
1.571762330597345247e+01
1.542671733306603699e+01
1.514640655186702567e+01
1.487619247468678907e+01
1.461560414485089510e+01
1.436421088587334438e+01
1.412163023341383372e+01
1.388753257050516154e+01
1.366164363524701919e+01
1.344374578401802367e+01
1.323367866775537038e+01
1.303133980621190879e+01
1.283668541651118744e+01
1.264973175919298676e+01
1.247055719952414954e+01
1.229930513744331400e+01
1.213618793044499000e+01
1.198149191519619983e+01
1.183558362157909372e+01
1.169891726342239124e+01
1.157204357979936127e+01
1.145562008563450007e+01
1.135042276620226076e+01
1.125735921184588939e+01
1.117748313067879629e+01
1.111201009045185728e+01
1.106233421665144334e+01
1.103004540061446725e+01
1.101694633517429089e+01
1.102506838021278845e+01
1.105668484927989503e+01
1.111431978417173383e+01
1.120074963319327210e+01
1.131899446497856232e+01
1.147229444313586022e+01
1.166406629459926236e+01
1.189783350604080780e+01
1.217712312036148958e+01
1.250532150730990999e+01
1.288548168506201286e+01
1.332007613126022783e+01
1.381069211301401367e+01
1.435767201501526635e+01
1.495970951681805161e+01
1.561342404017042185e+01
1.631295031169322129e+01
1.704959579177956286e+01
1.781163331620394175e+01
1.858430521332049068e+01
1.935011281304341679e+01
2.008944604554164215e+01
2.078156823402190057e+01
2.140591253732840471e+01
2.194357723053377640e+01
2.237884298305192132e+01
2.270049668090968353e+01
2.290275097718015473e+01
2.298560396500332104e+01
2.295458026204100221e+01
2.281990896044440476e+01
2.259529352563835403e+01
2.229648689020702435e+01
2.193988988090571013e+01
2.154134910832263472e+01
2.111526106383921331e+01
2.067401560265395588e+01
2.022775243748883511e+01
1.978436760349760704e+01
1.934969309144326743e+01
1.892777642584450959e+01
1.852120052856068710e+01
1.813140128387484751e+01
1.775895642340646674e+01
1.740383243313018369e+01
1.706558551582476113e+01
1.674351853977007565e+01
1.643679910373820974e+01
1.614454515407342328e+01
1.586588469930485878e+01
1.559999560992032031e+01
1.534613062832706909e+01
1.510363177372711796e+01
1.487193743675311985e+01
1.465058468104170686e+01
1.443920862418345408e+01
1.423754025610820939e+01
1.404540365471504870e+01
1.386271325767665274e+01
1.368947162656685457e+01
1.352576797703022393e+01
1.337177763123735552e+01
1.322776246344253792e+01
1.309407234544535825e+01
1.297114754741016363e+01
1.285952200354119945e+01
1.275982730533683451e+01
1.267279723206190134e+01
1.259927256364005466e+01
1.254020584061217392e+01
1.249666563459317281e+01
1.246983976658324522e+01
1.246103675599422367e+01
1.247168459801699747e+01
1.250332575084415687e+01
1.255760697071709586e+01
1.263626237076188730e+01
1.274108781617281672e+01
1.287390453179249228e+01
1.303650963162242249e+01
1.323061124471565186e+01
1.345774609066340233e+01
1.371917785415582358e+01
1.401577564256083797e+01
1.434787330921686177e+01
1.471511259737645361e+01
1.511627596190771783e+01
1.554911851122128752e+01
1.601021256893851685e+01
1.649482244521095353e+01
1.699683042430608282e+01
1.750873675178766575e+01
1.802175541330289121e+01
1.852602266352785065e+01
1.901092590411920114e+01
1.946554673600153151e+01
1.987919509174356492e+01
2.024199384776909483e+01
2.054545881324722245e+01
2.078301136828838125e+01
2.095036332172273674e+01
2.104572683021641311e+01
2.106982480252349887e+01
2.102570484576859400e+01
2.091838670313718040e+01
2.075439364605847459e+01
2.054122860041089282e+01
2.028685489891471505e+01
1.999923124344651981e+01
1.968593438740959911e+01
1.935388540364312604e+01
1.900917971898005376e+01
1.865700954455998328e+01
1.830166061230446672e+01
1.794656279092493634e+01
1.759437509701826841e+01
1.724708855704933086e+01
1.690613418019950487e+01
1.657248714009208967e+01
1.624676163338081381e+01
1.592929355784950474e+01
1.562021009688728057e+01
1.531948658812895481e+01
1.502699181901551029e+01
1.474252326749736852e+01
1.446583391479757807e+01
1.419665219827448688e+01
1.393469652001042114e+01
1.367968553232889484e+01
1.343134521839352935e+01
1.318941359420184511e+01
1.295364368799146959e+01
1.272380530839983059e+01
1.249968599389072565e+01
1.228109144106498718e+01
1.206784563557652312e+01
1.185979085324616200e+01
1.165678765748584134e+01
1.145871498953067302e+01
1.126547042786818231e+01
1.107697068073795776e+01
1.089315236915435392e+01
1.071397315645644177e+01
1.053941328311163517e+01
1.036947757186205443e+01
1.020419797799989681e+01
1.004363677246765363e+01
9.887890461624424532e+00
9.737094567035077475e+00
9.591429411732605104e+00
9.451127086313501735e+00
9.316479799162717512e+00
9.187849850174593769e+00
9.065681506426354730e+00
8.950515100875414021e+00
8.843003720173230775e+00
8.743932893033646181e+00
8.654243732722589399e+00
8.575060020461197752e+00
8.507719732058003359e+00
8.453811494686069850e+00
8.415216394989885274e+00
8.394155415749516180e+00
8.393242516861441516e+00
8.415542943258843778e+00
8.464635664699466489e+00
8.544677834804172534e+00
8.660467679354519888e+00
8.817500143358174114e+00
9.022006785136600371e+00
9.280967654725770899e+00
9.602078139674226520e+00
9.993648049646425946e+00
1.046440386434421299e+01
1.102315889104590241e+01
1.167831162996888139e+01
1.243713256288857671e+01
1.330480782956979446e+01
1.428323011886028482e+01
1.536956850618262571e+01
1.655471465466229830e+01
1.782179279348730461e+01
1.914502529316912671e+01
2.048933896178204961e+01
2.181113558647319906e+01
2.306057775066837934e+01
2.418551014208524208e+01
2.513674398313752434e+01
2.587395489433881579e+01
2.637104831493436308e+01
2.661973618281600551e+01
2.663037922582110895e+01
2.642983690206182246e+01
2.605688593886067039e+01
2.555638336537397493e+01
2.497352395308364237e+01
2.434926457465108740e+01
2.371745230451679731e+01
2.310365576210829985e+01
2.252533934626784173e+01
2.199288472627813817e+01
2.151100092559844157e+01
2.108018698843514471e+01
2.069804767954304126e+01
2.036037334397923715e+01
2.006196819474460469e+01
1.979725106546553093e+01
1.956066887117573927e+01
1.934696523623056308e+01
1.915134207720605275e+01
1.896954481291385974e+01
1.879789470145174946e+01
1.863328563174555086e+01
1.847315782558048980e+01
1.831545726558158194e+01
1.815858703901192328e+01
1.800135493319701041e+01
1.784292031898023367e+01
1.768274244215624336e+01
1.752053158372749664e+01
1.735620406195578980e+01
1.718984167683806419e+01
1.702165590677353890e+01
1.685195693797958683e+01
1.668112742835062789e+01
1.650960077212765142e+01
1.633784353505701148e+01
1.616634166722129962e+01
1.599559006778013526e+01
1.582608506749206967e+01
1.565831940594779326e+01
1.549277930586252161e+01
1.532994328183563582e+01
1.517028236152984277e+01
1.501426143977009531e+01
1.486234152784952123e+01
1.471498269927401559e+01
1.457264756779913739e+01
1.443580516292442972e+01
1.430493509139528108e+01
1.418053189035871853e+01
1.406310948841366759e+01
1.395320569473492078e+01
1.385138663357285616e+01
1.375825103152456563e+01
1.367443424774912764e+01
1.360061191240325584e+01
1.353750300561084430e+01
1.348587216789277932e+01
1.344653098296026705e+01
1.342033791521839525e+01
1.340819651788475753e+01
1.341105145480503325e+01
1.342988180260208786e+01
1.346569102423045550e+01
1.351949293714363165e+01
1.359229294887592587e+01
1.368506381319441267e+01
1.379871518839932598e+01
1.393405637730185198e+01
1.409175182104147517e+01
1.427226923366866451e+01
1.447582072828307531e+01
1.470229792040885641e+01
1.495120281041182153e+01
1.522157723379343963e+01
1.551193478488996291e+01
1.582020028314599358e+01
1.614366292938154857e+01
1.647895010839768304e+01
1.682202910721757760e+01
1.716824359015672385e+01
1.751239028165860034e+01
1.784883881731721900e+01
1.817169414511069547e+01
1.847499641546664151e+01
1.875294845407239208e+01
1.900015634730103997e+01
1.921186519641645063e+01
1.938417049528891312e+01
1.951418641932749054e+01
1.960015574550664752e+01
1.964149181980256742e+01
1.963875013454449103e+01
1.959353453421934788e+01
1.950834962178548082e+01
1.938641558195990200e+01
1.923146379091352642e+01
1.904753118064892092e+01
1.883876878202440963e+01
1.860927591044296392e+01
1.836296691994352059e+01
1.810347309135907778e+01
1.783407858637630738e+01
1.755768678277292949e+01
1.727681176094348814e+01
1.699358911786413273e+01
1.670980042393298604e+01
1.642690626353127925e+01
1.614608368442515385e+01
1.586826484389342795e+01
1.559417455576588019e+01
1.532436523894051916e+01
1.505924841210533138e+01
1.479912236790707780e+01
1.454419600693261927e+01
1.429460904061087057e+01
1.405044890806083124e+01
1.381176481924542188e+01
1.357857935645803593e+01
1.335089805501838889e+01
1.312871735491736480e+01
1.291203127730796041e+01
1.270083713956243443e+01
1.249514058422474072e+01
1.229496016304604211e+01
1.210033168870002385e+01
1.191131254425690500e+01
1.172798612408116803e+01
1.155046656924539938e+01
1.137890395539391797e+01
1.121349009072425496e+01
1.105446508579338527e+01
1.090212486452779928e+01
1.075682979631835323e+01
1.061901464138700746e+01
1.048920001434585281e+01
1.036800558211688461e+01
1.025616521944949078e+01
1.015454434435642206e+01
1.006415964154198406e+01
9.986201346879310492e+00
9.922058199981032445e+00
9.873345061044577875e+00
9.841933013976859712e+00
9.829981516188453838e+00
9.839971775617325278e+00
9.874739999417631253e+00
9.937508421134658931e+00
1.003191102361649101e+01
1.016200958245389430e+01
1.033229401768172195e+01
1.054765904457127945e+01
1.081334679697520151e+01
1.113484259559304057e+01
1.151770864282837614e+01
1.196733867373791327e+01
1.248861632565808577e+01
1.308546244171985506e+01
1.376026332323957035e+01
1.451318497682268571e+01
1.534139941319027223e+01
1.623827889661761503e+01
1.719265146979174474e+01
1.818825123688882073e+01
1.920352998301213177e+01
2.021200780702080380e+01
2.118331177846782154e+01
2.208496855004008452e+01
2.288487717771862151e+01
2.355421203417278875e+01
2.407033837924722519e+01
2.441922733362349263e+01
2.459688790383079393e+01
2.460950869152710041e+01
2.447228105728715519e+01
2.420717015395952387e+01
2.384011073619664245e+01
2.339816709924000904e+01
2.290711002402197138e+01
2.238968260213731654e+01
2.186462711011761328e+01
2.134638787802097326e+01
2.084531802617093987e+01
2.036819720619534735e+01
1.991889170370347273e+01
1.949903308207220221e+01
1.910863844717068361e+01
1.874663417288362055e+01
1.841127217924375259e+01
1.810044436094015197e+01
1.781190903382347202e+01
1.754344605219406361e+01
1.729295683338236955e+01
1.705852352983109554e+01
1.683843903510461004e+01
1.663121697288578105e+01
1.643558857332113021e+01
1.625049148661166143e+01
1.607505412048363524e+01
1.590857797189830869e+01
1.575051959425490544e+01
1.560047323942704978e+01
1.545815478610147586e+01
1.532338726805626017e+01
1.519608811331450049e+01
1.507625807063588930e+01
1.496397171326240638e+01
1.485936935614240895e+01
1.476265019097810338e+01
1.467406642538948169e+01
1.459391820257238237e+01
1.452254907207650270e+01
1.446034177806372512e+01
1.440771412694825493e+01
1.436511469078577363e+01
1.433301809596426502e+01
1.431191963906747056e+01
1.430232896425395062e+01
1.430476253077294757e+01
1.431973459765223922e+01
1.434774645819801897e+01
1.438927367355338660e+01
1.444475108671968044e+01
1.451455545134014713e+01
1.459898558877192443e+01
1.469824009812134236e+01
1.481239279193877678e+01
1.494136621855984615e+01
1.508490386128492844e+01
1.524254187114530801e+01
1.541358148452654575e+01
1.559706358263525239e+01
1.579174714134891921e+01
1.599609356305900754e+01
1.620825903438559834e+01
1.642609706764118016e+01
1.664717321218195778e+01
1.686879352433888002e+01
1.708804773838789615e+01
1.730186718987052785e+01
1.750709644609333893e+01
1.770057637700966069e+01
1.787923517211991964e+01
1.804018272366649001e+01
1.818080301144033584e+01
1.829883878237788863e+01
1.839246301711357745e+01
1.846033244538963558e+01
1.850161965951892995e+01
1.851602204529709894e+01
1.850374760516241324e+01
1.846547956076587482e+01
1.840232317231873793e+01
1.831573932773464009e+01
1.820747003692334332e+01
1.807946100114916632e+01
1.793378597729287094e+01
1.777257684240852953e+01
1.759796223450254615e+01
1.741201655110338820e+01
1.721672005602968980e+01
1.701392996893014953e+01
1.680536174330143950e+01
1.659257929119794284e+01
1.637699267213666943e+01
1.615986169642981807e+01
1.594230395712294523e+01
1.572530595673896947e+01
1.550973619650748248e+01
1.529635931554862971e+01
1.508585058284447378e+01
1.487881024097587535e+01
1.467577736941558797e+01
1.447724307362844165e+01
1.428366291483965611e+01
1.409546857675199405e+01
1.391307882345973290e+01
1.373690984135616766e+01
1.356738508076836780e+01
1.340494472364120071e+01
1.325005490438452860e+01
1.310321680376551434e+01
1.296497572145315402e+01
1.283593021170878501e+01
1.271674133821384878e+01
1.260814206684624672e+01
1.251094676734421363e+01
1.242606073349861084e+01
1.235448955336205046e+01
1.229734806188907292e+01
1.225586848385211525e+01
1.223140721999109815e+01
1.222544953953770452e+01
1.223961121386303574e+01
1.227563585752723796e+01
1.233538643684813785e+01
1.242082907098838085e+01
1.253400690487689673e+01
1.267700150926083502e+01
1.285187901181254233e+01
1.306061805937231668e+01
1.330501685817288404e+01
1.358657706914602059e+01
1.390636340780178415e+01
1.426483958340954494e+01
1.466168386486829966e+01
1.509559117184413957e+01
1.556407311851428688e+01
1.606327262439122805e+01
1.658781498537096866e+01
1.713072173050371916e+01
1.768341587519059033e+01
1.823584579021197882e+01
1.877674838691437031e+01
1.929405978139234534e+01
1.977546329640637879e+01
2.020904248265388503e+01
2.058398447747818238e+01
2.089126149357489481e+01
2.112421074476481309e+01
2.127893939533549172e+01
2.135450181567948036e+01
2.135282830700804979e+01
2.127842091934873281e+01
2.113786490337756874e+01
2.093922658390532021e+01
2.069141607563618734e+01
2.040358645358819700e+01
2.008462345771458857e+01
1.974275714330737230e+01
1.938530460876597417e+01
1.901853504930688743e+01
1.864763680710912297e+01
1.827676082379554501e+01
1.790911471313822645e+01
1.754708481475089954e+01
1.719236838022428771e+01
1.684610317882875563e+01
1.650898646058950447e+01
1.618137897140946890e+01
1.586339247532381869e+01
1.555496108534344302e+01
1.525589780633245596e+01
1.496593824177584331e+01
1.468477358564946122e+01
1.441207495266775851e+01
1.414751090060862992e+01
1.389075974033031002e+01
1.364151795947936918e+01
1.339950583231096459e+01
1.316447106460017835e+01
1.293619113465156900e+01
1.271447483895454766e+01
1.249916343124131046e+01
1.229013165243211603e+01
1.208728888171683202e+01
1.189058059155843594e+01
1.169999025794360747e+01
1.151554185857049184e+01
1.133730308326259717e+01
1.116538938065873232e+01
1.099996897149942754e+01
1.084126897025983460e+01
1.068958277228579234e+01
1.054527888181270079e+01
1.040881137597398798e+01
1.028073221946686999e+01
1.016170566165041045e+01
1.005252495926847267e+01
9.954131669105407809e+00
9.867637739152062437e+00
9.794350585102574058e+00
9.735801258511743939e+00
9.693775676408977304e+00
9.670348666429449125e+00
9.667920256247880317e+00
9.689253162549928078e+00
9.737509765103888881e+00
9.816285929227271723e+00
9.929637802820888481e+00
1.008209610114998611e+01
1.027866035780488119e+01
1.052476315747742142e+01
1.082619154819538565e+01
1.118894986879005415e+01
1.161904555334691835e+01
1.212217784178588609e+01
1.270330991517235653e+01
1.336610946339726524e+01
1.411225321562815260e+01
1.494060984176904761e+01
1.584634472115540760e+01
1.682002958259984382e+01
1.784688679761286778e+01
1.890634371883814779e+01
1.997210192100672899e+01
2.101291896487497013e+01
2.199423520563469836e+01
2.288064331043755928e+01
2.363900371097302866e+01
2.424179695992562600e+01
2.467014415619091494e+01
2.491589564088882724e+01
2.498233101078822926e+01
2.488330989938809168e+01
2.464107249037887470e+01
2.428318625994393187e+01
2.383927101640420076e+01
2.333808023767558382e+01
2.280532278695317672e+01
2.226236680730491813e+01
2.172576139844915843e+01
2.120738718292234282e+01
2.071500718778431249e+01
2.025301092639923084e+01
1.982319633048522789e+01
1.942549142360332937e+01
1.905856601476843082e+01
1.872031807126424141e+01
1.840824035654523527e+01
1.811968344345682169e+01
1.785203480835014034e+01
1.760283328277946069e+01
1.736983574386245266e+01
1.715104984867020832e+01
1.694474357442114965e+01
1.674943965008480973e+01
1.656390076882695084e+01
1.638710974931295539e+01
1.621824750882968047e+01
1.605667074727837829e+01
1.590189054473596464e+01
1.575355258242001177e+01
1.561141935527048830e+01
1.547535451305394005e+01
1.534530931471172543e+01
1.522131108428908774e+01
1.510345349899445999e+01
1.499188850819426300e+01
1.488681966736340989e+01
1.478849666666494755e+01
1.469721083528397720e+01
1.461329140663032433e+01
1.453710233380461325e+01
1.446903944780353513e+01
1.440952775191190049e+01
1.435901864414855034e+01
1.431798685546121952e+01
1.428692688494439444e+01
1.426634870541876943e+01
1.425677250442474531e+01
1.425872221869461143e+01
1.427271761667922867e+01
1.429926468653195215e+01
1.433884409957228634e+01
1.439189754580389824e+01
1.445881178327487859e+01
1.453990031207568201e+01
1.463538268176698054e+01
1.474536157272786774e+01
1.486979796075705096e+01
1.500848488137105896e+01
1.516102055314146746e+01
1.532678189055285678e+01
1.550489972218470314e+01
1.569423730776450299e+01
1.589337398781386490e+01
1.610059596457084652e+01
1.631389625951830524e+01
1.653098577682168369e+01
1.674931708402871067e+01
1.696612197558132351e+01
1.717846310758659811e+01
1.738329901138610722e+01
1.757756067278453216e+01
1.775823670421344858e+01
1.792246306932288746e+01
1.806761248899059069e+01
1.819137820273070005e+01
1.829184678526972974e+01
1.836755527302292990e+01
1.841752891452159346e+01
1.844129732104685715e+01
1.843888849266140539e+01
1.841080192562368367e+01
1.835796356100469851e+01
1.828166653419265586e+01
1.818350241417847712e+01
1.806528783885401879e+01
1.792899119167154609e+01
1.777666331978151959e+01
1.761037539461741019e+01
1.743216600350020684e+01
1.724399856299156397e+01
1.704772926038522129e+01
1.684508502157844845e+01
1.663765049838517029e+01
1.642686276293809300e+01
1.621401226682241514e+01
1.600024863178230916e+01
1.578658994726631448e+01
1.557393441994128835e+01
1.536307341965935791e+01
1.515470517071845968e+01
1.494944852968135329e+01
1.474785646126850303e+01
1.455042896702737387e+01
1.435762533661183937e+01
1.416987568014411636e+01
1.398759176528895587e+01
1.381117722796237501e+01
1.364103725465909100e+01
1.347758785048714714e+01
1.332126481284087305e+01
1.317253252823612009e+01
1.303189270046732773e+01
1.289989310249872112e+01
1.277713642224426849e+01
1.266428924280986834e+01
1.256209115937867971e+01
1.247136398555901771e+01
1.239302093886412237e+01
1.232807561459917522e+01
1.227765045577269021e+01
1.224298429929537235e+01
1.222543842112914447e+01
1.222650031103887258e+01
1.224778417821975651e+01
1.229102692181907841e+01
1.235807799901171222e+01
1.245088129839816560e+01
1.257144679878677884e+01
1.272180949789379412e+01
1.290397288614750160e+01
1.311983419534210071e+01
1.337108887534833990e+01
1.365911237709664583e+01
1.398481850112896119e+01
1.434849546865989645e+01
1.474962362214498590e+01
1.518668232679380026e+01
1.565695814251846230e+01
1.615637136095451609e+01
1.667934294130817108e+01
1.721872776419757756e+01
1.776584166212286320e+01
1.831060742081301385e+01
1.884183757835541329e+01
1.934765871858599340e+01
1.981606358538509838e+01
2.023555586418996199e+01
2.059583166463808723e+01
2.088842646712032547e+01
2.110725133671149933e+01
2.124895064582873516e+01
2.131303537500842538e+01
2.130177761550027782e+01
2.121988656953689301e+01
2.107401646670884077e+01
2.087217603375477992e+01
2.062311432164776548e+01
2.033574952542131342e+01
2.001868978600805704e+01
1.967987319407461300e+01
1.932633339503255954e+01
1.896408085806801225e+01
1.859807957812033052e+01
1.823229456660071435e+01
1.786978570709501923e+01
1.751282675076479478e+01
1.716303284690309994e+01
1.682148486323681169e+01
1.648884310607704506e+01
1.616544654602533981e+01
1.585139621112570296e+01
1.554662311181717627e+01
1.525094207283232706e+01
1.496409334523082002e+01
1.468577401946805594e+01
1.441566118921748441e+01
1.415342862337658758e+01
1.389875845792330011e+01
1.365134916348863570e+01
1.341092080416241039e+01
1.317721839118038751e+01
1.295001395666506205e+01
1.272910782751121239e+01
1.251432946514179356e+01
1.230553814931277756e+01
1.210262371920841140e+01
1.190550753873726642e+01
1.171414382167578516e+01
1.152852143313401001e+01
1.134866627432555042e+01
1.117464435590914995e+01
1.100656566975959727e+01
1.084458897878256245e+01
1.068892765840329773e+01
1.053985674084533741e+01
1.039772133348209948e+01
1.026294660445505791e+01
1.013604955114879935e+01
1.001765278819156180e+01
9.908500608768246565e+00
9.809477582328037570e+00
9.721629947650381354e+00
9.646190034726487283e+00
9.584603890817337657e+00
9.538562179885540004e+00
9.510034249353125801e+00
9.501304985834609695e+00
9.515013675739497856e+00
9.554193501418383860e+00
9.622309482820172732e+00
9.723291553779993990e+00
9.861557972487627666e+00
1.004202234533805438e+01
1.027007515636299750e+01
1.055152786453990998e+01
1.089250449442272917e+01
1.129926252628132843e+01
1.177792240467493912e+01
1.233408415092043242e+01
1.297231192040009695e+01
1.369547497246633583e+01
1.450394890376098189e+01
1.539470654337054611e+01
1.636036496073086255e+01
1.738830225387420469e+01
1.846000904972409984e+01
1.955088214011392012e+01
2.063068149498602821e+01
2.166483320745614094e+01
2.261665037650056576e+01
2.345035987382488329e+01
2.413459481929711714e+01
2.464580513430271225e+01
2.497093679210025030e+01
2.510880371880233852e+01
2.506983571715843340e+01
2.487426185418459568e+01
2.454915267021540615e+01
2.412496779153732263e+01
2.363227303786188926e+01
2.309912755849684274e+01
2.254938647955755471e+01
2.200191917400156427e+01
2.147057510524869528e+01
2.096465685980479776e+01
2.048966499161423727e+01
2.004812825378695251e+01
1.964039522004816618e+01
1.926531968775151071e+01
1.892081418195000708e+01
1.860427249410093609e+01
1.831287635525683655e+01
1.804380692085766569e+01
1.779438216444036414e+01
1.756213905872156644e+01
1.734487618093816153e+01
1.714066903345851145e+01
1.694786736982280217e+01
1.676508132732955403e+01
1.659116120433381525e+01
1.642517422669138938e+01
1.626638054166788550e+01
1.611420987669017180e+01
1.596823973186242007e+01
1.582817557960700405e+01
1.569383327540233886e+01
1.556512370481466156e+01
1.544203957733713573e+01
1.532464420746117462e+01
1.521306208372959290e+01
1.510747100702700152e+01
1.500809557271920802e+01
1.491520177224832366e+01
1.482909249475459745e+01
1.475010371568834344e+01
1.467860116548592764e+01
1.461497727612980313e+01
1.455964820619985467e+01
1.451305074566110953e+01
1.447563890028807343e+01
1.444787995280928783e+01
1.443024979443197253e+01
1.442322731762339849e+01
1.442728766055119927e+01
1.444289409754817832e+01
1.447048838098521273e+01
1.451047936111362979e+01
1.456322974531888548e+01
1.462904091066695500e+01
1.470813575756199931e+01
1.480063969142252489e+01
1.490655994635960013e+01
1.502576362121120113e+01
1.515795498283988429e+01
1.530265279979048820e+01
1.545916869219740697e+01
1.562658770678694964e+01
1.580375252853756685e+01
1.598925289679253225e+01
1.618142187239487839e+01
1.637834057046988434e+01
1.657785279918192245e+01
1.677759070347669734e+01
1.697501199312055320e+01
1.716744864461736952e+01
1.735216614008436409e+01
1.752643140343682759e+01
1.768758670104923070e+01
1.783312599399353360e+01
1.796076967045159023e+01
1.806853334630212871e+01
1.815478656520547318e+01
1.821829777680764195e+01
1.825826288806761610e+01
1.827431587900175813e+01
1.826652131817485980e+01
1.823534995018269811e+01
1.818163970480228286e+01
1.810654537023819799e+01
1.801148070171107207e+01
1.789805687732664552e+01
1.776802099489209041e+01
1.762319779756998983e+01
1.746543711982705460e+01
1.729656876180809988e+01
1.711836572456691385e+01
1.693251604452884962e+01
1.674060290124324268e+01
1.654409226004169753e+01
1.634432705070747716e+01
1.614252675869457576e+01
1.593979129132121031e+01
1.573710804854714063e+01
1.553536124807560448e+01
1.533534270293749202e+01
1.513776340689015498e+01
1.494326543481604830e+01
1.475243380276153360e+01
1.456580805038217363e+01
1.438389340556087781e+01
1.420717146719758439e+01
1.403611039930140514e+01
1.387117466985381498e+01
1.371283439390486869e+01
1.356157435427024716e+01
1.341790277686507871e+01
1.328235993246112834e+01
1.315552662321720412e+01
1.303803259082613586e+01
1.293056485305164571e+01
1.283387593570434682e+01
1.274879191606926021e+01
1.267622012926936392e+01
1.261715630841584712e+01
1.257269082974871033e+01
1.254401361234960710e+01
1.253241707578041186e+01
1.253929638645356093e+01
1.256614602475293374e+01
1.261455148300692031e+01
1.268617466719385867e+01
1.278273133746078472e+01
1.290595870845915272e+01
1.305757117703274339e+01
1.323920210439923650e+01
1.345232972295400309e+01
1.369818565269591559e+01
1.397764530243013326e+01
1.429110070534694721e+01
1.463831819394200373e+01
1.501828581068384061e+01
1.542905845077453719e+01
1.586761228039607552e+01
1.632972361982682230e+01
1.680989065188691001e+01
1.730131821231392308e+01
1.779598558173767131e+01
1.828481367568041094e+01
1.875794063646556964e+01
1.920510349223651758e+01
1.961610911355747433e+01
1.998136211405511986e+01
2.029240352047579776e+01
2.054240533101095778e+01
2.072656540304449990e+01
2.084235594011957104e+01
2.088959647301201272e+01
2.087034562216411970e+01
2.078863040050712030e+01
2.065005231485883286e+01
2.046132210011729669e+01
2.022977779812323362e+01
1.996293476468596140e+01
1.966810368984768331e+01
1.935209739052506350e+01
1.902103233508954361e+01
1.868021897678993071e+01
1.833412714228586182e+01
1.798640895534896700e+01
1.763996133829698465e+01
1.729701196255643580e+01
1.695921556113897566e+01
1.662775092227865414e+01
1.630341208410871801e+01
1.598668993402161931e+01
1.567784247221831961e+01
1.537695344611470105e+01
1.508397998961020292e+01
1.479879042330462013e+01
1.452119360147745830e+01
1.425096122615188143e+01
1.398784446413858262e+01
1.373158605530539056e+01
1.348192892748006777e+01
1.323862215950999399e+01
1.300142497302305600e+01
1.277010929226833902e+01
1.254446129240051278e+01
1.232428225928803656e+01
1.210938900645613892e+01
1.189961403454178068e+01
1.169480557291420197e+01
1.149482760932872161e+01
1.129955998936450001e+01
1.110889865104472918e+01
1.092275604991439586e+01
1.074106182476540816e+01
1.056376375326686912e+01
1.039082904936050689e+01
1.022224606002422220e+01
1.005802642768715849e+01
9.898207796155006122e+00
9.742857152465273174e+00
9.592074914841239419e+00
9.445999898139232798e+00
9.304815313236810326e+00
9.168755986064621055e+00
9.038117015793078579e+00
8.913264130298552246e+00
8.794646040494573214e+00
8.682809143086604564e+00
8.578414972835838981e+00
8.482260858554187877e+00
8.395304288346697064e+00
8.318691533361057822e+00
8.253791106482518458e+00
8.202232629251618334e+00
8.165951626271448660e+00
8.147240631647708398e+00
8.148806733993511742e+00
8.173835245821726048e+00
8.226058478780535310e+00
8.309827530894077441e+00
8.430183408628879604e+00
8.592921548388959607e+00
8.804640680672527253e+00
9.072762809652708427e+00
9.405505728482406624e+00
9.811782970288383865e+00
1.030099872527516780e+01
1.088269789993469949e+01
1.156602589731551944e+01
1.235895187103460025e+01
1.326721777672066160e+01
1.429299978677669536e+01
1.543331573416720914e+01
1.667828814058509224e+01
1.800947747644807961e+01
1.939862302364752722e+01
2.080723836786316028e+01
2.218755185443009736e+01
2.348519112126719222e+01
2.464372838866745496e+01
2.561072923919312316e+01
2.634438334356206468e+01
2.681935041166481781e+01
2.703037661432328420e+01
2.699267206221184523e+01
2.673890115929388500e+01
2.631359590726966857e+01
2.576645063332813379e+01
2.514604729962301732e+01
2.449513791085980685e+01
2.384794551292017672e+01
2.322934433837866308e+01
2.265542438318022178e+01
2.213485436364769399e+01
2.167054457943082824e+01
2.126127140127382376e+01
2.090308113340647012e+01
2.059040711952355096e+01
2.031690460428225009e+01
2.007604219625524422e+01
1.986149952266326579e+01
1.966741861058369523e+01
1.948854899907623661e+01
1.932031780698036272e+01
1.915884800356710471e+01
1.900094169934730459e+01
1.884404045417944573e+01
1.868617115259760197e+01
1.852588359840948229e+01
1.836218432515721233e+01
1.819446995724049287e+01
1.802246260686250423e+01
1.784614913377629364e+01
1.766572555563237046e+01
1.748154743857605453e+01
1.729408670462957431e+01
1.710389496029673850e+01
1.691157318044940538e+01
1.671774737372638597e+01
1.652304970897386127e+01
1.632810449226477800e+01
1.613351834366578075e+01
1.593987392329587927e+01
1.574772658771523837e+01
1.555760341087031229e+01
1.537000407019719717e+01
1.518540317090273817e+01
1.500425365430181834e+01
1.482699100531451997e+01
1.465403803711090802e+01
1.448581008585622598e+01
1.432272049484142151e+01
1.416518630487215802e+01
1.401363409689281880e+01
1.386850595387381091e+01
1.373026552244255249e+01
1.359940416094205951e+01
1.347644715971955343e+01
1.336196001139532719e+01
1.325655469326430591e+01
1.316089590015335453e+01
1.307570713299709375e+01
1.300177650481062663e+01
1.293996207009449506e+01
1.289119641432565189e+01
1.285649015540706763e+01
1.283693390738087992e+01
1.283369813762784339e+01
1.284803021266367118e+01
1.288124777696456746e+01
1.293472744947395014e+01
1.300988766332213409e+01
1.310816433145015303e+01
1.323097791747914620e+01
1.337969045981446747e+01
1.355555118071419862e+01
1.375962956482995025e+01
1.399273527665613237e+01
1.425532507084859013e+01
1.454739799587941285e+01
1.486838174201120566e+01
1.521701493884122591e+01
1.559123249526971122e+01
1.598806352458948687e+01
1.640355371147914454e+01
1.683272572056075234e+01
1.726959186504643995e+01
1.770723214490329411e+01
1.813794739386734989e+01
1.855349135406789429e+01
1.894537717430543466e+01
1.930524384797653070e+01
1.962525785667389044e+01
1.989851665626023447e+01
2.011941567182631374e+01
2.028394081775875080e+01
2.038985496099659400e+01
2.043675862036611690e+01
2.042602062551070929e+01
2.036059058978059966e+01
2.024471881922315575e+01
2.008361823230589138e+01
1.988310577750690555e+01
1.964925791840082425e+01
1.938810741645306379e+01
1.910539894411430595e+01
1.880641110424296869e+01
1.849584386315748574e+01
1.817776417482081897e+01
1.785559893954054900e+01
1.753216313210434407e+01
1.720971138606970641e+01
1.689000288444746900e+01
1.657437149891277173e+01
1.626379529750736452e+01
1.595896152000684687e+01
1.566032475443788208e+01
1.536815729400338348e+01
1.508259153263268715e+01
1.480365482547967382e+01
1.453129756584676180e+01
1.426541537820179251e+01
1.400586635504139998e+01
1.375248421844214874e+01
1.350508819868720067e+01
1.326349031568889814e+01
1.302750063927292778e+01
1.279693100090258895e+01
1.257159753695486160e+01
1.235132236418548324e+01
1.213593462169979098e+01
1.192527105969818280e+01
1.171917631208648203e+01
1.151750295614547781e+01
1.132011143627328309e+01
1.112686990891533867e+01
1.093765405093126830e+01
1.075234686276757223e+01
1.057083849005609366e+01
1.039302608196198463e+01
1.021881370123644750e+01
1.004811229909400616e+01
9.880839767446133237e+00
9.716921081488161249e+00
9.556288547036757564e+00
9.398882169298031997e+00
9.244650162916126845e+00
9.093549627265877788e+00
8.945547416117966222e+00
8.800621237178685163e+00
8.658761024800174511e+00
8.519970638639932758e+00
8.384269952554580740e+00
8.251697411949470151e+00
8.122313154662611723e+00
7.996202810821377405e+00
7.873482121658849309e+00
7.754302546808596652e+00
7.638858065019207721e+00
7.527393415553953915e+00
7.420214077856429391e+00
7.317698346485246752e+00
7.220311927892262283e+00
7.128625566139699110e+00
7.043336296403775343e+00
6.965293027420157657e+00
6.895527264576016613e+00
6.835289899159817217e+00
6.786095097144007937e+00
6.749772407118896922e+00
6.728528246191540774e+00
6.725017875013747926e+00
6.742428778053432659e+00
6.784575932908443185e+00
6.856008652728417196e+00
6.962127335011512486e+00
7.109306296841313433e+00
7.305015590130778058e+00
7.557929857831219067e+00
7.878005439487405503e+00
8.276497595298115684e+00
8.765877586945741484e+00
9.359594584956443697e+00
1.007161109095785179e+01
1.091562565449278743e+01
1.190388884358985422e+01
1.304552740394163912e+01
1.434433169051187029e+01
1.579605078073207558e+01
1.738539500092386447e+01
1.908317153749897344e+01
2.084424944669315138e+01
2.260728762764413347e+01
2.429722211301139723e+01
2.583121916912744709e+01
2.712803106174832735e+01
2.811950889118609709e+01
2.876180974105502131e+01
2.904321725338817828e+01
2.898604036310443277e+01
2.864179920743004715e+01
2.808114229142277907e+01
2.738156300168104451e+01
2.661623401661288568e+01
2.584623302700589420e+01
2.511684785383205210e+01
2.445734581280309428e+01
2.388297546836680141e+01
2.339797455481805954e+01
2.299869498221148234e+01
2.267635279551907601e+01
2.241921999097434437e+01
2.221425999089557024e+01
2.204829187829831483e+01
2.190878828541043788e+01
2.178440038579558902e+01
2.166528161896845717e+01
2.154326060325428926e+01
2.141189766510268910e+01
2.126644933181343333e+01
2.110375999321867013e+01
2.092209805591044258e+01
2.072095358702299350e+01
2.050081430313351660e+01
2.026293593116046665e+01
2.000912109768112757e+01
1.974151806745618742e+01
1.946244720829002262e+01
1.917425947810665932e+01
1.887922795228259432e+01
1.857947075371330925e+01
1.827690187503150199e+01
1.797320530346341272e+01
1.766982747553734256e+01
1.736798324102221613e+01
1.706867102510356915e+01
1.677269358119040632e+01
1.648068149255846393e+01
1.619311731648386399e+01
1.591035891321213036e+01
1.563266103735223211e+01
1.536019468587450731e+01
1.509306400329040621e+01
1.483132075656872750e+01
1.457497652833602508e+01
1.432401285502291621e+01
1.407838957293411575e+01
1.383805164305453950e+01
1.360293471518719421e+01
1.337296967153128691e+01
1.314808636458736757e+01
1.292821673806773752e+01
1.271329749468509007e+01
1.250327245269854970e+01
1.229809471464465531e+01
1.209772875706000406e+01
1.190215253923392069e+01
1.171135972199255626e+01
1.152536208403110329e+01
1.134419222319566245e+01
1.116790663321642540e+01
1.099658925259821807e+01
1.083035559161757888e+01
1.066935755562758281e+01
1.051378909811881179e+01
1.036389285519578252e+01
1.021996793420533400e+01
1.008237905296142856e+01
9.951567251875159670e+00
9.828062428461626254e+00
9.712497970713066309e+00
9.605627790389332787e+00
9.508346075814728238e+00
9.421710090931629367e+00
9.346966335298040107e+00
9.285580337151104757e+00
9.239270262684987856e+00
9.210044367280044497e+00
9.200242058644501952e+00
9.212577947906600784e+00
9.250187681086792679e+00
9.316673505478826556e+00
9.416146355827416770e+00
9.553259656944563361e+00
9.733227945558766692e+00
9.961820746765186030e+00
1.024531888513885569e+01
1.059041666399783921e+01
1.100404940322964009e+01
1.149312230139007518e+01
1.206411456843513363e+01
1.272253397716805878e+01
1.347220384602963428e+01
1.431438007595569495e+01
1.524672348031619862e+01
1.626219461799415100e+01
1.734799417746569716e+01
1.848473563512933282e+01
1.964609404252658109e+01
2.079920139665869527e+01
2.190602448878409803e+01
2.292583802318554476e+01
2.381868707350352921e+01
2.454945072243764415e+01
2.509185265138845367e+01
2.543162479314536384e+01
2.556811111260706681e+01
2.551391943129563344e+01
2.529270177668732345e+01
2.493559916778215069e+01
2.447715686847172023e+01
2.395151986683209699e+01
2.338949518215593315e+01
2.281674013907473864e+01
2.225303521276807928e+01
2.171240733835080405e+01
2.120379977098999902e+01
2.073200715230261792e+01
2.029866416464430401e+01
1.990315539292963010e+01
1.954338092129203375e+01
1.921635904129986372e+01
1.891867521025079668e+01
1.864679970472848325e+01
1.839730037699482423e+01
1.816697568448780586e+01
1.795292956079783053e+01
1.775260542903351890e+01
1.756379261283506565e+01
1.738461495434663817e+01
1.721350869463822519e+01
1.704919456264912725e+01
1.689064745090387021e+01
1.673706591707030711e+01
1.658784293750716188e+01
1.644253876781817070e+01
1.630085637017490541e+01
1.616261959816056759e+01
1.602775415063414499e+01
1.589627119020224377e+01
1.576825345035979886e+01
1.564384361467025286e+01
1.552323473180726765e+01
1.540666242491293048e+01
1.529439865751471928e+01
1.518674682753227323e+01
1.508403797302869975e+01
1.498662788637052401e+01
1.489489494593763119e+01
1.480923848545322485e+01
1.473007752967953898e+01
1.465784973119423462e+01
1.459301034598459879e+01
1.453603108562469259e+01
1.448739868097814210e+01
1.444761298704407793e+01
1.441718445131507131e+01
1.439663075969669492e+01
1.438647246582778116e+01
1.438722740310512904e+01
1.439940367587298198e+01
1.442349102960631413e+01
1.445995041255440761e+01
1.450920156679903172e+01
1.457160852904948101e+01
1.464746298504559086e+01
1.473696551043119030e+01
1.484020484913779647e+01
1.495713553023116837e+01
1.508755430629467398e+01
1.523107610808297885e+01
1.538711044438423237e+01
1.555483942031272804e+01
1.573319878277815143e+01
1.592086360308857529e+01
1.611624034185921062e+01
1.631746707469688928e+01
1.652242355185375899e+01
1.672875248900018619e+01
1.693389301837112981e+01
1.713512656715812099e+01
1.732963459573831244e+01
1.751456667445112103e+01
1.768711638649269702e+01
1.784460162310016784e+01
1.798454510545090557e+01
1.810475054108757575e+01
1.820336979182080839e+01
1.827895684119063091e+01
1.833050519057358585e+01
1.835746650922602896e+01
1.835974978547588421e+01
1.833770170879711259e+01
1.829207038180845757e+01
1.822395556371993308e+01
1.813474937343208993e+01
1.802607168178827379e+01
1.789970431071004597e+01
1.775752769725064795e+01
1.760146297356963885e+01
1.743342157464019593e+01
1.725526362433027217e+01
1.706876555778231719e+01
1.687559677622387611e+01
1.667730463222281401e+01
1.647530671528704005e+01
1.627088923587028546e+01
1.606521026391922291e+01
1.585930663402676899e+01
1.565410345080498722e+01
1.545042528656220604e+01
1.524900833560842806e+01
1.505051295852123694e+01
1.485553620428561850e+01
1.466462403207664700e+01
1.447828306504939988e+01
1.429699179593419167e+01
1.412121123024524216e+01
1.395139500007771538e+01
1.378799901262433458e+01
1.363149071536732571e+01
1.348235806666200354e+01
1.334111829783521408e+01
1.320832654205598367e+01
1.308458438652386846e+01
1.297054837773623603e+01
1.286693847387441991e+01
1.277454639221153876e+01
1.269424374083524221e+01
1.262698975032324888e+01
1.257383832932259615e+01
1.253594405504853704e+01
1.251456657238956360e+01
1.251107271098463869e+01
1.252693543701274947e+01
1.256372853654219846e+01
1.262311568502337877e+01
1.270683230364430116e+01
1.281665835701728184e+01
1.295438003875241506e+01
1.312173816745960586e+01
1.332036113906654329e+01
1.355168053524942096e+01
1.381682807429591087e+01
1.411651362492288797e+01
1.445088560001457623e+01
1.481937729579478713e+01
1.522054567067471709e+01
1.565191258331411106e+01
1.610982237810920026e+01
1.658933344194367621e+01
1.708416423110842075e+01
1.758671533155817812e+01
1.808818731356264919e+01
1.857880854126925385e+01
1.904817722160673910e+01
1.948570817618345785e+01
1.988115856544226645e+01
2.022519072473513191e+01
2.050991784799467865e+01
2.072937298223926916e+01
2.087984616265266169e+01
2.096004898459202082e+01
2.097108839279850656e+01
2.091625763901404866e+01
2.080067676318640935e+01
2.063083259822169069e+01
2.041407609498275022e+01
2.015813227091799220e+01
1.987066732018580950e+01
1.955894192616871052e+01
1.922956342443952948e+01
1.888833526989018807e+01
1.854019206813052989e+01
1.818920271609334094e+01
1.783862243966681405e+01
1.749097566075075605e+01
1.714815449634203759e+01
1.681152127003404573e+01
1.648200696873367121e+01
1.616020066898613194e+01
1.584642739724817595e+01
1.554081365502821477e+01
1.524334100887337229e+01
1.495388883522407042e+01
1.467226764628991020e+01
1.439824451714654785e+01
1.413156207635214834e+01
1.387195237974484563e+01
1.361914680649063314e+01
1.337288292824497837e+01
1.313290912452567305e+01
1.289898755950048681e+01
1.267089600110866776e+01
1.244842885299163449e+01
1.223139768137174599e+01
1.201963145012098622e+01
1.181297662485285294e+01
1.161129726809854468e+01
1.141447521994241221e+01
1.122241043972946173e+01
1.103502157286362184e+01
1.085224680091836902e+01
1.067404503225568746e+01
1.050039749336862371e+01
1.033130978775456299e+01
1.016681449902960210e+01
1.000697442812254145e+01
9.851886570792864006e+00
9.701686961561104994e+00
9.556556533654127605e+00
9.416728172014085629e+00
9.282495168033978672e+00
9.154221320595910427e+00
9.032352968112970615e+00
8.917433280139594132e+00
8.810119183618306593e+00
8.711201345894812320e+00
8.621627680700200358e+00
8.542530878621681367e+00
8.475260481237285148e+00
8.421420004619559307e+00
8.382909553511089129e+00
8.361974223597620437e+00
8.361258325656519830e+00
8.383865026252562913e+00
8.433420309958989947e+00
8.514139129326139255e+00
8.630890096670794875e+00
8.789252937238655861e+00
8.995560001816569340e+00
9.256909271820687124e+00
9.581131380865274494e+00
9.976687266710627000e+00
1.045246648542058665e+01
1.101744979548796088e+01
1.168019497397001594e+01
1.244810470323022322e+01
1.332644390614608554e+01
1.431709663185907822e+01
1.541709570726943923e+01
1.661702681657565961e+01
1.789950242251461177e+01
1.923800947496541269e+01
2.059653117080172180e+01
2.193038093293830926e+01
2.318860754161997306e+01
2.431808500422750186e+01
2.526898772313814945e+01
2.600085477874164752e+01
2.648804337795351671e+01
2.672327468210128742e+01
2.671832080737286930e+01
2.650161274714705328e+01
2.611339852714572984e+01
2.559969800170237875e+01
2.500644862992801620e+01
2.437492059081214890e+01
2.373891243325344291e+01
2.312368790698678112e+01
2.254625880103128566e+01
2.201649637821850547e+01
2.153860457168382325e+01
2.111262023916484054e+01
2.073574675172901394e+01
2.040343872873082631e+01
2.011022780721116732e+01
1.985031743456637443e+01
1.961798933074403095e+01
1.940786532490918148e+01
1.921506285354462307e+01
1.903527487195206547e+01
1.886479756452489909e+01
1.870052300961442882e+01
1.853990909983952662e+01
1.838093542621826160e+01
1.822205126311377654e+01
1.806211998337012403e+01
1.790036296606772481e+01
1.773630516000781299e+01
1.756972381036833752e+01
1.740060136100371579e+01
1.722908315862980899e+01
1.705544027720375055e+01
1.688003753438902521e+01
1.670330657802297125e+01
1.652572377354851696e+01
1.634779251913340303e+01
1.617002954919877666e+01
1.599295475419610923e+01
1.581708403900153748e+01
1.564292475826269246e+01
1.547097329857077774e+01
1.530171441903643981e+01
1.513562200902402211e+01
1.497316097058529927e+01
1.481478998053370866e+01
1.466096493092346442e+01
1.451214288545027564e+01
1.436878642203373957e+01
1.423136825804629702e+01
1.410037607405869764e+01
1.397631746445940593e+01
1.385972494879825767e+01
1.375116097608593435e+01
1.365122284533815034e+01
1.356054744904617593e+01
1.347981572150862384e+01
1.340975664048543159e+01
1.335115058778911212e+01
1.330483182160797284e+01
1.327168975015372432e+01
1.325266862265381818e+01
1.324876517050945246e+01
1.326102364050416149e+01
1.329052756685231351e+01
1.333838753554919698e+01
1.340572411197914349e+01
1.349364504407696863e+01
1.360321583631361086e+01
1.373542283754313686e+01
1.389112812691968202e+01
1.407101574995454030e+01
1.427552928709510560e+01
1.450480136399708719e+01
1.475857656142470020e+01
1.503613026063544389e+01
1.533618724344480810e+01
1.565684528586004554e+01
1.599551041211622504e+01
1.634885171611547960e+01
1.671278444753402326e+01
1.708249009128055107e+01
1.745248112838644161e+01
1.781671580411419598e+01
1.816876444610855756e+01
1.850202381374554150e+01
1.880997006837053576e+01
1.908643499700654544e+01
1.932588510035336427e+01
1.952368013280601033e+01
1.967628753624618199e+01
1.978143237438092683e+01
1.983816865159192844e+01
1.984686642037349458e+01
1.980911845554279438e+01
1.972757890469397424e+01
1.960575279056447329e+01
1.944775862598735117e+01
1.925808647346842761e+01
1.904137096955319564e+01
1.880219404169037034e+01
1.854492636858669385e+01
1.827361109369808645e+01
1.799188864914084007e+01
1.770295819317038521e+01
1.740956919426334437e+01
1.711403595504846820e+01
1.681826807217868947e+01
1.652381064704387725e+01
1.623188919868497138e+01
1.594345545072166459e+01
1.565923131000475088e+01
1.537974933612053441e+01
1.510538878155054121e+01
1.483640686267662012e+01
1.457296532392677513e+01
1.431515261309253084e+01
1.406300212912619685e+01
1.381650706577669219e+01
1.357563238152816254e+01
1.334032439914296830e+01
1.311051849204227437e+01
1.288614526059432386e+01
1.266713554630064031e+01
1.245342458031335298e+01
1.224495551716093900e+01
1.204168256615019850e+01
1.184357390194232096e+01
1.165061451206105403e+01
1.146280912211353353e+01
1.128018532872369839e+01
1.110279706503088448e+01
1.093072852358414693e+01
1.076409866613547095e+01
1.060306645884521259e+01
1.044783698445388076e+01
1.029866859974574922e+01
1.015588132677465083e+01
1.001986668933462710e+01
9.891099231256049507e+00
9.770149979056519385e+00
9.657702136344067156e+00
9.554569318194554128e+00
9.461716646055252866e+00
9.380285021010340785e+00
9.311618866016893037e+00
9.257297562549771541e+00
9.219170685252446873e+00
9.199396934038752249e+00
9.200486342229263315e+00
9.225344856658901804e+00
9.277319683888535451e+00
9.360242805428356405e+00
9.478468702767971266e+00
9.636900513418906300e+00
9.840996484136390166e+00
1.009674565376864486e+01
1.041059822210649521e+01
1.078933222932248093e+01
1.123983442310208858e+01
1.176877035675464889e+01
1.238211821554611802e+01
1.308454466142115713e+01
1.387861186558789939e+01
1.476382605705613216e+01
1.573557224813001909e+01
1.678402842767056669e+01
1.789321248185677860e+01
1.904037655009204855e+01
2.019600747492602011e+01
2.132469092697283486e+01
2.238702071910073244e+01
2.334256485621477140e+01
2.415364675018216545e+01
2.478941911211879301e+01
2.522949631487250954e+01
2.546637530327844345e+01
2.550607689937885425e+01
2.536684535209326441e+01
2.507622134615521503e+01
2.466717629412931245e+01
2.417413348050734356e+01
2.362958426168065884e+01
2.306172163536652064e+01
2.249319195492494927e+01
2.194081703716057419e+01
2.141601020533692079e+01
2.092559035730282702e+01
2.047274776675557106e+01
2.005799166237443742e+01
1.967998311638870135e+01
1.933621323233992584e+01
1.902352323032986448e+01
1.873848292120772641e+01
1.847765223754439390e+01
1.823775158061320312e+01
1.801576419310928756e+01
1.780898979164909335e+01
1.761506454301396118e+01
1.743195874927808120e+01
1.725796053936261387e+01
1.709165146324743390e+01
1.693187807208732565e+01
1.677772223456028655e+01
1.662847197984278935e+01
1.648359397808744831e+01
1.634270829577500805e+01
1.620556573868303119e+01
1.607202787686459544e+01
1.594204970284215150e+01
1.581566478375163598e+01
1.569297271435349295e+01
1.557412864919382578e+01
1.545933468056205307e+01
1.534883282838669238e+01
1.524289941462082254e+01
1.514184060494972073e+01
1.504598891260561011e+01
1.495570047111536738e+01
1.487135289381185288e+01
1.479334354713351729e+01
1.472208807162177813e+01
1.465801898883204935e+01
1.460158423403561656e+01
1.455324545373259326e+01
1.451347590394753340e+01
1.448275778058501828e+01
1.446157880758045522e+01
1.445042790328241367e+01
1.444978974187854526e+01
1.446013802654710112e+01
1.448192729662605593e+01
1.451558310513138039e+01
1.456149042853691888e+01
1.461998021130482961e+01
1.469131400685819244e+01
1.477566675804529339e+01
1.487310786666719586e+01
1.498358083523740625e+01
1.510688192488506587e+01
1.524263845854749633e+01
1.539028760198626244e+01
1.554905666576253154e+01
1.571794617288659879e+01
1.589571710766115586e+01
1.608088387454642998e+01
1.627171452160452958e+01
1.646623969068630089e+01
1.666227151925630423e+01
1.685743331904630438e+01
1.704920029214674315e+01
1.723495083386571736e+01
1.741202715619158425e+01
1.757780311321597821e+01
1.772975630830794813e+01
1.786554091161239555e+01
1.798305721287363923e+01
1.808051385744621697e+01
1.815647900689175032e+01
1.820991732741127933e+01
1.824021068585016536e+01
1.824716162381479734e+01
1.823097995255675841e+01
1.819225401985776713e+01
1.813190921185800875e+01
1.805115696669255598e+01
1.795143793843179481e+01
1.783436295565161345e+01
1.770165511149252424e+01
1.755509577740363270e+01
1.739647664426538398e+01
1.722755915644524194e+01
1.705004199824668376e+01
1.686553667885146623e+01
1.667555077770388294e+01
1.648147807088024308e+01
1.628459455524464872e+01
1.608605930317656174e+01
1.588691909141924086e+01
1.568811582616246092e+01
1.549049590747751992e+01
1.529482081815849881e+01
1.510177836823387310e+01
1.491199416516063714e+01
1.472604300365696162e+01
1.454445997448609340e+01
1.436775117712718774e+01
1.419640398778066981e+01
1.403089688321374595e+01
1.387170885467303272e+01
1.371932846663649919e+01
1.357426262446598564e+01
1.343704511455826811e+01
1.330824497136359774e+01
1.318847470806894862e+01
1.307839842167405031e+01
1.297873974789839835e+01
1.289028959558077325e+01
1.281391353220843499e+01
1.275055861976365534e+01
1.270125941073658460e+01
1.266714270538549592e+01
1.264943054084228180e+01
1.264944072893480076e+01
1.266858408259679614e+01
1.270835727297089512e+01
1.277033004725013932e+01
1.285612532321809809e+01
1.296739048066054956e+01
1.310575802327543649e+01
1.327279373154927633e+01
1.346993052670679525e+01
1.369838659354162758e+01
1.395906695455351176e+01
1.425244874477482604e+01
1.457845199395502434e+01
1.493629983781749004e+01
1.532437474639426433e+01
1.574008046212708045e+01
1.617972261849208948e+01
1.663842400676687205e+01
1.711009251994175173e+01
1.758746011646821117e+01
1.806220885980045310e+01
1.852519451400020856e+01
1.896676906232868731e+01
1.937719134355792150e+01
1.974710117250326746e+01
2.006801913234123802e+01
2.033282456511060943e+01
2.053616091170779967e+01
2.067472228428296788e+01
2.074738811216745660e+01
2.075519197499554025e+01
2.070113268995669387e+01
2.058985592919198027e+01
2.042724913890478788e+01
2.021999890144744327e+01
1.997515781829806869e+01
1.969975912861640666e+01
1.940050445526811984e+01
1.908353638058158452e+01
1.875429553001018945e+01
1.841745300869107993e+01
1.807690386377401026e+01
1.773580538591937383e+01
1.739664470408876795e+01
1.706132232380914004e+01
1.673124116458658150e+01
1.640739363562487796e+01
1.609044195600127836e+01
1.578078908478843623e+01
1.547863923372632122e+01
1.518404803492935251e+01
1.489696311728566869e+01
1.461725620806907067e+01
1.434474801447410819e+01
1.407922713131404713e+01
1.382046412592433349e+01
1.356822181239694025e+01
1.332226257351326559e+01
1.308235343813072582e+01
1.284826948441530448e+01
1.261979601992591249e+01
1.239672988942680476e+01
1.217888017966709846e+01
1.196606852538013577e+01
1.175812917013261583e+01
1.155490889704997848e+01
1.135626691567956037e+01
1.116207477041738017e+01
1.097221632141969749e+01
1.078658783945690125e+01
1.060509825073999934e+01
1.042766956560647884e+01
1.025423752555768964e+01
1.008475250614510976e+01
9.919180718417234033e+00
9.757505759008028079e+00
9.599730568536884334e+00
9.445879869971170351e+00
9.296003173245772189e+00
9.150178450101462246e+00
9.008516604241732395e+00
8.871166887038164361e+00
8.738323438720795977e+00
8.610233169890705085e+00
8.487205238897121973e+00
8.369622427659278330e+00
8.257954772214421979e+00
8.152775864587713528e+00
8.054782308796397672e+00
7.964816884127601249e+00
7.883896039770161401e+00
7.813242410327751131e+00
7.754323091669601986e+00
7.708894435207096052e+00
7.679054081933178288e+00
7.667300829577464505e+00
7.676602654851391705e+00
7.710472723762149982e+00
7.773052413238232816e+00
7.869199097465731541e+00
8.004574540437440433e+00
8.185726955598886079e+00
8.420155880764710332e+00
8.716343700116436111e+00
9.083730710930606023e+00
9.532602051062161408e+00
1.007384494930809460e+01
1.071852476161038759e+01
1.147722048101490344e+01
1.235905906539310095e+01
1.337039959228399866e+01
1.451315194697152045e+01
1.578278081956484336e+01
1.716615249541169419e+01
1.863952872910115488e+01
2.016717942270802766e+01
2.170122477204182232e+01
2.318334569236983356e+01
2.454881936719707980e+01
2.573287545494707729e+01
2.667866154795640199e+01
2.734535083897523933e+01
2.771446084845848645e+01
2.779261398214108780e+01
2.760985576726038104e+01
2.721396530968862848e+01
2.666236995323369285e+01
2.601378777956435329e+01
2.532141767962092516e+01
2.462865450941309220e+01
2.396739402468218572e+01
2.335836701411703942e+01
2.281271161902202849e+01
2.233406487169166255e+01
2.192066833169976903e+01
2.156720893274655637e+01
2.126628922316044168e+01
2.100952701469639550e+01
2.078833538517984181e+01
2.059444938674136338e+01
2.042026238145164285e+01
2.025902388113930641e+01
2.010493841785022084e+01
1.995319423187908114e+01
1.979994235889881793e+01
1.964224094040238811e+01
1.947797577248559975e+01
1.930576565639155717e+01
1.912485949578833910e+01
1.893503090411616796e+01
1.873647508248433269e+01
1.852971176793495900e+01
1.831549708881611593e+01
1.809474621306024744e+01
1.786846777993730839e+01
1.763771031537110900e+01
1.740352018408463763e+01
1.716691014979204510e+01
1.692883729941175730e+01
1.669018892478002414e+01
1.645177492061329261e+01
1.621432532016332573e+01
1.597849171925637357e+01
1.574485150727749527e+01
1.551391400719879599e+01
1.528612780874176202e+01
1.506188874756956686e+01
1.484154813221659097e+01
1.462542094628975597e+01
1.441379385609315555e+01
1.420693293481521557e+01
1.400509107638064243e+01
1.380851511804249121e+01
1.361745272382335870e+01
1.343215910381019285e+01
1.325290365946524318e+01
1.307997665446426083e+01
1.291369601554528401e+01
1.275441436938900885e+01
1.260252642011590929e+01
1.245847676756257982e+01
1.232276825859331382e+01
1.219597095130281872e+01
1.207873175349689099e+01
1.197178477008008635e+01
1.187596235596834404e+01
1.179220681805175275e+01
1.172158263674279510e+01
1.166528897885016036e+01
1.162467214186473186e+01
1.160123739709743873e+01
1.159665947651826379e+01
1.161279066645055025e+01
1.165166512223146711e+01
1.171549759613446895e+01
1.180667427664770663e+01
1.192773288123835052e+01
1.208132855408988249e+01
1.227018154673297268e+01
1.249700218949477204e+01
1.276438842756078529e+01
1.307469138524774621e+01
1.342984528459075655e+01
1.383115988238532346e+01
1.427907673276327927e+01
1.477289532616690160e+01
1.531048165924778814e+01
1.588797992389027236e+01
1.649955715878363449e+01
1.713721960828226543e+01
1.779074612945955280e+01
1.844778554092843592e+01
1.909415830922610624e+01
1.971438597770584522e+01
2.029244356700313645e+01
2.081269311082625251e+01
2.126091654236824269e+01
2.162533256781868118e+01
2.189746537240658597e+01
2.207274113828378503e+01
2.215072361248554955e+01
2.213495649386352326e+01
2.203244518360357773e+01
2.185286729017666829e+01
2.160763649298929678e+01
2.130895137505796910e+01
2.096894177791894265e+01
2.059898905168049410e+01
2.020925490042887063e+01
1.980841652232311034e+01
1.940357956226895908e+01
1.900032671155533137e+01
1.860285691249845641e+01
1.821417468708733622e+01
1.783629754124997291e+01
1.747045884021245854e+01
1.711729216614101290e+01
1.677699005886281824e+01
1.644943498841276508e+01
1.613430359984081619e+01
1.583114706807413086e+01
1.553945119629936578e+01
1.525868003136585216e+01
1.498830652410113728e+01
1.472783332353206731e+01
1.447680628814704562e+01
1.423482280048749971e+01
1.400153652405596816e+01
1.377665986109354535e+01
1.355996505940506758e+01
1.335128467147243647e+01
1.315051188126105153e+01
1.295760107385377502e+01
1.277256892100689356e+01
1.259549618347178779e+01
1.242653038116240793e+01
1.226588944879267729e+01
1.211386647224278335e+01
1.197083558515029011e+01
1.183725909203154103e+01
1.171369586976595301e+01
1.160081107954794888e+01
1.149938719203901094e+01
1.141033628432450264e+01
1.133471350225672403e+01
1.127373148838310613e+01
1.122877544487361767e+01
1.120141832189403708e+01
1.119343538223538559e+01
1.120681707888391010e+01
1.124377877938415615e+01
1.130676536652889475e+01
1.139844813092540043e+01
1.152171064882643670e+01
1.167961952703819684e+01
1.187537504252115106e+01
1.211223589655762289e+01
1.239341169076530313e+01
1.272191654166951302e+01
1.310037780248997841e+01
1.353079557336887895e+01
1.401425204965820548e+01
1.455057529073217815e+01
1.513797008307704850e+01
1.577263929058304370e+01
1.644843188611307028e+01
1.715656724921751675e+01
1.788549659046857343e+01
1.862096758841174449e+01
1.934635280573404614e+01
2.004328189513168468e+01
2.069257998263936216e+01
2.127546231158484247e+01
2.177487657904026008e+01
2.217683337480414352e+01
2.247153826439781454e+01
2.265414974901846534e+01
2.272503955672394582e+01
2.268951619454544044e+01
2.255706835421153755e+01
2.234026579248367028e+01
2.205350081081885705e+01
2.171175507052015163e+01
2.132954017755567122e+01
2.092010230983424179e+01
2.049491980965617799e+01
2.006347273012919175e+01
1.963323204065420668e+01
1.920980375653944705e+01
1.879716534569121222e+01
1.839794249361236922e+01
1.801368836932374506e+01
1.764514122066847790e+01
1.729244743908608584e+01
1.695534550647674621e+01
1.663331163128773937e+01
1.632567094841617106e+01
1.603167954496903747e+01
1.575058286489901960e+01
1.548165569679164832e+01
1.522422828375447779e+01
1.497770232174416272e+01
1.474155985608610031e+01
1.451536740924054492e+01
1.429877710177182237e+01
1.409152606615084480e+01
1.389343509060815940e+01
1.370440715353875483e+01
1.352442630229402276e+01
1.335355717861602542e+01
1.319194538315899123e+01
1.303981879212522621e+01
1.289748988048889267e+01
1.276535906063579162e+01
1.264391900577559369e+01
1.253375988830690346e+01
1.243557541907403063e+01
1.235016951900845683e+01
1.227846338484879851e+01
1.222150262017221500e+01
1.218046398634479921e+01
1.215666117963533388e+01
1.215154885534595763e+01
1.216672389306440216e+01
1.220392262678887185e+01
1.226501245127717965e+01
1.235197586937482761e+01
1.246688468181196896e+01
1.261186167260294333e+01
1.278902686057859661e+01
1.300042524645457576e+01
1.324793309075432113e+01
1.353314024869728449e+01
1.385720713080986322e+01
1.422069663571596188e+01
1.462338408575337034e+01
1.506405189816216783e+01
1.554028042446610236e+01
1.604825184473416755e+01
1.658258964631072274e+01
1.713626108641358314e+01
1.770057277300901433e+01
1.826528846564486841e+01
1.881889180668453676e+01
1.934900390426351180e+01
1.984294664411102715e+01
2.028841919578068698e+01
2.067423123881406610e+01
2.099101731532923409e+01
2.123184806077205167e+01
2.139266002486966656e+01
2.147244726268896642e+01
2.147319153960223304e+01
2.139954683313625949e+01
2.125832906952912182e+01
2.105788595810413710e+01
2.080743005232687182e+01
2.051641091558853347e+01
2.019398350687524157e+01
1.984860567040512436e+01
1.948777387532024719e+01
1.911788740721519986e+01
1.874421907369715967e+01
1.837096510837570307e+01
1.800134696881383789e+01
1.763774122583897253e+01
1.728181892639519290e+01
1.693468129726041127e+01
1.659698357550925252e+01
1.626904268874771020e+01
1.595092737288057982e+01
1.564253120857487289e+01
1.534363016817669667e+01
1.505392679916605303e+01
1.477308331436664801e+01
1.450074576245948244e+01
1.423656122504688426e+01
1.398018970400286065e+01
1.373131207295915601e+01
1.348963519709196568e+01
1.325489508955857687e+01
1.302685877570972472e+01
1.280532537697272133e+01
1.259012680162731002e+01
1.238112833492319531e+01
1.217822935121659178e+01
1.198136432144055874e+01
1.179050425624808085e+01
1.160565870521245913e+01
1.142687842281167754e+01
1.125425881040292353e+01
1.108794424831428138e+01
1.092813344219176486e+01
1.077508592170900492e+01
1.062912984662442994e+01
1.049067129383758079e+01
1.036020521818671369e+01
1.023832829741527739e+01
1.012575388544954791e+01
1.002332930422083024e+01
9.932055697539130534e+00
9.853110643665129231e+00
9.787873666060189493e+00
9.737954680384701689e+00
9.705225251394066888e+00
9.691852281154137216e+00
9.700333377955418612e+00
9.733532623301332620e+00
9.794714713917153759e+00
9.887574451483647664e+00
1.001625722671546015e+01
1.018536444501338245e+01
1.039993574029591450e+01
1.066539734586712918e+01
1.098746325673174518e+01
1.137197310714126708e+01
1.182464852481813544e+01
1.235074897444712150e+01
1.295461006057755959e+01
1.363905367355281761e+01
1.440467232343572768e+01
1.524901156966015492e+01
1.616570584342429839e+01
1.714366328003744400e+01
1.816643971157973070e+01
1.921198054498243479e+01
2.025292572758214860e+01
2.125764743117085231e+01
2.219210499132432446e+01
2.302245243463081081e+01
2.371814028788709905e+01
2.425506459135629456e+01
2.461820213451617789e+01
2.480319613642001997e+01
2.481654397377214494e+01
2.467434611545155221e+01
2.439990411124833258e+01
2.402069177843040393e+01
2.356529396241430874e+01
2.306080988794641229e+01
2.253101519391815444e+01
2.199535457471239752e+01
2.146866438086178164e+01
2.096143159395510125e+01
2.048037652730537772e+01
2.002917638365585518e+01
1.960919784552764966e+01
1.922015879554370343e+01
1.886068125640385418e+01
1.852872652476434467e+01
1.822192049642299239e+01
1.793778533249644980e+01
1.767389600434564656e+01
1.742797937806705377e+01
1.719797108698194066e+01
1.698204255500843729e+01
1.677860775203760824e+01
1.658631684775561865e+01
1.640404196299632034e+01
1.623085868244591623e+01
1.606602583211136093e+01
1.590896516998034294e+01
1.575924202209295188e+01
1.561654746124936644e+01
1.548068232498484242e+01
1.535154316662446128e+01
1.522911010026870215e+01
1.511343641657820669e+01
1.500463979582997354e+01
1.490289491669162203e+01
1.480842724541889943e+01
1.472150778496039081e+01
1.464244856270513218e+01
1.457159863655844312e+01
1.450934039985827084e+01
1.445608596526322565e+01
1.441227340566162773e+01
1.437836262638531792e+01
1.435483063805366122e+01
1.434216599418720861e+01
1.434086215378216167e+01
1.435140952833281780e+01
1.437428597792088780e+01
1.440994553516136456e+01
1.445880516281019723e+01
1.452122939503070143e+01
1.459751277836329031e+01
1.468786012105723771e+01
1.479236468284616990e+01
1.491098459454286029e+01
1.504351798893162950e+01
1.518957754900741008e+01
1.534856542973365556e+01
1.551964977238598919e+01
1.570174428652155463e+01
1.589349259658772873e+01
1.609325920420939227e+01
1.629912896437949499e+01
1.650891687398579322e+01
1.672018968855438814e+01
1.693030039360221295e+01
1.713643585611837850e+01
1.733567709232163523e+01
1.752507056536781960e+01
1.770170785968378269e+01
1.786281008318253427e+01
1.800581255562481076e+01
1.812844487737982746e+01
1.822880143741287640e+01
1.830539786343863184e+01
1.835720982755776376e+01
1.838369191515239010e+01
1.838477580094946617e+01
1.836084857277639415e+01
1.831271351067720232e+01
1.824153680006945422e+01
1.814878441596440695e+01
1.803615371035981596e+01
1.790550408419643347e+01
1.775879060345976157e+01
1.759800363834305159e+01
1.742511669136015584e+01
1.724204365420517604e+01
1.705060589030106044e+01
1.685250884526935522e+01
1.664932737323634271e+01
1.644249863673647027e+01
1.623332127460977858e+01
1.602295950548318260e+01
1.581245090864002911e+01
1.560271676433964849e+01
1.539457401136090020e+01
1.518874806646586073e+01
1.498588593117372980e+01
1.478656917453891140e+01
1.459132652057343549e+01
1.440064588349203945e+01
1.421498578371809529e+01
1.403478614481745979e+01
1.386047851925579089e+01
1.369249582231117834e+01
1.353128167159792028e+01
1.337729943697152812e+01
1.323104110397991029e+01
1.309303604471831939e+01
1.296385977346339402e+01
1.284414274064628536e+01
1.273457918674464295e+01
1.263593603603538718e+01
1.254906175671732171e+01
1.247489504592921605e+01
1.241447311233962125e+01
1.236893922150893488e+01
1.233954903613294540e+01
1.232767512072634020e+01
1.233480878520383506e+01
1.236255821276907341e+01
1.241264155620818599e+01
1.248687339981392341e+01
1.258714268608650144e+01
1.271537992237927206e+01
1.287351125297696619e+01
1.306339686597169880e+01
1.328675128372607972e+01
1.354504346719112462e+01
1.383937547666554657e+01
1.417033981652015484e+01
1.453785768367633757e+01
1.494100323227576510e+01
1.537782265995505071e+01
1.584516125449417245e+01
1.633851612016657384e+01
1.685193644420009562e+01
1.737799587016622027e+01
1.790786158536831962e+01
1.843148083543754012e+01
1.893789679128310510e+01
1.941569181238421038e+01
1.985353818798851933e+01
2.024081687355183945e+01
2.056824736851092794e+01
2.082846110934782047e+01
2.101645039505614321e+01
2.112983677243703085e+01
2.116892586103048401e+01
2.113654556675420437e+01
2.103769518868717014e+01
2.087905747415729252e+01
2.066843937152224342e+01
2.041420830367546557e+01
2.012478076137800898e+01
1.980820279470334455e+01
1.947184232994233000e+01
1.912219533929911464e+01
1.876479443131747260e+01
1.840420039509923100e+01
1.804405422246210122e+01
1.768716794102808976e+01
1.733563575986049443e+01
1.699095124594725803e+01
1.665412054577488021e+01
1.632576545185169437e+01
1.600621311989737094e+01
1.569557142374030967e+01
1.539379037824444296e+01
1.510071091080170547e+01
1.481610267458848540e+01
1.453969271138650221e+01
1.427118670058797889e+01
1.401028435738081157e+01
1.375669032465525810e+01
1.351012167691286869e+01
1.327031294214331858e+01
1.303701936039735187e+01
1.281001893982419482e+01
1.258911374225124824e+01
1.237413072864719332e+01
1.216492241665743634e+01
1.196136754419012327e+01
1.176337189129334782e+01
1.157086938423489997e+01
1.138382358820316220e+01
1.120222968631916949e+01
1.102611704107211565e+01
1.085555243864614461e+01
1.069064412599862557e+01
1.053154676432508730e+01
1.037846744020815315e+01
1.023167289687058457e+01
1.009149817207410216e+01
9.958356855703025090e+00
9.832753207998157663e+00
9.715296407276719393e+00
9.606717221475298274e+00
9.507887417451733825e+00
9.419842230396666238e+00
9.343806205200008819e+00
9.281222681074099867e+00
9.233787104464084905e+00
9.203484201532909026e+00
9.192628790730250188e+00
9.203909628804629151e+00
9.240435109077621334e+00
9.305778804817897765e+00
9.404021696189467150e+00
9.539786349927560138e+00
9.718256249388183221e+00
9.945170829704029103e+00
1.022678354114817445e+01
1.056976653422491452e+01
1.098104161721561134e+01
1.146751358011739441e+01
1.203567987284710306e+01
1.269109165770900738e+01
1.343764783813337083e+01
1.427671885893563086e+01
1.520612414558419268e+01
1.621902841561389863e+01
1.730287742693463215e+01
1.843855727659850174e+01
1.960001912982772510e+01
2.075463963108029830e+01
2.186455574328833507e+01
2.288909358798624538e+01
2.378819575129715602e+01
2.452647073320138915e+01
2.507721956313335454e+01
2.542564780538936375e+01
2.557054217371005223e+01
2.552400300693136259e+01
2.530929304863331097e+01
2.495732249023046023e+01
2.450257010793495738e+01
2.397925484465812218e+01
2.341835627190853586e+01
2.284575653830064468e+01
2.228147287909169805e+01
2.173975203565571945e+01
2.122972353485742758e+01
2.075632843913245651e+01
2.032130877521042578e+01
1.992412219961452990e+01
1.956271407323376721e+01
1.923412679178609253e+01
1.893495467605376703e+01
1.866166652040967122e+01
1.841082215657555210e+01
1.817920830556040457e+01
1.796391545023855585e+01
1.776237320280018750e+01
1.757235757936138398e+01
1.739198012217090294e+01
1.721966602900911170e+01
1.705412631572387383e+01
1.689432744991987079e+01
1.673946073870215301e+01
1.658891292818603347e+01
1.644223889209420619e+01
1.629913688461219223e+01
1.615942655859250010e+01
1.602302976726535633e+01
1.588995404908011189e+01
1.576027862195990537e+01
1.563414267136192137e+01
1.551173569625939841e+01
1.539328967142848015e+01
1.527907278812047664e+01
1.516938454460794183e+01
1.506455197049048955e+01
1.496492678204020521e+01
1.487088327880119643e+01
1.478281680308338686e+01
1.470114259317010053e+01
1.462629486750492980e+01
1.455872598055716338e+01
1.449890549139411000e+01
1.444731898330132935e+01
1.440446646736740099e+01
1.437086019528425318e+01
1.434702169745984968e+01
1.433347785295922172e+01
1.433075578921723547e+01
1.433937640377756750e+01
1.435984629988738526e+01
1.439264793554980848e+01
1.443822780510685888e+01
1.449698250761755958e+01
1.456924261162098766e+01
1.465525430587522315e+01
1.475515893459175665e+01
1.486897065688301289e+01
1.499655264520268538e+01
1.513759244528175962e+01
1.529157735523534711e+01
1.545777093365833998e+01
1.563519199879159771e+01
1.582259770934180487e+01
1.601847249151179042e+01
1.622102465997190279e+01
1.642819253407162705e+01
1.663766163799611064e+01
1.684689416699071884e+01
1.705317128973990393e+01
1.725364805200734253e+01
1.744541969117889835e+01
1.762559714011116085e+01
1.779138849543752698e+01
1.794018237314963571e+01
1.806962849858342324e+01
1.817771068654889177e+01
1.826280762816536907e+01
1.832373762461153532e+01
1.835978453913243058e+01
1.837070365955824158e+01
1.835670771055516326e+01
1.831843474444080044e+01
1.825690089933610238e+01
1.817344191076626458e+01
1.806964772363955873e+01
1.794729456799485234e+01
1.780827848639526323e+01
1.765455362981828458e+01
1.748807779131875151e+01
1.731076674235589152e+01
1.712445807841056578e+01
1.693088454356852068e+01
1.673165623173585104e+01
1.652825066926555664e+01
1.632200956079047671e+01
1.611414090213008166e+01
1.590572519845180111e+01
1.569772463799294826e+01
1.549099423003386988e+01
1.528629409437660058e+01
1.508430226871941038e+01
1.488562756674281395e+01
1.469082216562536480e+01
1.450039372357645284e+01
1.431481692537654382e+01
1.413454442839984182e+01
1.396001723578783604e+01
1.379167456037525596e+01
1.362996326560501892e+01
1.347534698059626024e+01
1.332831498779174062e+01
1.318939097461309728e+01
1.305914172602862777e+01
1.293818581294752512e+01
1.282720230129000960e+01
1.272693946718727354e+01
1.263822345315023199e+01
1.256196673572345901e+01
1.249917619408062031e+01
1.245096046776010112e+01
1.241853616659517989e+01
1.240323234328798563e+01
1.240649245610763707e+01
1.242987283448428038e+01
1.247503641522995466e+01
1.254374024770523377e+01
1.263781498535403891e+01
1.275913431147876587e+01
1.290957202527964220e+01
1.309094439375771302e+01
1.330493543060543260e+01
1.355300309184932672e+01
1.383626509792213355e+01
1.415536433435011787e+01
1.451031567550403167e+01
1.490033871058444070e+01
1.532368424085708014e+01
1.577746643473907362e+01
1.625751683787977342e+01
1.675828043846524196e+01
1.727277679628375751e+01
1.779264973639265790e+01
1.830832609440310677e+01
1.880929651841140782e+01
1.928451905390726395e+01
1.972292989069914526e+01
2.011402729884784435e+01
2.044847776092218083e+01
2.071868167832943186e+01
2.091923353591634083e+01
2.104722022185360686e+01
2.110232087844526561e+01
2.108669884534604222e+01
2.100470537505610480e+01
2.086243962780963557e+01
2.066722498191332491e+01
2.042706556087432190e+01
2.015013980040568242e+01
1.984437304314752382e+01
1.951711290587541470e+01
1.917491363096861789e+01
1.882342171437061396e+01
1.846734612602722692e+01
1.811049234781637907e+01
1.775583928933039246e+01
1.740564057739002024e+01
1.706153547034277906e+01
1.672465872058816672e+01
1.639574244599045372e+01
1.607520613751979610e+01
1.576323322701185958e+01
1.545983421308457828e+01
1.516489731647838113e+01
1.487822815229326245e+01
1.459958010166991293e+01
1.432867705275190140e+01
1.406523004693270096e+01
1.380894917306491898e+01
1.355955184035054373e+01
1.331676835504572765e+01
1.308034554058333931e+01
1.285004898132057427e+01
1.262566433816222933e+01
1.240699807834489654e+01
1.219387787886062746e+01
1.198615290000961409e+01
1.178369407907470823e+01
1.158639456108240395e+01
1.139417036146412343e+01
1.120696134203613781e+01
1.102473257540628460e+01
1.084747617242734030e+01
1.067521365173767300e+01
1.050799893913766425e+01
1.034592209715652089e+01
1.018911390145627394e+01
1.003775140060578330e+01
9.892064619204061771e+00
9.752344591292898102e+00
9.618952941323232864e+00
9.492333263251262920e+00
9.373024583867589854e+00
9.261677232803267046e+00
9.159071476446655424e+00
9.066139302457566274e+00
8.983989759834283717e+00
8.913938257801607534e+00
8.857540192283000380e+00
8.816629182926069674e+00
8.793360040551224444e+00
8.790256308561568588e+00
8.810261783737921348e+00
8.856794757975134047e+00
8.933802751220559557e+00
9.045814127184375053e+00
9.197981082237445705e+00
9.396105954593952703e+00
9.646639514213216415e+00
9.956635824864369155e+00
1.033364351610938492e+01
1.078550821528563120e+01
1.132005623848460019e+01
1.194462682862470260e+01
1.266542152095183660e+01
1.348664788446989604e+01
1.440945511158001757e+01
1.543069514854369650e+01
1.654159841630758621e+01
1.772652671278732583e+01
1.896204864898748710e+01
2.021665400365088061e+01
2.145144836811395805e+01
2.262210603780103213e+01
2.368217277979188395e+01
2.458750009551657811e+01
2.530121773709439026e+01
2.579833543409045404e+01
2.606896143634845942e+01
2.611934091443115591e+01
2.597043064398876666e+01
2.565436721179485957e+01
2.520970543548327569e+01
2.467650658959400189e+01
2.409220360257768334e+01
2.348878272293366365e+01
2.289138811719298516e+01
2.231813057019752833e+01
2.178072492502732160e+01
2.128557174985671452e+01
2.083497663520573795e+01
2.042830641232879785e+01
2.006297720898118797e+01
1.973523862250446115e+01
1.944076037911134236e+01
1.917504857860611622e+01
1.893372535975126780e+01
1.871270473955035030e+01
1.850829274057015539e+01
1.831723426670217236e+01
1.813672382914354486e+01
1.796439270304564673e+01
1.779828153094662824e+01
1.763680470033705916e+01
1.747871085403152591e+01
1.732304247923603668e+01
1.716909652014488330e+01
1.701638725446032652e+01
1.686461217980950877e+01
1.671362130912751454e+01
1.656339003086700501e+01
1.641399552025401931e+01
1.626559657118636437e+01
1.611841664067936719e+01
1.597272984914808092e+01
1.582884965313459169e+01
1.568711989693770192e+01
1.554790795170615247e+01
1.541159966142412152e+01
1.527859583194318560e+01
1.514931001937111610e+01
1.502416739570288229e+01
1.490360449093038220e+01
1.478806963068121760e+01
1.467802390568576065e+01
1.457394252327204320e+01
1.447631640105635853e+01
1.438565386861329465e+01
1.430248234388397499e+01
1.422734984724094964e+01
1.416082620740732878e+01
1.410350379988457448e+01
1.405599764039426702e+01
1.401894463351669451e+01
1.399300175094691845e+01
1.397884288573354716e+01
1.397715410021643478e+01
1.398862695855354410e+01
1.401394961303796904e+01
1.405379530124450049e+01
1.410880791403134182e+01
1.417958431949016251e+01
1.426665318328938881e+01
1.437045012071343031e+01
1.449128915975434495e+01
1.462933069706114431e+01
1.478454639663781656e+01
1.495668181815184461e+01
1.514521796422608624e+01
1.534933339118933837e+01
1.556786900981757604e+01
1.579929817072134490e+01
1.604170502591654213e+01
1.629277441133505988e+01
1.654979652199942919e+01
1.680968936903249755e+01
1.706904134591679778e+01
1.732417515245212059e+01
1.757123284170785382e+01
1.780627994834453176e+01
1.802542468167410661e+01
1.822494624860486923e+01
1.840142478048563746e+01
1.855186434847512089e+01
1.867380039053246321e+01
1.876538366335021735e+01
1.882543455584497849e+01
1.885346408216253877e+01
1.884966080069198924e+01
1.881484588777649236e+01
1.875040122864076864e+01
1.865817733980880888e+01
1.854038900127790157e+01
1.839950660370769597e+01
1.823815050556331130e+01
1.805899435849482160e+01
1.786468166393936841e+01
1.765775803843981606e+01
1.744062001413503182e+01
1.721547983915928981e+01
1.698434474874886746e+01
1.674900856249143288e+01
1.651105318733608485e+01
1.627185760144746496e+01
1.603261208185938713e+01
1.579433574363585535e+01
1.555789581627268170e+01
1.532402744642876691e+01
1.509335315265216515e+01
1.486640134925090706e+01
1.464362359529127566e+01
1.442541041086809983e+01
1.421210564095079043e+01
1.400401944435553858e+01
1.380144004960928150e+01
1.360464445826543667e+01
1.341390829633489723e+01
1.322951502147563296e+01
1.305176469177716214e+01
1.288098249454451150e+01
1.271752722253322077e+01
1.256179987178367696e+01
1.241425251990023249e+01
1.227539762592663664e+01
1.214581787178877015e+01
1.202617663880079313e+01
1.191722917839348916e+01
1.181983449060564340e+01
1.173496786259631897e+01
1.166373393700694017e+01
1.160738006973416958e+01
1.156730959060584318e+01
1.154509438942304200e+01
1.154248600378812739e+01
1.156142407382620796e+01
1.160404064316564465e+01
1.167265831949817745e+01
1.176977976255432168e+01
1.189806535512601116e+01
1.206029526561150256e+01
1.225931148873179843e+01
1.249793495493313422e+01
1.277885258154131343e+01
1.310446941659827758e+01
1.347672208435004215e+01
1.389685192301548256e+01
1.436513987772877421e+01
1.488061069098278999e+01
1.544072136045816990e+01
1.604105799474806915e+01
1.667507530092249723e+01
1.733392241228468222e+01
1.800640516189294971e+01
1.867913506224573794e+01
1.933690584477678698e+01
1.996331701300542960e+01
2.054163032717500670e+01
2.105580295266354440e+01
2.149159786367204816e+01
2.183763895491574658e+01
2.208626657745346122e+01
2.223406657342344062e+01
2.228199242338309460e+01
2.223506672293003561e+01
2.210171864558892096e+01
2.189287037373783562e+01
2.162091440728904246e+01
2.129872099202206925e+01
2.093878600180040905e+01
2.055258610547962661e+01
2.015016289598642629e+01
1.973992083853779533e+01
1.932860038306586148e+01
1.892137760761080401e+01
1.852204243755545221e+01
1.813321476970260804e+01
1.775656795365190987e+01
1.739303930258054365e+01
1.704301604067435960e+01
1.670649171822480028e+01
1.638319263885939137e+01
1.607267657513947512e+01
1.577440743892232433e+01
1.548781004548597551e+01
1.521230901451486872e+01
1.494735544538315608e+01
1.469244446479348731e+01
1.444712618182447805e+01
1.421101206096825109e+01
1.398377826764525089e+01
1.376516716254908346e+01
1.355498781889682114e+01
1.335311620216814177e+01
1.315949547474024506e+01
1.297413675717042203e+01
1.279712058370286343e+01
1.262859922304562410e+01
1.246879998902657150e+01
1.231802963299595888e+01
1.217667988531207079e+01
1.204523419206034696e+01
1.192427567076095585e+01
1.181449628065711543e+01
1.171670716437569837e+01
1.163185006282882128e+01
1.156100962780473651e+01
1.150542634927351315e+01
1.146650966821879258e+01
1.144585065072242358e+01
1.144523334395842262e+01
1.146664360822053297e+01
1.151227381061317345e+01
1.158452126837043039e+01
1.168597774272376455e+01
1.181940662018070398e+01
1.198770370984684597e+01
1.219383689687931849e+01
1.244075933117346366e+01
1.273129056318412111e+01
1.306796030284202992e+01
1.345281058762144077e+01
1.388715448438739131e+01
1.437129342869534021e+01
1.490420128406129230e+01
1.548319134808233066e+01
1.610359260944261806e+01
1.675847268817675939e+01
1.743845530386208509e+01
1.813168705163678140e+01
1.882400815573511466e+01
1.949937099455882006e+01
2.014052588742967842e+01
2.072995590947795108e+01
2.125099555311840760e+01
2.168902084849477063e+01
2.203256360366879818e+01
2.227419239634339476e+01
2.241102584157360411e+01
2.244479847821222407e+01
2.238147493904798679e+01
2.223048495581742046e+01
2.200371025659008595e+01
2.171438083681798048e+01
2.137602947210421789e+01
2.100161728055154242e+01
2.060289348389588682e+01
2.019000357603668050e+01
1.977132214466265836e+01
1.935346401188672516e+01
1.894141944977303993e+01
1.853876223131193157e+01
1.814788856034553532e+01
1.777025645968207002e+01
1.740660622929135215e+01
1.705715165541756662e+01
1.672173828958995045e+01
1.639996946883281126e+01
1.609130324906085363e+01
1.579512457844381501e+01
1.551079730438895865e+01
1.523770034834070763e+01
1.497525185576262885e+01
1.472292450473005410e+01
1.448025453788465633e+01
1.424684652369675320e+01
1.402237537748142415e+01
1.380658678499257519e+01
1.359929686587855535e+01
1.340039168014990700e+01
1.320982700585202529e+01
1.302762868840522437e+01
1.285389377080072038e+01
1.268879254973975890e+01
1.253257165805402629e+01
1.238555824178836318e+01
1.224816527557358548e+01
1.212089803743168481e+01
1.200436173932910400e+01
1.189927027802883508e+01
1.180645602720387188e+01
1.172688053091360239e+01
1.166164587415904208e+01
1.161200639109075716e+01
1.157938021726718425e+01
1.156535998994290715e+01
1.157172173998385389e+01
1.160043069130474969e+01
1.165364228129864621e+01
1.173369623570830456e+01
1.184310097938826978e+01
1.198450506022519768e+01
1.216065164887515948e+01
1.237431162552925379e+01
1.262819039354099182e+01
1.292480354017834010e+01
1.326631703182672517e+01
1.365434908187137175e+01
1.408973350540379244e+01
1.457224861329364707e+01
1.510032174319325016e+01
1.567072738691080325e+01
1.627830614001241116e+01
1.691574132699122401e+01
1.757343830636506965e+01
1.823955549716448132e+01
1.890023294657460440e+01
1.954005083857835956e+01
2.014272513345978410e+01
2.069201163829298551e+01
2.117274811134569035e+01
2.157192518395605063e+01
2.187965186826052388e+01
2.208988013490024471e+01
2.220078040340909453e+01
2.221471263228606219e+01
2.213780451867966548e+01
2.197921250386866632e+01
2.175018680749006350e+01
2.146307877320596802e+01
2.113041674098750633e+01
2.076414304187123250e+01
2.037506147650324451e+01
1.997250342379560806e+01
1.956418948556429172e+01
1.915624543485191822e+01
1.875332527964794949e+01
1.835879723866462498e+01
1.797495650339181594e+01
1.760323853193897392e+01
1.724441603378944876e+01
1.689877056338000827e+01
1.656623535580028772e+01
1.624650982321173842e+01
1.593914834059230579e+01
1.564362700288933361e+01
1.535939231622941925e+01
1.508589560006628716e+01
1.482261644746878559e+01
1.456907806567725139e+01
1.432485678959811004e+01
1.408958757701028119e+01
1.386296687860373211e+01
1.364475393441352757e+01
1.343477127710232288e+01
1.323290501354948745e+01
1.303910529928918116e+01
1.285338730545644736e+01
1.267583289585164508e+01
1.250659317450164565e+01
1.234589202486612791e+01
1.219403073484535938e+01
1.205139378203928580e+01
1.191845583686323984e+01
1.179579002295019130e+01
1.168407745049642621e+01
1.158411800418927307e+01
1.149684231775841425e+01
1.142332479569937220e+01
1.136479744175664486e+01
1.132266411428576092e+01
1.129851464004386230e+01
1.129413796827401129e+01
1.131153322323914345e+01
1.135291710296339218e+01
1.142072556452834853e+01
1.151760712735100256e+01
1.164640442216891358e+01
1.181011984083498056e+01
1.201186035633511473e+01
1.225475588347923228e+01
1.254184509845539530e+01
1.287592266622980475e+01
1.325934266248787985e+01
1.369377503014955266e+01
1.417991564313160957e+01
1.471715640597724217e+01
1.530323008354320002e+01
1.593385514574281459e+01
1.660241809519229150e+01
1.729974284712205446e+01
1.801400594689836154e+01
1.873085889699051521e+01
1.943381032440850831e+01
2.010489762766498600e+01
2.072563913796613377e+01
2.127820718798184885e+01
2.174670876706866807e+01
2.211841725614138099e+01
2.238478092362626626e+01
2.254205210791387515e+01
2.259143643579935201e+01
2.253874307446638525e+01
2.239360428171099215e+01
2.216840220505689985e+01
2.187707579945042013e+01
2.153397568415757846e+01
2.115289709359153392e+01
2.074636616617005913e+01
2.032519929950860771e+01
1.989831150999822640e+01
1.947272326241612461e+01
1.905370559321112012e+01
1.864500635052113964e+01
1.824911068755156407e+01
1.786750190794573712e+01
1.750090117414411850e+01
1.714947476467689924e+01
1.681300497317291232e+01
1.649102555760341104e+01
1.618292537896070016e+01
1.588802509641888072e+01
1.560563203296598545e+01
1.533507799953812700e+01
1.507574425579260691e+01
1.482707707946652498e+01
1.458859672476255120e+01
1.435990193115420865e+01
1.414067162091619423e+01
1.393066499967969385e+01
1.372972094155284672e+01
1.353775728604817097e+01
1.335477048405228828e+01
1.318083589073408746e+01
1.301610890242898577e+01
1.286082706168202350e+01
1.271531320093543016e+01
1.257997965333466439e+01
1.245533352236764735e+01
1.234198296479745771e+01
1.224064439819755634e+01
1.215215048998950564e+01
1.207745871363966295e+01
1.201766016361774270e+01
1.197398819740214293e+01
1.194782631337753998e+01
1.194071447096029104e+01
1.195435280732086269e+01
1.199060139898120170e+01
1.205147435524183663e+01
1.213912611905700878e+01
1.225582740508156476e+01
1.240392775508647105e+01
1.258580129072675646e+01
1.280377197520804700e+01
1.306001467812229322e+01
1.335642873318031221e+01
1.369448169009518423e+01
1.407502282317451936e+01
1.449806890497318257e+01
1.496256896430243444e+01
1.546616026393926013e+01
1.600493433608829719e+01
1.657323899146919999e+01
1.716354864976301897e+01
1.776643945797055935e+01
1.837070538257965424e+01
1.896364464702353203e+01
1.953153100529073072e+01
2.006026131418558123e+01
2.053614186554999677e+01
2.094674576225084195e+01
2.128174918327571774e+01
2.153364312837293326e+01
2.169822470913277712e+01
2.177479946863675764e+01
2.176606911542367939e+01
2.167772804870541137e+01
2.151783555212091770e+01
2.129605859959934833e+01
2.102288774723153608e+01
2.070891654220130107e+01
2.036424917771884324e+01
1.999806995382217067e+01
1.961837905682558159e+01
1.923187728100174354e+01
1.884396949255805254e+01
1.845885221073920235e+01
1.807965250205209173e+01
1.770859088619890187e+01
1.734714789434270443e+01
1.699622071952861901e+01
1.665626216217911448e+01
1.632739845757786412e+01
1.600952559454650626e+01
1.570238560222973589e+01
1.540562526874680849e+01
1.511884012762392615e+01
1.484160652830088267e+01
1.457350436455989140e+01
1.431413268758324087e+01
1.406312005494310569e+01
1.382013110837591086e+01
1.358487055516869368e+01
1.335708545970892303e+01
1.313656653399512919e+01
1.292314894477242859e+01
1.271671302439549045e+01
1.251718517587947055e+01
1.232453919348895255e+01
1.213879817293731200e+01
1.196003715496106068e+01
1.178838662865096865e+01
1.162403701312717175e+01
1.146724423515016333e+01
1.131833652363601495e+01
1.117772254752249772e+01
1.104590102867913082e+01
1.092347196392558750e+01
1.081114958648832314e+01
1.070977718324021488e+01
1.062034385439053885e+01
1.054400324973160252e+01
1.048209423064192691e+01
1.043616327748445904e+01
1.040798827207608568e+01
1.039960301484981287e+01
1.041332146228667099e+01
1.045176016434089306e+01
1.051785671346861228e+01
1.061488115643247099e+01
1.074643624338425774e+01
1.091644108799157564e+01
1.112909131159366183e+01
1.138878712288588879e+01
1.170001920960707409e+01
1.206720108640053013e+01
1.249443612488626165e+01
1.298520857478711754e+01
1.354199138330692875e+01
1.416577062470992310e+01
1.485549796222473873e+01
1.560749954204626455e+01
1.641489192226865512e+01
1.726708125244568848e+01
1.814944663934738855e+01
1.904332518586543443e+01
1.992641476939182965e+01
2.077368095954390625e+01
2.155878984259134512e+01
2.225599113022062170e+01
2.284226153174808971e+01
2.329941670000016174e+01
2.361584806718473928e+01
2.378756868262313162e+01
2.381836687030871857e+01
2.371904311713696245e+01
2.350589254371108083e+01
2.319873479981725595e+01
2.281884606956358041e+01
2.238710896057988720e+01
2.192259234231442377e+01
2.144164731693129156e+01
2.095749605645923808e+01
2.048021921144967550e+01
2.001701850498074364e+01
1.957263483666061887e+01
1.914982492570363348e+01
1.874982876953814426e+01
1.837278765204636599e+01
1.801809404237128831e+01
1.768466954933058943e+01
1.737117595365875289e+01
1.707616871344368903e+01
1.679820372779042259e+01
1.653590777323886485e+01
1.628802177043715105e+01
1.605342445674202168e+01
1.583114245899927930e+01
1.562035134401246239e+01
1.542037103622654470e+01
1.523065804012831137e+01
1.505079616732131775e+01
1.488048691209155194e+01
1.471954020936913565e+01
1.456786601280940907e+01
1.442546692038636458e+01
1.429243192757854963e+01
1.416893128579526184e+01
1.405521237203638840e+01
1.395159642410008161e+01
1.385847595576302815e+01
1.377631263211184631e+01
1.370563535204089689e+01
1.364703824955057065e+01
1.360117828563482867e+01
1.356877205695891320e+01
1.355059139591341832e+01
1.354745727983748793e+01
1.356023150745993000e+01
1.358980554187061962e+01
1.363708586772876963e+01
1.370297517471166238e+01
1.378834867129738129e+01
1.389402486821022364e+01
1.402073026810897005e+01
1.416905757929454346e+01
1.433941736006392098e+01
1.453198341989141795e+01
1.474663287232117881e+01
1.498288246044398164e+01
1.523982364949103818e+01
1.551605996631824524e+01
1.580965109101297017e+01
1.611806915812563901e+01
1.643817344701675509e+01
1.676620993901627799e+01
1.709784188354058898e+01
1.742821635439995021e+01
1.775206966671395747e+01
1.806387146286103018e+01
1.835800343586178940e+01
1.862896441636267753e+01
1.887158946980690288e+01
1.908126741845216401e+01
1.925413950015153475e+01
1.938726222231683494e+01
1.947872007090107616e+01
1.952767838311279647e+01
1.953437276534182843e+01
1.950003800296190448e+01
1.942678542478669357e+01
1.931744223329296517e+01
1.917536879498472402e+01
1.900427013449245806e+01
1.880801614141624967e+01
1.859048184003320969e+01
1.835541519189426651e+01
1.810633597977745524e+01
1.784646589023513741e+01
1.757868729357690896e+01
1.730552652731663343e+01
1.702915666712117115e+01
1.675141465744969693e+01
1.647382806656397847e+01
1.619764742398023571e+01
1.592388092121501053e+01
1.565332908220725905e+01
1.538661775690002465e+01
1.512422841771660487e+01
1.486652523064557130e+01
1.461377873606175903e+01
1.436618622573181625e+01
1.412388906269113065e+01
1.388698728122868609e+01
1.365555184444980874e+01
1.342963494302387062e+01
1.320927870355071754e+01
1.299452264806513924e+01
1.278541021435792047e+01
1.258199461462834279e+01
1.238434428041293955e+01
1.219254811644340819e+01
1.200672076589350823e+01
1.182700807461466042e+01
1.165359293227700377e+01
1.148670166340574106e+01
1.132661114050991991e+01
1.117365679403159362e+01
1.102824169866158854e+01
1.089084692132982291e+01
1.076204332109807460e+01
1.064250499284569962e+01
1.053302454174236580e+01
1.043453035952359365e+01
1.034810604035416048e+01
1.027501201523159402e+01
1.021670938828157027e+01
1.017488581121853031e+01
1.015148301466024883e+01
1.014872530284349672e+01
1.016914788208251785e+01
1.021562329828580751e+01
1.029138346643200919e+01
1.040003374632480693e+01
1.054555422232937900e+01
1.073228176767766762e+01
1.096486464348427603e+01
1.124817939611437012e+01
1.158719788406770235e+01
1.198679076466072857e+01
1.245145330795534555e+01
1.298494086915443546e+01
1.358980592645577090e+01
1.426683768616599757e+01
1.501442026059220858e+01
1.582784722298335467e+01
1.669865852829347830e+01
1.761409760095004984e+01
1.855681566458492071e+01
1.950496705100180961e+01
2.043283024363053357e+01
2.131204209961548557e+01
2.211344067077292053e+01
2.280938251948249018e+01
2.337625934795259397e+01
2.379682886747486492e+01
2.406194318244326169e+01
2.417133497203042580e+01
2.413330131817306068e+01
2.396335889846786671e+01
2.368215828666825118e+01
2.331307140656726418e+01
2.287987332954063291e+01
2.240484308282674064e+01
2.190745678446315026e+01
2.140369583598219805e+01
2.090588249586570413e+01
2.042289912311951738e+01
1.996063905369804559e+01
1.952255949206178443e+01
1.911024238497222782e+01
1.872390516039455832e+01
1.836283257376619815e+01
1.802572155436475398e+01
1.771094355280775900e+01
1.741673531339777981e+01
1.714133125004200764e+01
1.688305037978280865e+01
1.664034928068521069e+01
1.641185057489676780e+01
1.619635444595526153e+01
1.599283890968834498e+01
1.580045305911093578e+01
1.561850630631073678e+01
1.544645572047743975e+01
1.528389286782513956e+01
1.513053105065081994e+01
1.498619347750475050e+01
1.485080263907676823e+01
1.472437098631115404e+01
1.460699288601108492e+01
1.449883774758437305e+01
1.440014415967263695e+01
1.431121483760746749e+01
1.423241215496163115e+01
1.416415400993085250e+01
1.410690975647837142e+01
1.406119590894497584e+01
1.402757130608600988e+01
1.400663139613789099e+01
1.399900127941128325e+01
1.400532712097173160e+01
1.402626552628230172e+01
1.406247046164325809e+01
1.411457730473105876e+01
1.418318363593130371e+01
1.426882643743208412e+01
1.437195546445536110e+01
1.449290270257317026e+01
1.463184803756896457e+01
1.478878154876021611e+01
1.496346319808937331e+01
1.515538112371654478e+01
1.536371024608694213e+01
1.558727343033500645e+01
1.582450797815222643e+01
1.607344068276021076e+01
1.633167499235443643e+01
1.659639389736726400e+01
1.686438188951103712e+01
1.713206865338446505e+01
1.739559599589472327e+01
1.765090790276785526e+01
1.789386161908913309e+01
1.812035545283012183e+01
1.832646684842415041e+01
1.850859247828801557e+01
1.866358096843181613e+01
1.878884867136851611e+01
1.888246977063547405e+01
1.894323392755704916e+01
1.897066746288227179e+01
1.896501734711412013e+01
1.892720060252661085e+01
1.885872463822558487e+01
1.876158617025823006e+01
1.863815749547170952e+01
1.849106894610903495e+01
1.832309547803325955e+01
1.813705378932290557e+01
1.793571443762959206e+01
1.772173142858925843e+01
1.749758993265598761e+01
1.726557131970724868e+01
1.702773365715139775e+01
1.678590519963383443e+01
1.654168815436658235e+01
1.629647005332166643e+01
1.605144031096131130e+01
1.580760990917216802e+01
1.556583256021292350e+01
1.532682610295647585e+01
1.509119325474846462e+01
1.485944115330917192e+01
1.463199937430910325e+01
1.440923630240585851e+01
1.419147387313082476e+01
1.397900079873088863e+01
1.377208445205118537e+01
1.357098161734782948e+01
1.337594833293967156e+01
1.318724905384819657e+01
1.300516535763533810e+01
1.283000440683642296e+01
1.266210736886966259e+01
1.250185798027801276e+01
1.234969142697630851e+01
1.220610369544059992e+01
1.207166153038906664e+01
1.194701311065689531e+01
1.183289952408815360e+01
1.173016708091519789e+01
1.163978044882212970e+01
1.156283651607079221e+01
1.150057878474262374e+01
1.145441195588414196e+01
1.142591618220719774e+01
1.141686022073565887e+01
1.142921240536627714e+01
1.146514796600111197e+01
1.152705073730240493e+01
1.161750672240015625e+01
1.173928631187214577e+01
1.189531123082155872e+01
1.208860154973453760e+01
1.232219744169844589e+01
1.259904994892256447e+01
1.292187505521983582e+01
1.329296614858490244e+01
1.371396187752009865e+01
1.418556988506899330e+01
1.470725235680486698e+01
1.527688701148062123e+01
1.589042702747519620e+01
1.654159477711772297e+01
1.722165562112438408e+01
1.791932684820596933e+01
1.862087961571547723e+01
1.931048448482041735e+01
1.997083050859346898e+01
2.058401272444646324e+01
2.113263618925397225e+01
2.160103425262721899e+01
2.197645686851091540e+01
2.225006517867481648e+01
2.241758183366313872e+01
2.247949468205743528e+01
2.244078567543374803e+01
2.231023888821504286e+01
2.209944991883645926e+01
2.182169666103143157e+01
2.149083204230801769e+01
2.112032807963015912e+01
2.072255091131302862e+01
2.030829385297545997e+01
1.988655223421018547e+01
1.946449604197813343e+01
1.904758465357102892e+01
1.863976878768565726e+01
1.824373339026231733e+01
1.786114700686903944e+01
1.749289503422092551e+01
1.713928425832433788e+01
1.680021358495988437e+01
1.647531089531383230e+01
1.616403893262289770e+01
1.586577457672812841e+01
1.557986629243227306e+01
1.530567434805249505e+01
1.504259788609704174e+01
1.479009228431119638e+01
1.454767959191945437e+01
1.431495422793264893e+01
1.409158561525435260e+01
1.387731900344234148e+01
1.367197539953641972e+01
1.347545126958462092e+01
1.328771848051370519e+01
1.310882480998052380e+01
1.293889524911393352e+01
1.277813424943682108e+01
1.262682901209342390e+01
1.248535387746978387e+01
1.235417584007548797e+01
1.223386118152260416e+01
1.212508317829941618e+01
1.202863079550973957e+01
1.194541821726764042e+01
1.187649498290506322e+01
1.182305638876255927e+01
1.178645367051842285e+01
1.176820329254864816e+01
1.176999443023315628e+01
1.179369343055690500e+01
1.184134366997728804e+01
1.191515879493294960e+01
1.201750683610399761e+01
1.215088215215780565e+01
1.231786162157459330e+01
1.252104102987604151e+01
1.276294729979171372e+01
1.304592223663378370e+01
1.337197401719564560e+01
1.374259399663942638e+01
1.415853883775610100e+01
1.461958176708168011e+01
1.512424213445422083e+01
1.566950939438144985e+01
1.625058577412920613e+01
1.686068034343184507e+01
1.749089438209020031e+01
1.813024160720044975e+01
1.876584428952227768e+01
1.938333502714270651e+01
1.996747251276170232e+01
2.050294880336956638e+01
2.097532928053539436e+01
2.137203183041503252e+01
2.168322800098765768e+01
2.190254473293506976e+01
2.202746560601315551e+01
2.205937374179009325e+01
2.200323574113184932e+01
2.186698360129960861e+01
2.166069536206430968e+01
2.139569564086365716e+01
