1.000000000000000000e+00
6.767982756277133305e-01
4.473039224914495682e-01
2.712695582167339858e-01
1.288131505471257765e-01
7.892459772077031754e-03
-9.953486400109201604e-02
-1.992077380337547721e-01
-2.954568480826745835e-01
-3.917301866447753800e-01
-4.909252960813958455e-01
-5.956120543640700538e-01
-7.081902170896102744e-01
-8.310068663502125919e-01
-9.664489280924355441e-01
-1.117020330643642367e+00
-1.285410075842833955e+00
-1.474555440297324660e+00
-1.687703163259756112e+00
-1.928470487189764881e+00
-2.200907086649575906e+00
-2.509558088407625398e+00
-2.859527397530811754e+00
-3.256539228281333465e+00
-3.706993875713194608e+00
-4.218011059188465417e+00
-4.797450218593906968e+00
-5.453891397544016861e+00
-6.196552074184695336e+00
-7.035103572298535113e+00
-7.979334422873000321e+00
-9.038586194030704846e+00
-1.022085929839016316e+01
-1.153145305120852449e+01
-1.297097018720839401e+01
-1.453249251887418403e+01
-1.619774536226731243e+01
-1.793215776904300185e+01
-1.967896443668382389e+01
-2.135297910404461419e+01
-2.283548797399785357e+01
-2.397285714929643419e+01
-2.458263109714514982e+01
-2.447130957664031925e+01
-2.346622810486384125e+01
-2.145865706416164898e+01
-1.844679652244968437e+01
-1.456014627676370488e+01
-1.004845105890729329e+01
-5.233421212917929388e+00
-4.423452026955922989e-01
4.047030216674971648e+00
8.030527262660136500e+00
1.137087107773700012e+01
1.397517037432417020e+01
1.577328696214484793e+01
1.670775653852849629e+01
1.673836463275721442e+01
1.585826395509616660e+01
1.411390746410345187e+01
1.161862082014712527e+01
8.550999146276703655e+00
5.135415721173002268e+00
1.610503018091960392e+00
-1.802704028780476531e+00
-4.922213445708274016e+00
-7.611986495364751804e+00
-9.777436581603957677e+00
-1.135627346366322854e+01
-1.231087372336264352e+01
-1.262545872992690654e+01
-1.230814033173516364e+01
-1.139545555104904295e+01
-9.955818765456712072e+00
-8.088601577903432371e+00
-5.917252889460183241e+00
-3.577370713619563602e+00
-1.202771080542541782e+00
1.086719059635425477e+00
3.193040727049559102e+00
5.042528486481097971e+00
6.584457691845400085e+00
7.787469094552776916e+00
8.635735042395262795e+00
9.126057641995075187e+00
9.266280102419328202e+00
9.074739845578873698e+00
8.580118071436546145e+00
7.820962021512114504e+00
6.844332566413369179e+00
5.703376399436111299e+00
4.454016386436391528e+00
3.151261080391258851e+00
1.845756355170032226e+00
5.811168111990006047e-01
-6.076579927942720172e-01
-1.694652492816567158e+00
-2.662580463002893527e+00
-3.501714552760852861e+00
-4.208520147715942628e+00
-4.784254618872830989e+00
-5.233703596690268967e+00
-5.564138445538646671e+00
-5.784511426502644937e+00
-5.904862326517905657e+00
-5.935890034123556092e+00
-5.888638799695164572e+00
-5.774255474910697572e+00
-5.603785609686926072e+00
-5.387989014682490030e+00
-5.137166729027277334e+00
-4.860999846312696882e+00
-4.568405821292915725e+00
-4.267419853134751584e+00
-3.965108324183826305e+00
-3.667518916579771471e+00
-3.379668831017199171e+00
-3.105569280514503649e+00
-2.848281704035346973e+00
-2.609999268490540647e+00
-2.392146300391074565e+00
-2.195488230555234566e+00
-2.020245258649670639e+00
-1.866204017386360992e+00
-1.732822814087930707e+00
-1.619327363289068566e+00
-1.524795163012933941e+00
-1.448227726552886008e+00
-1.388610722928591334e+00
-1.344962698261604972e+00
-1.316373464979800012e+00
-1.302033486265186335e+00
-1.301255684598235485e+00
-1.313491100373444409e+00
-1.338339750623725566e+00
-1.375557915077369575e+00
-1.425062927680939229e+00
-1.486936391544631419e+00
-1.561426574312613447e+00
-1.648950585331800500e+00
-1.750096788251304103e+00
-1.865627762426301128e+00
-1.996483990778412876e+00
-2.143788315339883788e+00
-2.308851057105958837e+00
-2.493175534190099185e+00
-2.698463519059898452e+00
-2.926619936034136060e+00
-3.179755794530605861e+00
-3.460187957359011524e+00
-3.770433826797869870e+00
-4.113198358522965670e+00
-4.491349943304348891e+00
-4.907880583629145477e+00
-5.365844392868962309e+00
-5.868266724832214898e+00
-6.418014196845077457e+00
-7.017613555198469300e+00
-7.669004914080312929e+00
-8.373212733634812110e+00
-9.129916648614402774e+00
-9.936905030896149071e+00
-1.078939871580721999e+01
-1.167924318647667370e+01
-1.259398806052038644e+01
-1.351590684338109938e+01
-1.442106099998395052e+01
-1.527858119556294980e+01
-1.605041941579750642e+01
-1.669190135635498251e+01
-1.715344509533614925e+01
-1.738375839985442184e+01
-1.733462524490643020e+01
-1.696700736728078240e+01
-1.625765457159612026e+01
-1.520488846224035129e+01
-1.383195814459204875e+01
-1.218663038008250865e+01
-1.033655778665226244e+01
-8.361219272275786096e+00
-6.342311760534164122e+00
-4.354865151354927910e+00
-2.460886506529862849e+00
-7.063135406304692498e-01
8.789948371434066487e-01
2.279165917305514100e+00
3.489215812913081471e+00
4.511844868705302325e+00
5.354679409502081100e+00
6.028191296584959780e+00
6.544301828255553843e+00
6.915555015356388502e+00
7.154701616214656390e+00
7.274538806318043171e+00
7.287877030343949514e+00
7.207540355461690140e+00
7.046341270023035896e+00
6.817001235371699330e+00
6.532012437027974627e+00
6.203453248612148307e+00
5.842779822045004678e+00
5.460619538796326999e+00
5.066590019198514483e+00
4.669161670270351117e+00
4.275574206479554995e+00
3.891809895320825774e+00
3.522619737930164696e+00
3.171594129570382670e+00
2.841266964288062802e+00
2.533241453847087321e+00
2.248326683521154834e+00
1.986675604557450514e+00
1.747917279476457919e+00
1.531278369925252569e+00
1.335690831499012576e+00
1.159884416567196430e+00
1.002463837048113593e+00
8.619713185659882981e-01
7.369358350078446529e-01
6.259106124176788688e-01
5.275005987172559641e-01
4.403815694269528347e-01
3.633124275578366036e-01
2.951420953129075264e-01
2.348122131956793812e-01
1.813566771012247447e-01
1.338988677980090525e-01
9.164726675438236714e-02
5.389001083827556909e-02
1.998881694717737079e-02
-1.062739449142251213e-02
-3.846893246333628336e-02
-6.399164840958698752e-02
-8.760300755702629671e-02
-1.096678395430938369e-01
-1.305137223836889404e-01
-1.504359788601945247e-01
-1.697022829495473117e-01
-1.885568873067312579e-01
-2.072244921429783893e-01
-2.259137820441259881e-01
-2.448206610962184171e-01
-2.641312187373199838e-01
-2.840244595213139434e-01
-3.046748298440881686e-01
-3.262545739427333280e-01
-3.489359503624882008e-01
-3.728933387666337751e-01
-3.983052655679225618e-01
-4.253563754774560834e-01
-4.542393747603357679e-01
-4.851569707951974286e-01
-5.183238314777408595e-01
-5.539685870900469267e-01
-5.923358964690131900e-01
-6.336885986256711734e-01
-6.783099703573732819e-01
-7.265061098058396283e-01
-7.786084652801517070e-01
-8.349765278957727022e-01
-8.960007055653791408e-01
-9.621053944673141345e-01
-1.033752262121536036e+00
-1.111443753375549459e+00
-1.195726826624831984e+00
-1.287196922052913139e+00
-1.386502156044911338e+00
-1.494347725520968284e+00
-1.611500491874154228e+00
-1.738793695354480029e+00
-1.877131725677538832e+00
-2.027494841523261648e+00
-2.190943688112875876e+00
-2.368623405303497798e+00
-2.561767044998665366e+00
-2.771697921680283727e+00
-2.999830398104939899e+00
-3.247668453220059259e+00
-3.516801183646494966e+00
-3.808894145259712261e+00
-4.125675138638206008e+00
-4.468912673012304992e+00
-4.840384901448340216e+00
-5.241836303708953260e+00
-5.674918810050315621e+00
-6.141113432556461582e+00
-6.641627849741852607e+00
-7.177264864304043535e+00
-7.748256371135591181e+00
-8.354057663389694355e+00
-8.993097907343198472e+00
-9.662484902240844775e+00
-1.035766641877470917e+01
-1.107205719931340226e+01
-1.179665083471263642e+01
-1.251964972836317713e+01
-1.322616414191715783e+01
-1.389805162220318380e+01
-1.451398772268659343e+01
-1.504987197467824878e+01
-1.547967073988699127e+01
-1.577677014300182634e+01
-1.591584806096265758e+01
-1.587517100968976358e+01
-1.563909018167672649e+01
-1.520038025382942415e+01
-1.456198161412198466e+01
-1.373772193146784737e+01
-1.275173648520888037e+01
-1.163656265179501759e+01
-1.043018300204436954e+01
-9.172532553975617731e+00
-7.902082341351881034e+00
-6.653035366994030753e+00
-5.453464632370947918e+00
-4.324472681094229110e+00
-3.280242671572484170e+00
-2.328730495741442752e+00
-1.472719510123528641e+00
-7.109976679603529082e-01
-3.948610291014009732e-02
5.477799828431991758e-01
1.057859084981483067e+00
1.498301393593496122e+00
1.876716423607664996e+00
2.200480302890304163e+00
2.476551468408967782e+00
2.711366589124566850e+00
2.910793381849052341e+00
3.080122095018661632e+00
3.224082036890770553e+00
3.346873322527882166e+00
3.452206974094077729e+00
3.543348722738149714e+00
3.623163463428661135e+00
3.694158444267324537e+00
3.758524049664873967e+00
3.818171559801654347e+00
3.874767611825308933e+00
3.929765306610244924e+00
3.984432038447673907e+00
4.039874201784186880e+00
4.097058968450864036e+00
4.156833343894922095e+00
4.219940710574747733e+00
4.287035056755100548e+00
4.358693073276030283e+00
4.435424281960351323e+00
4.517679338791662502e+00
4.605856633905362152e+00
4.700307289519991549e+00
4.801338636739078680e+00
4.909216233133891549e+00
5.024164465628421006e+00
5.146365767951595060e+00
5.275958469400118922e+00
5.413033282608790131e+00
5.557628433368877019e+00
5.709723436388990159e+00
5.869231528600309389e+00
6.035990787742783859e+00
6.209753990316098538e+00
6.390177301484207817e+00
6.576807942189273781e+00
6.769071047459181756e+00
6.966256016223588254e+00
7.167502757720352058e+00
7.371788362433632891e+00
7.577914864346965373e+00
7.784498911552492295e+00
7.989964316153506552e+00
8.192538600219473111e+00
8.390254776097926026e+00
8.580959675776005824e+00
8.762330150101451665e+00
8.931898366535449441e+00
9.087087215435428078e+00
9.225256465025992725e+00
9.343759768556349599e+00
9.440011923286512285e+00
9.511564931280805268e+00
9.556190464992534217e+00
9.571965374303724516e+00
9.557355991255681360e+00
9.511296318019379470e+00
9.433254849851730128e+00
9.323284897314655595e+00
9.182053899118983509e+00
9.010848364362573193e+00
8.811552680789340286e+00
8.586601928388621019e+00
8.338910839395939689e+00
8.071782910573949366e+00
7.788805174390693864e+00
7.493735093571867623e+00
7.190386358878377848e+00
6.882520037335414287e+00
6.573746622013622698e+00
6.267443228289769408e+00
5.966688655774991190e+00
5.674217482676451318e+00
5.392392945851636199e+00
5.123197203981224135e+00
4.868236747440445988e+00
4.628760219561407929e+00
4.405685722241754476e+00
4.199634739771060055e+00
4.010970061271715181e+00
3.839835446463131685e+00
3.686195201196261095e+00
3.549872260047820305e+00
3.430583778418326624e+00
3.327973594064971063e+00
3.241641216632282774e+00
3.171167240570434753e+00
3.116135254581186231e+00
3.076150445575039249e+00
3.050855174901433209e+00
3.039941847551980381e+00
3.043163408892468169e+00
3.060341795040772084e+00
3.091374637845234918e+00
3.136240487815170841e+00
3.195002771339155334e+00
3.267812643961710783e+00
3.354910840181410947e+00
3.456628552042635416e+00
3.573387292726572628e+00
3.705697615641212028e+00
3.854156461707033632e+00
4.019442794561312482e+00
4.202311051686949739e+00
4.403581785119611069e+00
4.624128684498831632e+00
4.864860964404814858e+00
5.126699855094768665e+00
5.410547661480484827e+00
5.717247554630260353e+00
6.047531945876259307e+00
6.401956989994050495e+00
6.780820512304685188e+00
7.184060520801822669e+00
7.611131547729709901e+00
8.060856507753417333e+00
8.531252756319528174e+00
9.019332832791995713e+00
9.520883279185611059e+00
1.003022925991894532e+01
1.053999875360298155e+01
1.104090797130516677e+01
1.152159916493936365e+01
1.196857232008194138e+01
1.236626168816971472e+01
1.269731387606544892e+01
1.294312227906298496e+01
1.308465828559849697e+01
1.310360861555994560e+01
1.298377860544967533e+01
1.271265661517314172e+01
1.228296584484635368e+01
1.169397525083553546e+01
1.095232360633526270e+01
1.007214894920656256e+01
9.074414645018098469e+00
7.985466693460227638e+00
6.835008149499351759e+00
5.653790722976804517e+00
4.471365835773383424e+00
3.314197835256354807e+00
2.204339280746482999e+00
1.158739173726167415e+00
1.891380937435735987e-01
-6.975748377358399477e-01
-1.498701706964560287e+00
-2.214925787935350332e+00
-2.849476173874458063e+00
-3.407353012450100138e+00
-3.894662296253596168e+00
-4.318079523766092720e+00
-4.684441073690543966e+00
-5.000450067326474013e+00
-5.272477919071313579e+00
-5.506441588640387685e+00
-5.707737947960052516e+00
-5.881219331953505325e+00
-6.031197384849688703e+00
-6.161465236261291167e+00
-6.275330594554071162e+00
-6.375654442052847592e+00
-6.464891663221761675e+00
-6.545131184679052971e+00
-6.618134123146143466e+00
-6.685369093228981541e+00
-6.748044283049453362e+00
-6.807136213679026326e+00
-6.863415299000218184e+00
-6.917468447417666866e+00
-6.969719019117949443e+00
-7.020444489253715226e+00
-7.069792180411319293e+00
-7.117793425119326223e+00
-7.164376506247232435e+00
-7.209378703145773670e+00
-7.252557746039045128e+00
-7.293602951235903298e+00
-7.332146275283378145e+00
-7.367773486997126753e+00
-7.400035612041353517e+00
-7.428460755189592923e+00
-7.452566350695307484e+00
-7.471871831936805819e+00
-7.485911648886276915e+00
-7.494248497888337468e+00
-7.496486565328971174e+00
-7.492284528282953993e+00
-7.481368004893011125e+00
-7.463541109046253119e+00
-7.438696741774962540e+00
-7.406825249130873701e+00
-7.368021095559021738e+00
-7.322487244192803502e+00
-7.270537000509964543e+00
-7.212593161073496795e+00
-7.149184410403498724e+00
-7.080939020484240842e+00
-7.008576021841417258e+00
-6.932894124700064609e+00
-6.854758765673729215e+00
-6.775087732761210901e+00
-6.694835873645517133e+00
-6.614979415930952733e+00
-6.536500421882050382e+00
-6.460371865689554127e+00
-6.387543761703127210e+00
-6.318930692594340925e+00
-6.255400993352201233e+00
-6.197767747160527918e+00
-6.146781649199482445e+00
-6.103125700179766078e+00
-6.067411607765510695e+00
-6.040177704419118498e+00
-6.021888136630987098e+00
-6.012933043661674581e+00
-6.013629423364989179e+00
-6.024222377056260846e+00
-6.044886432860773873e+00
-6.075726665391060877e+00
-6.116779356842418913e+00
-6.168011978786252847e+00
-6.229322313598561145e+00
-6.300536578600258508e+00
-6.381406464148311919e+00
-6.471605049154238287e+00
-6.570721614305353064e+00
-6.678255435423898767e+00
-6.793608707855008255e+00
-6.916078828379460752e+00
-7.044850344387231011e+00
-7.178986970714186455e+00
-7.317424171348982043e+00
-7.458962903372626130e+00
-7.602265219285134989e+00
-7.745852514275909151e+00
-7.888107277397068628e+00
-8.027279247765092052e+00
-8.161496874282700986e+00
-8.288784913850797409e+00
-8.407088862437669619e+00
-8.514306681530596776e+00
-8.608327950113581650e+00
-8.687080138298520993e+00
-8.748581173666737598e+00
-8.790996880492659926e+00
-8.812701256882446543e+00
-8.812336972779510447e+00
-8.788872992218866642e+00
-8.741655920682104508e+00
-8.670451622255349378e+00
-8.575473893376338808e+00
-8.457397542354026854e+00
-8.317354089300057041e+00
-8.156909408949783113e+00
-7.978023888406724495e+00
-7.782996933968219011e+00
-7.574398796442751269e+00
-7.354993564648974136e+00
-7.127657705960614543e+00
-6.895298661839263765e+00
-6.660777739874470527e+00
-6.426840936703554164e+00
-6.196060471223762356e+00
-5.970788818272057874e+00
-5.753126024674513950e+00
-5.544900162734689886e+00
-5.347660005233245251e+00
-5.162678434099423619e+00
-4.990964734977607620e+00
-4.833283769610050129e+00
-4.690180027248342931e+00
-4.562004695488616868e+00
-4.448944117769149997e+00
-4.351048279921170270e+00
-4.268258258559020746e+00
-4.200431844531786751e+00
-4.147366807932292510e+00
-4.108821487239550763e+00
-4.084532559857296796e+00
-4.074229984726542853e+00
-4.077649202851215904e+00
-4.094540743181150688e+00
-4.124677414779718276e+00
-4.167859277065502965e+00
-4.223916573293730714e+00
-4.292710792867184821e+00
-4.374133999381556670e+00
-4.468106526682718460e+00
-4.574573107219123358e+00
-4.693497457721236721e+00
-4.824855308532452369e+00
-4.968625826409605040e+00
-5.124781347997855896e+00
-5.293275314370911921e+00
-5.474028278316239060e+00
-5.666911848314130751e+00
-5.871730440026760256e+00
-6.088200732072494681e+00
-6.315928773360337978e+00
-6.554384770689315687e+00
-6.802875704834406179e+00
-7.060516088468946627e+00
-7.326197397171087644e+00
-7.598556981053200765e+00
-7.875947601611223980e+00
-8.156409132998627243e+00
-8.437644407315060491e+00
-8.717001645891190975e+00
-8.991466363625002955e+00
-9.257666003350268014e+00
-9.511890774385756586e+00
-9.750134138353905300e+00
-9.968155999587944294e+00
-1.016157081291211028e+01
-1.032596143759971596e+01
-1.045701761331745061e+01
-1.055069546459446528e+01
-1.060339161790645157e+01
-1.061212262836762754e+01
-1.057469786608248086e+01
-1.048987228369967717e+01
-1.035746504925272760e+01
-1.017843124218338424e+01
-9.954876811176475826e+00
-9.690011606301908387e+00
-9.388041018220418366e+00
-9.054002804166868756e+00
-8.693561142799079988e+00
-8.312773986676553761e+00
-7.917851770525343724e+00
-7.514925264097235491e+00
-7.109838022182265682e+00
-6.707975016011024749e+00
-6.314134361635271198e+00
-5.932444347541201424e+00
-5.566323835414556775e+00
-5.218480975940887667e+00
-4.890943213972889225e+00
-4.585110711229977376e+00
-4.301825400660575838e+00
-4.041448642943730185e+00
-3.803941611551865165e+00
-3.588943852147601365e+00
-3.395846765537090750e+00
-3.223859933315804671e+00
-3.072069179050045395e+00
-2.939486015245409867e+00
-2.825088676337581983e+00
-2.727855306225243748e+00
-2.646790088632099192e+00
-2.580943214027252797e+00
-2.529425599265668012e+00
-2.491419242044110582e+00
-2.466184022829454481e+00
-2.453061678073879648e+00
-2.451477571755239282e+00
-2.460940795356649780e+00
-2.481043034243749279e+00
-2.511456553787761781e+00
-2.551931582761871820e+00
-2.602293304697592902e+00
-2.662438609529074629e+00
-2.732332707054168974e+00
-2.812005659342580177e+00
-2.901548849955167597e+00
-3.001111372406852329e+00
-3.110896287438593699e+00
-3.231156667147048633e+00
-3.362191312722193182e+00
-3.504340000433062041e+00
-3.657978076678409796e+00
-3.823510186649669684e+00
-4.001362881933903992e+00
-4.191975810030709404e+00
-4.395791143536547985e+00
-4.613240859565958196e+00
-4.844731432620980272e+00
-5.090625459591717750e+00
-5.351219698507747147e+00
-5.626718979841118795e+00
-5.917205450097696051e+00
-6.222602645009088107e+00
-6.542633980714457564e+00
-6.876775417180276406e+00
-7.224202314487930821e+00
-7.583730899025179717e+00
-7.953755314389889364e+00
-8.332181980349533390e+00
-8.716363943590403451e+00
-9.103039079356765484e+00
-9.488277365187910206e+00
-9.867443920388646816e+00
-1.023518594436252727e+01
-1.058545286671240682e+01
-1.091155962358885567e+01
-1.120630259798367945e+01
-1.146213596457438655e+01
-1.167141255902814478e+01
-1.182668770768492728e+01
-1.192107678890588573e+01
-1.194864821624995699e+01
-1.190482418258767972e+01
-1.178675357964711701e+01
-1.159361702337481148e+01
-1.132682475531818689e+01
-1.099007551470532640e+01
-1.058925816135078257e+01
-1.013219617236669912e+01
-9.628255023242674682e+00
-9.087850059492048160e+00
-8.521904233865758016e+00
-7.941308804685974998e+00
-7.356435466909521992e+00
-6.776737029671579648e+00
-6.210458569152692121e+00
-5.664465250023044796e+00
-5.144179489712600528e+00
-4.653610545386039909e+00
-4.195454457143386939e+00
-3.771241141036918876e+00
-3.381507278417243079e+00
-3.025977305026748443e+00
-2.703739192609259323e+00
-2.413406037793765613e+00
-2.153258235037900370e+00
-1.921363986516281708e+00
-1.715678058915363513e+00
-1.534120118757619666e+00
-1.374634802361338615e+00
-1.235236053960427016e+00
-1.114038332937278941e+00
-1.009277161197981831e+00
-9.193212400218697677e-01
-8.426780730268350617e-01
-7.779947285760192566e-01
-7.240550858006797874e-01
-6.797746470359019577e-01
-6.441937718832999593e-01
-6.164699955023967837e-01
-5.958699343916544766e-01
-5.817611536280979934e-01
-5.736042664274719760e-01
-5.709454560054516570e-01
-5.734095473209414040e-01
-5.806937089979319344e-01
-5.925618306233246813e-01
-6.088395952177638737e-01
-6.294102489024495650e-01
-6.542110579330421283e-01
-6.832304359585753550e-01
-7.165057204724953888e-01
-7.541215760597687057e-01
-7.962090024913870412e-01
-8.429449273970724965e-01
-8.945523656846131599e-01
-9.513011306693935909e-01
-1.013509084674176774e+00
-1.081543919317380809e+00
-1.155825457478182106e+00
-1.236828469617404780e+00
-1.325085996281152090e+00
-1.421193165642733458e+00
-1.525811489114334174e+00
-1.639673608433050767e+00
-1.763588452961361241e+00
-1.898446744627612759e+00
-2.045226757870654666e+00
-2.205000200420384360e+00
-2.378938024225889514e+00
-2.568315899819641590e+00
-2.774518986128648557e+00
-2.999045493959032083e+00
-3.243508366058278192e+00
-3.509634168743182236e+00
-3.799257996339830523e+00
-4.114312814786599937e+00
-4.456811197793939527e+00
-4.828816820743733196e+00
-5.232402359189387120e+00
-5.669589582597638788e+00
-6.142266447165503962e+00
-6.652074909462903918e+00
-7.200262088433169616e+00
-7.787486456905845955e+00
-8.413570222200517534e+00
-9.077189404055335586e+00
-9.775495009530231982e+00
-1.050366309072646409e+01
-1.125437959990948222e+01
-1.201727929569745967e+01
-1.277837793269527644e+01
-1.351956441043088120e+01
-1.421825368376279108e+01
-1.484733816745213986e+01
-1.537560635447125357e+01
-1.576880745554170460e+01
-1.599150945717007311e+01
-1.600980342822862212e+01
-1.579473687706462215e+01
-1.532612603584449928e+01
-1.459615297796786848e+01
-1.361199035940966873e+01
-1.239671982209753054e+01
-1.098808399677229630e+01
-9.435100967030280117e+00
-7.793121238521615979e+00
-6.118307828259943015e+00
-4.462608255372668253e+00
-2.870044395512993063e+00
-1.374701351928686588e+00
-3.422255557414821681e-04
1.238737473890912266e+00
2.336121636288933878e+00
3.291417888064323005e+00
4.108475298163042133e+00
4.793872774137046378e+00
5.355755447692138738e+00
5.803014876973654701e+00
6.144763906650973162e+00
6.390039196913372521e+00
6.547663625994830205e+00
6.626208966172232984e+00
6.634011122848301412e+00
6.579202751066736354e+00
6.469739671539449510e+00
6.313407511283320339e+00
6.117803135851727525e+00
5.890291658786268592e+00
5.637944143078778225e+00
5.367463657443044767e+00
5.085108306370933029e+00
4.796619490146584397e+00
4.507162309938435030e+00
4.221283088340388900e+00
3.942886792015160236e+00
3.675235033731524048e+00
3.420963528376862239e+00
3.182116520104397939e+00
2.960194834758126170e+00
2.756213819412770771e+00
2.570767435988009275e+00
2.404095079513326016e+00
2.256148189538046633e+00
2.126654320568750478e+00
2.015176957261711088e+00
1.921169946364114534e+00
1.844025934321481763e+00
1.783118628557057939e+00
1.737839036454428276e+00
1.707626082996973604e+00
1.691992175395282905e+00
1.690544383166223019e+00
1.703001947974173147e+00
1.729210841330411919e+00
1.769156060612808057e+00
1.822972303421782181e+00
1.890953593404897548e+00
1.973562351444225094e+00
2.071438316287042447e+00
2.185407617747497699e+00
2.316492190487646763e+00
2.465919581359843349e+00
2.635133039480539008e+00
2.825801572961104569e+00
3.039829392249678630e+00
3.279363814258720922e+00
3.546800243611935244e+00
3.844782238457470136e+00
4.176193859147519838e+00
4.544140428242726237e+00
4.951912428533349342e+00
5.402925453513378606e+00
5.900626825397196740e+00
6.448356654456544490e+00
7.049147734512673402e+00
7.705444882405251938e+00
8.418720498276423214e+00
9.188960017541266012e+00
1.001398996534142505e+01
1.088862490666976868e+01
1.180362143871513148e+01
1.274445280261400271e+01
1.368996339398159634e+01
1.461103527461441232e+01
1.546950252897265798e+01
1.621767848630502229e+01
1.679899108183496637e+01
1.715029891830243614e+01
1.720639662266144398e+01
1.690690644329710679e+01
1.620512300171099440e+01
1.507748851592275052e+01
1.353150634395683305e+01
1.160953972920580490e+01
9.386567385657301088e+00
6.961654372233923027e+00
4.445047049421784635e+00
1.944347470460339622e+00
-4.466790551726735892e-01
-2.654450178087182977e+00
-4.626803283945653433e+00
-6.330422179061823584e+00
-7.746404605234057605e+00
-8.865742560786927129e+00
-9.685872131386529915e+00
-1.020877051565952698e+01
-1.044053667840162980e+01
-1.039204043489400142e+01
-1.008004575368185840e+01
-9.528182158849617167e+00
-8.767237153573571362e+00
-7.834453220925190919e+00
-6.771793144393324582e+00
-5.623417102192048489e+00
-4.432814323481786722e+00
-3.240094371972269904e+00
-2.079861659903862403e+00
-9.799166974549766707e-01
3.917872068115468842e-02
9.638021508234063672e-01
1.786459333886860179e+00
2.504701107018373119e+00
3.119972430729442969e+00
3.636536679725345333e+00
4.060555622046600810e+00
4.399354526085062389e+00
4.660867305759182955e+00
4.853237493814779313e+00
4.984543441628313865e+00
5.062616335245146537e+00
5.094923891777333402e+00
5.088498457805227915e+00
5.049894115914903558e+00
4.985162490216672460e+00
4.899840896855438110e+00
4.798949286049137619e+00
4.686994208400810713e+00
4.567979022974419934e+00
4.445419975147141045e+00
4.322367816271775354e+00
4.201434485434008437e+00
4.084824153444674089e+00
3.974367725642913740e+00
3.871559761185508375e+00
3.777596711311553612e+00
3.693415406123958356e+00
3.619730814648837836e+00
3.557072246240418067e+00
3.505817331600878273e+00
3.466223299694035642e+00
3.438455237397066266e+00
3.422611171043945966e+00
3.418743936511475123e+00
3.426879904247970288e+00
3.447034697490877431e+00
3.479226087632891318e+00
3.523484273204496642e+00
3.579859751709494109e+00
3.648428980122845111e+00
3.729297993553020607e+00
3.822604115297138616e+00
3.928515847716275822e+00
4.047230984012014865e+00
4.178972927687233607e+00
4.323985150557016155e+00
4.482523662872063497e+00
4.654847311761690420e+00
4.841205668474713342e+00
5.041824213102668040e+00
5.256886480882244861e+00
5.486512801418334639e+00
5.730735247654120457e+00
5.989468423797364771e+00
6.262475772038945010e+00
6.549331181158120074e+00
6.849375853547986281e+00
7.161670651219134598e+00
7.484944518186027018e+00
7.817540088264507858e+00
8.157358251713819897e+00
8.501804279707624090e+00
8.847739082951802558e+00
9.191440272259132627e+00
9.528578816300573351e+00
9.854218123759583392e+00
1.016284312006402679e+01
1.044842708594814873e+01
1.070454337089766561e+01
1.092452727261184720e+01
1.110169012273375522e+01
1.122958282779545591e+01
1.130229993241153252e+01
1.131480821196350561e+01
1.126327678987114744e+01
1.114538009748067182e+01
1.096054211275058954e+01
1.071009153186358631e+01
1.039730358595030069e+01
1.002731492089167276e+01
9.606912011187613842e+00
9.144208710727404821e+00
8.648241995189254183e+00
8.128524171392795594e+00
7.594593163554408832e+00
7.055599609438558240e+00
6.519961435681509876e+00
5.995105327960905228e+00
5.487302423644454308e+00
5.001594730121965426e+00
4.541800627255081046e+00
4.110582933451211396e+00
3.709561257250646005e+00
3.339451089890121960e+00
3.000214480840421416e+00
2.691210358335164532e+00
2.411335949007665125e+00
2.159153865201908218e+00
1.933002018560878721e+00
1.731085497918640970e+00
1.551550940160675296e+00
1.392544806647801447e+00
1.252257461055342747e+00
1.128955133335729499e+00
1.021001842440290908e+00
9.268732127452126157e-01
8.451639124482296372e-01
7.745902065455950725e-01
7.139888788629887850e-01
6.623135532192010455e-01
6.186292419770367257e-01
5.821057747627127466e-01
5.520106115457177332e-01
5.277014211468167293e-01
5.086187061185203362e-01
4.942786749091599985e-01
4.842664992964305082e-01
4.782300464291904252e-01
4.758741378866459537e-01
4.769553607091971958e-01
4.812774354586001335e-01
4.886871324210924628e-01
4.990707177488877822e-01
5.123509055628614473e-01
5.284842889427124879e-01
5.474592216168003844e-01
5.692941224849842330e-01
5.940361764359582963e-01
6.217604069223762187e-01
6.525690981752408915e-01
6.865915475733171958e-01
7.239841313790719157e-01
7.649306696838927833e-01
8.096430788695428982e-01
8.583623020957487082e-01
9.113595101753864114e-01
9.689375666006625476e-01
1.031432751323570596e+00
1.099216738033084617e+00
1.172698818937106813e+00
1.252328369226623384e+00
1.338597540187984380e+00
1.432044164970373012e+00
1.533254853838386556e+00
1.642868245745050970e+00
1.761578369481647366e+00
1.890138049532324338e+00
2.029362267862764746e+00
2.180131361680688329e+00
2.343393896829593093e+00
2.520169004588187711e+00
2.711547903417768968e+00
2.918694243235450791e+00
3.142842804104080567e+00
3.385295949249843339e+00
3.647417069000161494e+00
3.930620052323153146e+00
4.236353581192627615e+00
4.566078756260697702e+00
4.921238229264855768e+00
5.303214642268161860e+00
5.713275768909376495e+00
6.152503344836186550e+00
6.621702211027810314e+00
7.121286153207976533e+00
7.651136824410747828e+00
8.210432564291018309e+00
8.797445026635974941e+00
9.409303623036390007e+00
1.004173128607185106e+01
1.068876038895735192e+01
1.134244522596699589e+01
1.199259745383243292e+01
1.262658305771358869e+01
1.322923266182251822e+01
1.378292904868293256e+01
1.426794269949814620e+01
1.466308254684203582e+01
1.494670857661487773e+01
1.509810999876035709e+01
1.509918600940254407e+01
1.493628206295131022e+01
1.460195002887184756e+01
1.409634240662914095e+01
1.342794876650152247e+01
1.261345710277274712e+01
1.167667077956680366e+01
1.064660004586303721e+01
9.555020120994566213e+00
8.433889495534611314e+00
7.313021142048045320e+00
6.218303455011961134e+00
5.170617543376185843e+00
4.185445264519101372e+00
3.273049201542377773e+00
2.439049181853534698e+00
1.685215130866401623e+00
1.010325589323882500e+00
4.109855176757009065e-01
-1.176588977450975237e-01
-5.813351042797418877e-01
-9.861908312155478473e-01
-1.338460269656512214e+00
-1.644230885380516760e+00
-1.909290433312790691e+00
-2.139035129878985142e+00
-2.338422688998801569e+00
-2.511957058544368682e+00
-2.663694664893166753e+00
-2.797264535031860344e+00
-2.915896745700131909e+00
-3.022455268270945350e+00
-3.119472499260792286e+00
-3.209183664342613707e+00
-3.293559929897469374e+00
-3.374339511886310650e+00
-3.453056386774980169e+00
-3.531066421899095698e+00
-3.609570882008213299e+00
-3.689637356154257031e+00
-3.772218200074764383e+00
-3.858166614844373843e+00
-3.948250490663164136e+00
-4.043164140718619848e+00
-4.143538037937225305e+00
-4.249946649812266664e+00
-4.362914445241394823e+00
-4.482920123801096501e+00
-4.610399093174240903e+00
-4.745744195433463375e+00
-4.889304658442819473e+00
-5.041383225749908270e+00
-5.202231398185301892e+00
-5.372042704468832142e+00
-5.550943908381081648e+00
-5.738984058969389679e+00
-5.936121300946862966e+00
-6.142207388761448783e+00
-6.356969894381578889e+00
-6.579992171018010261e+00
-6.810691238707213380e+00
-7.048293899084717928e+00
-7.291811571583778573e+00
-7.540014576219145503e+00
-7.791406870924003414e+00
-8.044202581487352788e+00
-8.296306030087052363e+00
-8.545297355357108771e+00
-8.788426191743731408e+00
-9.022616192859009843e+00
-9.244483381139358968e+00
-9.450371308278155524e+00
-9.636405731751963799e+00
-9.798570866325952977e+00
-9.932808185048333627e+00
-1.003513718743827354e+01
-1.010179554924066636e+01
-1.012939372769687907e+01
-1.011507662689143139e+01
-1.005668263499404880e+01
-9.952888606839076502e+00
-9.803328577650100684e+00
-9.608674493963999197e+00
-9.370669224825324051e+00
-9.092105533019527286e+00
-8.776749239259128643e+00
-8.429209951241340093e+00
-8.054767740943868048e+00
-7.659168297449070018e+00
-7.248401747091191005e+00
-6.828481164041645179e+00
-6.405235765062545106e+00
-5.984131179001811240e+00
-5.570125522009204744e+00
-5.167565913978435788e+00
-4.780126132378298642e+00
-4.410782777380085840e+00
-4.061824892749488214e+00
-3.734890536677604178e+00
-3.431023256344114536e+00
-3.150741618381822207e+00
-2.894115667458773355e+00
-2.660845210029274988e+00
-2.450335963875609480e+00
-2.261770736084001143e+00
-2.094173800498135840e+00
-1.946467490981736992e+00
-1.817520692554018602e+00
-1.706189404914457919e+00
-1.611349891843432802e+00
-1.531925141577775262e+00
-1.466905474930174647e+00
-1.415364175237205924e+00
-1.376468999294671702e+00
-1.349490379313569743e+00
-1.333807056620795795e+00
-1.328909808741981280e+00
-1.334403849997068736e+00
-1.350010406716563249e+00
-1.375567894639833977e+00
-1.411033059527701417e+00
-1.456482382963581790e+00
-1.512114003366574977e+00
-1.578250356394085507e+00
-1.655341697631142805e+00
-1.743970631696676543e+00
-1.844857733028746782e+00
-1.958868301345906282e+00
-2.087020244935251068e+00
-2.230493022118705149e+00
-2.390637488526342391e+00
-2.568986386038969449e+00
-2.767265056463190653e+00
-2.987401753408039262e+00
-3.231536638781191240e+00
-3.502028158926363766e+00
-3.801454965098514993e+00
-4.132610829997570789e+00
-4.498489062567221808e+00
-4.902251673274855115e+00
-5.347176920242290521e+00
-5.836576801495069411e+00
-6.373673494905577996e+00
-6.961420676671167485e+00
-7.602252164482059982e+00
-8.297736718646980592e+00
-9.048114714958975568e+00
-9.851690944686115614e+00
-1.070405999519002371e+01
-1.159714966698494010e+01
-1.251808825283163173e+01
-1.344793917449684884e+01
-1.436040790914078791e+01
-1.522071594137184292e+01
-1.598495247345554837e+01
-1.660033985582826688e+01
-1.700694147839954340e+01
-1.714132809168854976e+01
-1.694250356429685667e+01
-1.635989179529332560e+01
-1.536241159016049451e+01
-1.394680623448737578e+01
-1.214285064681121007e+01
-1.001330809659726384e+01
-7.647780993246387382e+00
-5.151558763390818640e+00
-2.632322313316132423e+00
-1.881899539725861992e-01
2.100223138455231009e+00
4.172778725336683259e+00
5.988557914954215633e+00
7.522077967711444657e+00
8.758812611419928729e+00
9.691402114495373254e+00
1.031730038539677530e+01
1.063802145901189533e+01
1.065971457205262674e+01
1.039452356202837713e+01
9.862058945909042862e+00
9.090326293262886992e+00
8.115612819142480561e+00
6.981114219662609699e+00
5.734423259996939137e+00
4.424303897167531474e+00
3.097344843493184285e+00
1.795076010544081724e+00
5.519619850464807520e-01
-6.055634986316826840e-01
-1.659096580026272250e+00
-2.597530820769318627e+00
-3.415889766501755798e+00
-4.114000253544765506e+00
-4.695214032810841154e+00
-5.165303631120004013e+00
-5.531586153184761656e+00
-5.802276384428661338e+00
-5.986039281399292200e+00
-6.091698009042697315e+00
-6.128051835725053742e+00
-6.103763539223972856e+00
-6.027284751214902592e+00
-5.906797313697932594e+00
-5.750157659732495041e+00
-5.564838597198568770e+00
-5.357868293721649522e+00
-5.135769693885162468e+00
-4.904505234657503543e+00
-4.669431897163965672e+00
-4.435270756395709668e+00
-4.206093694586551912e+00
-3.985328220003903965e+00
-3.775779694329573388e+00
-3.579668933415131704e+00
-3.398682221540889170e+00
-3.234030293563051828e+00
-3.086512751620062112e+00
-2.956584612012031155e+00
-2.844422125244490118e+00
-2.749985581439762239e+00
-2.673077421459589154e+00
-2.613394557932149365e+00
-2.570574327587466179e+00
-2.544233923386570950e+00
-2.534003483524812417e+00
-2.539553247029239458e+00
-2.560615331771642023e+00
-2.597000763257068634e+00
-2.648612395533380237e+00
-2.715454332323342879e+00
-2.797638388577132318e+00
-2.895388039353728349e+00
-3.009040191061586267e+00
-3.139044983996794880e+00
-3.285963696966597514e+00
-3.450464674793213060e+00
-3.633317036264112065e+00
-3.835381741008446088e+00
-4.057599395435215861e+00
-4.300973956680063104e+00
-4.566551246506096007e+00
-4.855390913109717488e+00
-5.168530180096878368e+00
-5.506937406759255360e+00
-5.871453169845948672e+00
-6.262716296145032224e+00
-6.681072079718935797e+00
-7.126459888340095361e+00
-7.598277618784837095e+00
-8.095221164919909285e+00
-8.615098433562650371e+00
-9.154619750093702990e+00
-9.709170042518243449e+00
-1.027257327290727495e+01
-1.083686639532929163e+01
-1.139210861265324226e+01
-1.192626137793111596e+01
-1.242518421358359682e+01
-1.287279879129962090e+01
-1.325147549533792457e+01
-1.354268863283364155e+01
-1.372796419088237130e+01
-1.379010468499826203e+01
-1.371462010491517880e+01
-1.349122935346341734e+01
-1.311523739961280199e+01
-1.258855980097317762e+01
-1.192017835498515410e+01
-1.112588037582820100e+01
-1.022725279903062479e+01
-9.250044024202868087e+00
-8.222130919697496765e+00
-7.171397678888683735e+00
-6.123827661873528783e+00
-5.102035985080175529e+00
-4.124358323217804490e+00
-3.204496794312336583e+00
-2.351636240667981159e+00
-1.570897275595595000e+00
-8.639842035682986365e-01
-2.299048707498582145e-01
3.343282560729675668e-01
8.330723665915339415e-01
1.271531491502655875e+00
1.655343000290095512e+00
1.990266522918361591e+00
2.281961483977336780e+00
2.535837001815068881e+00
2.756958240222960654e+00
2.949995095101171305e+00
3.119201468600012017e+00
3.268415796992059530e+00
3.401075678514455358e+00
3.520241280344567514e+00
3.628623672134934974e+00
3.728615368591153612e+00
3.822321216968571189e+00
3.911588392338791742e+00
3.998034714765681841e+00
4.083074821039309299e+00
4.167943943804142570e+00
4.253719199501383663e+00
4.341338383721227601e+00
4.431616333319216672e+00
4.525258949975586198e+00
4.622874997751161175e+00
4.724985793405767076e+00
4.832032907007374867e+00
4.944383984776717256e+00
5.062336798523969783e+00
5.186121618278569656e+00
5.315901998301649556e+00
5.451774062925193398e+00
5.593764378803439463e+00
5.741826505365690281e+00
5.895836326682886153e+00
6.055586286735898938e+00
6.220778677272639001e+00
6.391018163998375634e+00
6.565803783437466734e+00
6.744520699690906618e+00
6.926432077108592544e+00
7.110671500301115167e+00
7.296236454419889661e+00
7.481983462168085630e+00
7.666625553639878632e+00
7.848732812789359414e+00
8.026736789887365831e+00
8.198939580507058622e+00
8.363528334692757582e+00
8.518595860875059600e+00
8.662167814810377564e+00
8.792236704667173441e+00
8.906802595632786534e+00
9.003919966169224409e+00
9.081749669868466768e+00
9.138614421605851135e+00
9.173055697799139097e+00
9.183889473112060386e+00
9.170257871923661597e+00
9.131673653926215550e+00
9.068054531010677266e+00
8.979744658673553204e+00
8.867521261827437939e+00
8.732585209548444638e+00
8.576535378218732575e+00
8.401327740962603485e+00
8.209221179615706632e+00
8.002712919632775979e+00
7.784467141292987336e+00
7.557240657331639078e+00
7.323809544197639632e+00
7.086900291348601222e+00
6.849128447867230740e+00
6.612946981804326718e+00
6.380605719977981316e+00
6.154122396168228981e+00
5.935265080295323514e+00
5.725545144268249231e+00
5.526219470658301880e+00
5.338300333725749525e+00
5.162571265405835774e+00
4.999607235804910843e+00
4.849797596267333866e+00
4.713370419691225166e+00
4.590417096780622153e+00
4.480916282740554202e+00
4.384756517132795572e+00
4.301757046960483777e+00
4.231686561766568211e+00
4.174279696283935692e+00
4.129251270933043116e+00
4.096308325420665142e+00
4.075160059356013775e+00
4.065525830274950181e+00
4.067141377941831948e+00
4.079763448228497680e+00
4.103172983751798952e+00
4.137177034759781158e+00
4.181609524921723775e+00
4.236330984623257301e+00
4.301227340577876035e+00
4.376207826158844405e+00
4.461202052670755869e+00
4.556156258459791886e+00
4.661028730832309286e+00
4.775784375695349304e+00
4.900388392164710893e+00
5.034798994718093113e+00
5.178959114579331668e+00
5.332787005907928091e+00
5.496165682324709145e+00
5.668931116952967919e+00
5.850859156488034785e+00
6.041651129200649173e+00
6.240918170956710753e+00
6.448164355285284977e+00
6.662768796327125820e+00
6.883967000025588590e+00
7.110831871424742268e+00
7.342254945403441369e+00
7.576928593514048238e+00
7.813330166624081308e+00
8.049709253307387513e+00
8.284079453385148284e+00
8.514216263996383205e+00
8.737662824011149354e+00
8.951745326133034197e+00
9.153599843443766204e+00
9.340212084588991104e+00
9.508471148387513949e+00
9.655237664353226279e+00
9.777425771312501013e+00
9.872097224578569197e+00
9.936564596973171959e+00
9.968499161167388323e+00
9.966037765949687710e+00
9.927882035044623521e+00
9.853382720089115310e+00
9.742602199315218314e+00
9.596349035194288390e+00
9.416180192077556299e+00
9.204368851310501753e+00
8.963838509080821026e+00
8.698066873216895090e+00
8.410965623463916074e+00
8.106744028452233408e+00
7.789765477387198267e+00
7.464406078869769701e+00
7.134923649073628305e+00
6.805343836962511439e+00
6.479368085565694102e+00
6.160305908419433152e+00
5.851031849185837075e+00
5.553965705927618401e+00
5.271073269805453876e+00
5.003883994867551976e+00
4.753521652901874894e+00
4.520744057608733435e+00
4.305988263392845461e+00
4.109418149755598826e+00
3.930971897472232524e+00
3.770407471688957735e+00
3.627344796073289857e+00
3.501303798340107409e+00
3.391737915312030616e+00
3.298062962513333307e+00
3.219681505083859641e+00
3.156003024378595256e+00
3.106460270931798107e+00
3.070522242597249374e+00
3.047704238655913223e+00
3.037575426847158866e+00
3.039764329051071634e+00
3.053962589268069738e+00
3.079927339445443835e+00
3.117482427973990777e+00
3.166518724512540128e+00
3.226993664442921350e+00
3.298930147229585774e+00
3.382414855226391293e+00
3.477596012600398634e+00
3.584680557302316828e+00
3.703930651481644354e+00
3.835659406378011838e+00
3.980225645434829040e+00
4.138027473133455203e+00
4.309494355942118382e+00
4.495077355210082892e+00
4.695237079706453542e+00
4.910428848470231422e+00
5.141084474535788651e+00
5.387590000450681593e+00
5.650258643223362576e+00
5.929298148615743891e+00
6.224771726079612932e+00
6.536551755290833654e+00
6.864265549266828081e+00
7.207232661699253029e+00
7.564393580455435639e+00
7.934230206651892381e+00
8.314679336660583786e+00
8.703041500398224883e+00
9.095889010237932837e+00
9.488978959938545898e+00
9.877179147921479441e+00
1.025441736317899277e+01
1.061366691874043333e+01
1.094698333839961890e+01
1.124560810589567694e+01
1.150015461482495205e+01
1.170088807164507116e+01
1.183810435175834286e+01
1.190260229937406677e+01
1.188623000863403512e+01
1.178246956965416103e+01
1.158700914546319005e+01
1.129823961429086232e+01
1.091760927219133848e+01
1.044977739395893046e+01
9.902526892874725206e+00
9.286425960664839607e+00
8.614263308567320365e+00
7.900314265804747826e+00
7.159518249495136821e+00
6.406656940309938264e+00
5.655615625001799707e+00
4.918790368431312565e+00
4.206676561151279969e+00
3.527646409860351273e+00
2.887899479456244034e+00
2.291554595771071678e+00
1.740843975106251662e+00
1.236370175481877443e+00
7.773911859152961012e-01
3.621063397972784093e-01
-1.207620037957740644e-02
-3.483022192119041294e-01
-6.500702485570102329e-01
-9.210676601196546853e-01
-1.165042307476635841e+00
-1.385706193874430614e+00
-1.586666789552412693e+00
-1.771381412024634727e+00
-1.943130277610721102e+00
-2.105004253017495053e+00
-2.259903855851796095e+00
-2.410546590152984336e+00
-2.559480207585290490e+00
-2.709099929743493895e+00
-2.861668039737712110e+00
-3.019334548229599680e+00
-3.184157861378499987e+00
-3.358124528498549477e+00
-3.543167228427586135e+00
-3.741180167419041247e+00
-3.954031007935223219e+00
-4.183568325394880105e+00
-4.431623395418104572e+00
-4.700004843042925096e+00
-4.990484333405673212e+00
-5.304771048081095230e+00
-5.644472175381357815e+00
-6.011036059215915550e+00
-6.405674030034289146e+00
-6.829256341933455765e+00
-7.282177165187075474e+00
-7.764183400473879892e+00
-8.274162446277163241e+00
-8.809885336520034471e+00
-9.367704381537475200e+00
-9.942209242964393567e+00
-1.052585300371785593e+01
-1.110857098834645917e+01
-1.167743030070755239e+01
-1.221636701142625370e+01
-1.270608901111863354e+01
-1.312424193465968436e+01
-1.344594655515885862e+01
-1.364480894952872880e+01
-1.369446817927586579e+01
-1.357067076912608705e+01
-1.325374558553214221e+01
-1.273121108556236614e+01
-1.200011407749888370e+01
-1.106862686004518537e+01
-9.956470184479595531e+00
-8.693908517785816414e+00
-7.319355202557975559e+00
-5.875945749308423061e+00
-4.407677419059627510e+00
-2.955785838301789425e+00
-1.555915505327101656e+00
-2.363963971477618387e-01
9.823391532286478434e-01
2.087387038941075357e+00
3.072355982337779068e+00
3.936029428581268697e+00
4.680974186062162978e+00
5.312280273779998119e+00
5.836531368932161179e+00
6.261037402816027608e+00
6.593315488696900317e+00
6.840780344655271072e+00
7.010595511645187017e+00
7.109636548173390302e+00
7.144522679313454638e+00
7.121681145776493693e+00
7.047416973815341379e+00
6.927969116716980125e+00
6.769541422921900420e+00
6.578303411805748624e+00
6.360361224514591960e+00
6.121703243184708931e+00
5.868127661301842046e+00
5.605160736627907703e+00
5.337974658163497921e+00
5.071313104185305676e+00
4.809430937415855922e+00
4.556052399752431370e+00
4.314349955920913970e+00
4.086943872001690181e+00
3.875920905239299330e+00
3.682869242059579218e+00
3.508926083509281035e+00
3.354834004892808696e+00
3.221002327089462547e+00
3.107570126477942729e+00
3.014468071611192013e+00
2.941476912290482471e+00
2.888281084371541407e+00
2.854516477413942876e+00
2.839811908955114816e+00
2.843824243046817912e+00
2.866267379196197673e+00
2.906935527296880206e+00
2.965721285854217015e+00
3.042629068181717855e+00
3.137784387541728837e+00
3.251439429156335770e+00
3.383975214020530586e+00
3.535900503214139512e+00
3.707847405942831465e+00
3.900563441398434250e+00
4.114899563287204742e+00
4.351793384802941311e+00
4.612246538884873459e+00
4.897294772862696099e+00
5.207969010254593911e+00
5.545245223808207058e+00
5.909980571329594312e+00
6.302832883863264790e+00
6.724160322462542361e+00
7.173897926672741399e+00
7.651408001500085376e+00
8.155302023616451734e+00
8.683233251746392156e+00
9.231661827554447086e+00
9.795598227963925098e+00
1.036833685100912206e+01
1.094119954971204578e+01
1.150331904660808036e+01
1.204150377955165574e+01
1.254023735644010173e+01
1.298187469012829176e+01
1.334709886871035245e+01
1.361569254053038591e+01
1.376764958943202899e+01
1.378460367616751192e+01
1.365148142072269799e+01
1.335820936500347322e+01
1.290123464715388657e+01
1.228458550878068145e+01
1.152022378955780724e+01
1.062753826374754595e+01
9.631981775291418302e+00
8.563027856543639516e+00
7.451761506727827111e+00
6.328479711222989579e+00
5.220643751032351787e+00
4.151415547351522406e+00
3.138866320534005716e+00
2.195813379917623820e+00
1.330151121043904094e+00
5.455048235882957730e-01
-1.579577886793054331e-01
-7.826891514454761278e-01
-1.332987823636038183e+00
-1.814336897802699022e+00
-2.232872710771688141e+00
-2.594980877333177727e+00
-2.907004981528134024e+00
-3.175048349023236405e+00
-3.404848781873521801e+00
-3.601708013302017175e+00
-3.770460569509520354e+00
-3.915469862989760852e+00
-4.040642231567750819e+00
-4.149452081379857660e+00
-4.244973245396205463e+00
-4.329913167143573993e+00
-4.406647631473509463e+00
-4.477254567822022580e+00
-4.543546018168076017e+00
-4.607097752490550313e+00
-4.669276277345531412e+00
-4.731263155312145585e+00
-4.794076662029963742e+00
-4.858590873356881445e+00
-4.925552312033538271e+00
-4.995594301108140733e+00
-5.069249177150833674e+00
-5.146958514699763398e+00
-5.229081507678852603e+00
-5.315901645942102682e+00
-5.407631817202455338e+00
-5.504417957531947181e+00
-5.606341368240679301e+00
-5.713419813952818949e+00
-5.825607516689089493e+00
-5.942794164253700551e+00
-6.064803058657817658e+00
-6.191388542059585554e+00
-6.322232854016401227e+00
-6.456942594820270109e+00
-6.595044995180510128e+00
-6.735984222075034111e+00
-6.879117983344081644e+00
-7.023714728163910515e+00
-7.168951774909827712e+00
-7.313914729387072988e+00
-7.457598581507816071e+00
-7.598910883006896100e+00
-7.736677407854156030e+00
-7.869650675344483481e+00
-7.996521668079338063e+00
-8.115934998326576277e+00
-8.226507662878512761e+00
-8.326851376871205801e+00
-8.415598292373266176e+00
-8.491429693003727408e+00
-8.553107020966686846e+00
-8.599504352014839981e+00
-8.629641205715076424e+00
-8.642714385101664121e+00
-8.638127404976064128e+00
-8.615516014239537057e+00
-8.574768362967242652e+00
-8.516038520223103703e+00
-8.439752314395702726e+00
-8.346604832654660910e+00
-8.237549356377117604e+00
-8.113777990983601640e+00
-7.976694730443909975e+00
-7.827882135505649153e+00
-7.669063160543142743e+00
-7.502059905465767287e+00
-7.328751177566268815e+00
-7.151030719395521373e+00
-6.970767803114751082e+00
-6.789771632003273716e+00
-6.609760657092873082e+00
-6.432337546360721525e+00
-6.258970169950046625e+00
-6.090978617384427807e+00
-5.929527964427761866e+00
-5.775626272460843147e+00
-5.630127138020623256e+00
-5.493736013252409123e+00
-5.367019482683135223e+00
-5.250416697548543787e+00
-5.144252223767861842e+00
-5.048749641244500985e+00
-4.964045329151721475e+00
-4.890201974621882108e+00
-4.827221443242463828e+00
-4.775056743523486524e+00
-4.733622900526127886e+00
-4.702806624265585711e+00
-4.682474715751347105e+00
-4.672481197989254653e+00
-4.672673191962783967e+00
-4.682895579935769881e+00
-4.702994511952004686e+00
-4.732819817752643488e+00
-4.772226387026799799e+00
-4.821074577368137604e+00
-4.879229702794157575e+00
-4.946560647312894687e+00
-5.022937638776777902e+00
-5.108229209023425810e+00
-5.202298357870785317e+00
-5.304997931673207212e+00
-5.416165222613200214e+00
-5.535615793484076619e+00
-5.663136535243634029e+00
-5.798477971987288093e+00
-5.941345841168726771e+00
-6.091391996909279349e+00
-6.248204712126534055e+00
-6.411298491969865232e+00
-6.580103557517960944e+00
-6.753955215411428625e+00
-6.932083396103544182e+00
-7.113602720006109159e+00
-7.297503535221341764e+00
-7.482644459631492495e+00
-7.667747048972809232e+00
-7.851393294208889984e+00
-8.032026716852071146e+00
-8.207957868419610392e+00
-8.377375036578795786e+00
-8.538360901163898120e+00
-8.688915753677196818e+00
-8.826987681657168849e+00
-8.950509816440433752e+00
-9.057444348778282972e+00
-9.145832541276579519e+00
-9.213849432371665316e+00
-9.259861370428126293e+00
-9.282483989092749965e+00
-9.280637797296272140e+00
-9.253598274684676994e+00
-9.201037296827227152e+00
-9.123052910461495912e+00
-9.020184958120047725e+00
-8.893414800987446966e+00
-8.744148358741460569e+00
-8.574182790710688451e+00
-8.385658273815943531e+00
-8.180997368962485083e+00
-7.962835296053889955e+00
-7.733944971172662441e+00
-7.497160849001100580e+00
-7.255305455615723709e+00
-7.011122031098516949e+00
-6.767216001920502322e+00
-6.526007163915797271e+00
-6.289693576494448379e+00
-6.060227336430530798e+00
-5.839301683961965139e+00
-5.628348338593709421e+00
-5.428543584754499385e+00
-5.240821423941386392e+00
-5.065892059367332223e+00
-4.904264050674351338e+00
-4.756268635433809955e+00
-4.622084927378760533e+00
-4.501764939321899028e+00
-4.395257618234015951e+00
-4.302431304207244622e+00
-4.223094223294184602e+00
-4.157012790931783996e+00
-4.103927636235377818e+00
-4.063567359108751553e+00
-4.035660104862209607e+00
-4.019943088804605047e+00
-4.016170230334322966e+00
-4.024118066538167504e+00
-4.043590112973551420e+00
-4.074419827397514737e+00
-4.116472313387554927e+00
-4.169644877196705401e+00
-4.233866524427653211e+00
-4.309096454408933852e+00
-4.395321580390683991e+00
-4.492553073492079108e+00
-4.600821898223449224e+00
-4.720173277818695112e+00
-4.850659999037643999e+00
-4.992334439166603133e+00
-5.145239173547924594e+00
-5.309396001365857209e+00
-5.484793212372774285e+00
-5.671370910166791290e+00
-5.869004211733297893e+00
-6.077484162373805177e+00
-6.296496245048901486e+00
-6.525596429837271728e+00
-6.764184809980642754e+00
-7.011477013964623417e+00
-7.266473776684260422e+00
-7.527929304747717154e+00
-7.794319387135576704e+00
-8.063810584414897065e+00
-8.334232272306753231e+00
-8.603053803097079566e+00
-8.867369551370545722e+00
-9.123895080837252536e+00
-9.368978037373521417e+00
-9.598627548549078625e+00
-9.808565781849905463e+00
-9.994304763113124324e+00
-1.015125047175867934e+01
-1.027483453219777942e+01
-1.036067149972906876e+01
-1.040473688440033939e+01
-1.040355788848925478e+01
-1.035440571466626025e+01
-1.025547571593491902e+01
-1.010604014910409454e+01
-9.906558364840927666e+00
-9.658731257139518078e+00
-9.365490753126499257e+00
-9.030920734067599653e+00
-8.660112359564720919e+00
-8.258963374313056605e+00
-7.833936585884223369e+00
-7.391796432461706701e+00
-6.939343873484300040e+00
-6.483168651235238222e+00
-6.029434655024743961e+00
-5.583709373535897136e+00
-5.150843097917832125e+00
-4.734898450141354687e+00
-4.339126580596673222e+00
-3.965983363871506739e+00
-3.617177214273274544e+00
-3.293739623044261489e+00
-2.996109935481498177e+00
-2.724226934794195198e+00
-2.477621188653250872e+00
-2.255503603133456547e+00
-2.056847043758888827e+00
-1.880459118225726423e+00
-1.725045219933109442e+00
-1.589261696962445569e+00
-1.471759555544932985e+00
-1.371219462617225826e+00
-1.286379016285185362e+00
-1.216053342672458903e+00
-1.159150085415778353e+00
-1.114679807107378462e+00
-1.081762741587917187e+00
-1.059632738114868689e+00
-1.047639134462504451e+00
-1.045247193664326169e+00
-1.052037643267976996e+00
-1.067705769412292449e+00
-1.092060442021280497e+00
-1.125023382151224993e+00
-1.166628927518464698e+00
-1.217024506489753133e+00
-1.276471993009188122e+00
-1.345350083491016147e+00
-1.424157809807421016e+00
-1.513519278057129380e+00
-1.614189698356683911e+00
-1.727062743482229434e+00
-1.853179240100602643e+00
-1.993737150825106719e+00
-2.150102742230502351e+00
-2.323822745091918218e+00
-2.516637187599657821e+00
-2.730492405642735321e+00
-2.967553487138573143e+00
-3.230215064238894485e+00
-3.521108894487662067e+00
-3.843106026150248766e+00
-4.199310468670204521e+00
-4.593040118118164372e+00
-5.027789138307248606e+00
-5.507163980607423959e+00
-6.034782650493045963e+00
-6.614123631855684415e+00
-7.248307064479186046e+00
-7.939786484955131840e+00
-8.689925111341802122e+00
-9.498427180405821346e+00
-1.036259391131706664e+01
-1.127637811190379225e+01
-1.222922569014415117e+01
-1.320472267586850279e+01
-1.417912067024758116e+01
-1.511989977285580444e+01
-1.598464971241618215e+01
-1.672069888016873662e+01
-1.726606518498106624e+01
-1.755237367346488142e+01
-1.751027563392144515e+01
-1.707748963551555477e+01
-1.620880196458104905e+01
-1.488632270760148657e+01
-1.312737651025496888e+01
-1.098721073506915857e+01
-8.554721180852252971e+00
-5.941542380035492954e+00
-3.267241187881885001e+00
-6.447216866462568419e-01
1.830465324918510550e+00
4.085084688605620684e+00
6.067830903628037120e+00
7.745461471239826423e+00
9.097717501223808512e+00
1.011287125036312418e+01
1.078496145415424579e+01
1.111301069893600690e+01
1.110192420006705127e+01
1.076437493113579791e+01
1.012278102146111181e+01
9.210486517010053831e+00
8.071477408735585612e+00
6.758372450618346683e+00
5.328922047274267548e+00
3.841671518868459145e+00
2.351650126701803067e+00
9.068732168787132508e-01
-4.538515433966106016e-01
-1.701703621504055297e+00
-2.817427201018206873e+00
-3.790100235938830053e+00
-4.615519616603709352e+00
-5.294552789373523360e+00
-5.831685329758299119e+00
-6.233873872851610543e+00
-6.509720448236691048e+00
-6.668925175108521231e+00
-6.721945919128228475e+00
-6.679787998993750975e+00
-6.553856163468541496e+00
-6.355818049245494983e+00
-6.097448089467174093e+00
-5.790439741327579881e+00
-5.446189476109857708e+00
-5.075566769448560223e+00
-4.688689824825072350e+00
-4.294727300626057342e+00
-3.901742922882587727e+00
-3.516594002526460372e+00
-3.144888080636520922e+00
-2.790995536253955578e+00
-2.458110944364009232e+00
-2.148352729095321934e+00
-1.862889254814431128e+00
-1.602079664493380129e+00
-1.365619076452699643e+00
-1.152679718047814994e+00
-9.620417931048900195e-01
-7.922100350507272903e-01
-6.415137881675385678e-01
-5.081899838256135338e-01
-3.904495120888890058e-01
-2.865282576895492594e-01
-1.947245270291587393e-01
-1.134248044632151231e-01
-4.111980596975750579e-02
2.358729642786611125e-02
8.197877831070909949e-02
1.352249066036377845e-01
1.843898629527495614e-01
2.304400098507220496e-01
2.742536705727414703e-01
3.166317797586979399e-01
3.583089221731405316e-01
3.999644124235204323e-01
4.422331794805314797e-01
4.857163089431923986e-01
5.309911658136128310e-01
5.786210739141607329e-01
6.291645677173381968e-01
6.831842607547194968e-01
7.412553940993852342e-01
8.039741404889451104e-01
8.719657459170409020e-01
9.458925920384849695e-01
1.026462260201261634e+00
1.114435671662354244e+00
1.210635368497656517e+00
1.315953985404646254e+00
1.431362943077707284e+00
1.557921367631011078e+00
1.696785205519654172e+00
1.849216456628838046e+00
2.016592385719139013e+00
2.200414489022116449e+00
2.402316881674808169e+00
2.624073624090744961e+00
2.867604310102626286e+00
3.134976982718262750e+00
3.428407107257490871e+00
3.750250895605880874e+00
4.102990715097348584e+00
4.489209604517697016e+00
4.911551031387302757e+00
5.372658937570101934e+00
5.875091827007299372e+00
6.421203172143966853e+00
7.012978830951221099e+00
7.651820643481921813e+00
8.338264232888013439e+00
9.071618811618275657e+00
9.849518346477839970e+00
1.066737803634664772e+01
1.151775944766025361e+01
1.238966400223515762e+01
1.326780010927551423e+01
1.413190573742664213e+01
1.495625521666610247e+01
1.570953176321418177e+01
1.635529358200832206e+01
1.685327963500495585e+01
1.716176013133089029e+01
1.724100293014162588e+01
1.705768120996003034e+01
1.658971099952481154e+01
1.583066433474914447e+01
1.479270218106223034e+01
1.350707057870332939e+01
1.202167955631078478e+01
1.039603788131985773e+01
8.694570530023449706e+00
6.979773516812288747e+00
5.306579877187887817e+00
3.718794656027661016e+00
2.247775099987993741e+00
9.129730105667521745e-01
-2.763243175997756040e-01
-1.318727299880395831e+00
-2.218466761566079803e+00
-2.983414017674334673e+00
-3.623526145750451732e+00
-4.149722219098210374e+00
-4.573130908230245595e+00
-4.904626044044010591e+00
-5.154567718164350332e+00
-5.332679296580163708e+00
-5.448007128145849087e+00
-5.508925367332000000e+00
-5.523161339018854754e+00
-5.497826798355581523e+00
-5.439447504056827754e+00
-5.353988211221287763e+00
-5.246873030922972525e+00
-5.123002587272520003e+00
-4.986769943587017195e+00
-4.842077204101822296e+00
-4.692354288198397505e+00
-4.540580815166600281e+00
-4.389311464973153498e+00
-4.240704680336069288e+00
-4.096554193111328956e+00
-3.958322608334277959e+00
-3.827176155580267025e+00
-3.704019699954927525e+00
-3.589531168203413447e+00
-3.484194662384028529e+00
-3.388331679986313905e+00
-3.302130015350414727e+00
-3.225670067892903337e+00
-3.158948418016136461e+00
-3.101898646007669846e+00
-3.054409460452408798e+00
-3.016340270885002450e+00
-2.987534386434117284e+00
-2.967830050811222087e+00
-2.957069537323945063e+00
-2.955106528810113709e+00
-2.961811999421673836e+00
-2.977078800595323482e+00
-3.000825134454458976e+00
-3.032997075985223390e+00
-3.073570281894433709e+00
-3.122551000008143784e+00
-3.179976469012167684e+00
-3.245914774628441801e+00
-3.320464205120603918e+00
-3.403752126337886708e+00
-3.495933374242268243e+00
-3.597188140857930705e+00
-3.707719307644178119e+00
-3.827749158243776595e+00
-3.957515380263652016e+00
-4.097266243165242017e+00
-4.247254816578619696e+00
-4.407732070721793072e+00
-4.578938678699544518e+00
-4.761095320258828423e+00
-4.954391269570941780e+00
-5.158971037918328228e+00
-5.374918838703161228e+00
-5.602240650852759352e+00
-5.840843682484725186e+00
-6.090513085890248313e+00
-6.350885855092511356e+00
-6.621421957273328829e+00
-6.901372918998271544e+00
-7.189748317437958391e+00
-7.485280924823613624e+00
-7.786391627631955359e+00
-8.091155691598910238e+00
-8.397272461929647491e+00
-8.702041154170229831e+00
-9.002345966298575419e+00
-9.294654265174209229e+00
-9.575031983127011870e+00
-9.839180489798568630e+00
-1.008249894665785540e+01
-1.030017536654222887e+01
-1.048730816495201879e+01
-1.063905783183634846e+01
-1.075082549338458193e+01
-1.081845172853500792e+01
-1.083842537386587779e+01
-1.080808867717495758e+01
-1.072582265041152816e+01
-1.059119546106005316e+01
-1.040505771216006536e+01
-1.016957175368312605e+01
-9.888167605147089034e+00
-9.565425065126214932e+00
-9.206889162461155962e+00
-8.818833079968227295e+00
-8.407987914526353634e+00
-7.981261299766207351e+00
-7.545466683390177565e+00
-7.107082152142524478e+00
-6.672052831561951614e+00
-6.245645018889424804e+00
-5.832354327160582663e+00
-5.435865040241115054e+00
-5.059054116001048484e+00
-4.704031014801412169e+00
-4.372203683749315672e+00
-4.064361322072145732e+00
-3.780765636475505787e+00
-3.521243816612150468e+00
-3.285278125063602950e+00
-3.072088589343616061e+00
-2.880706673288142561e+00
-2.710038929395816254e+00
-2.558920481197107133e+00
-2.426158777398409239e+00
-2.310568436550642257e+00
-2.210998207469837329e+00
-2.126351150353046560e+00
-2.055599134836421982e+00
-1.997792685405621826e+00
-1.952067105649554657e+00
-1.917645698389602416e+00
-1.893840780827380055e+00
-1.880053080371242746e+00
-1.875769992352189330e+00
-1.880563087753893026e+00
-1.894085178112310031e+00
-1.916067175613088036e+00
-1.946314928232076413e+00
-1.984706161280012759e+00
-2.031187616527701856e+00
-2.085772446764119881e+00
-2.148537895768529715e+00
-2.219623269918408415e+00
-2.299228186736164137e+00
-2.387611066399468296e+00
-2.485087813449320393e+00
-2.592030616501180162e+00
-2.708866772572290138e+00
-2.836077418531087524e+00
-2.974196023948526335e+00
-3.123806466016002759e+00
-3.285540466840461971e+00
-3.460074124916809435e+00
-3.648123214460586627e+00
-3.850436857149415637e+00
-4.067789089437049199e+00
-4.300967754127789533e+00
-4.550760037228466892e+00
-4.817933851364936793e+00
-5.103214138370299580e+00
-5.407253032123384706e+00
-5.730592698815268449e+00
-6.073619572203032391e+00
-6.436508651155472549e+00
-6.819156562056835291e+00
-7.221102259447200744e+00
-7.641434611085673012e+00
-8.078686772589859899e+00
-8.530718302439057155e+00
-8.994587510886526971e+00
-9.466418682027503806e+00
-9.941271631384537955e+00
-1.041302456221372630e+01
-1.087428522720643542e+01
-1.131634964034277857e+01
-1.172923137291666507e+01
-1.210178680757068648e+01
-1.242196125987177346e+01
-1.267717602896279772e+01
-1.285486572161425123e+01
-1.294315775793761070e+01
-1.293166231345921346e+01
-1.281231363420491576e+01
-1.258017762616311508e+01
-1.223412276937881771e+01
-1.177724907286043532e+01
-1.121698824544680662e+01
-1.056482802059556292e+01
-9.835668722230082039e+00
-9.046878952652097183e+00
-8.217165389533581887e+00
-7.365397011405827143e+00
-6.509521122577895724e+00
-5.665680148488994483e+00
-4.847593896333612484e+00
-4.066224170156310436e+00
-3.329698086298349402e+00
-2.643439553702551237e+00
-2.010446561121027820e+00
-1.431652723870723287e+00
-9.063206777865833175e-01
-4.324279317206137785e-01
-7.019220690588301448e-03
3.734889182795929630e-01
7.130566537394067428e-01
1.015821597244368268e+00
1.285947191598145523e+00
1.527512311309614956e+00
1.744435069717723774e+00
1.940424067971837196e+00
2.118951003479510042e+00
2.283239427344718298e+00
2.436265342485836261e+00
2.580766175851813671e+00
2.719255395308757262e+00
2.854040659474745834e+00
2.987243889001639729e+00
3.120822041017218496e+00
3.256587668440185990e+00
3.396228566738172638e+00
3.541325965186340241e+00
3.693370818568953329e+00
3.853777807143605738e+00
4.023896664100914400e+00
4.205020425480959112e+00
4.398390140945505955e+00
4.605195497435554230e+00
4.826570693709107296e+00
5.063584764593914933e+00
5.317225393411979972e+00
5.588375076017028320e+00
5.877778321251026838e+00
6.185998408159732342e+00
6.513362097586939292e+00
6.859890655878425392e+00
7.225215650258893341e+00
7.608478300120005144e+00
8.008211822924888423e+00
8.422207331439867772e+00
8.847365576481452720e+00
9.279539349776294799e+00
9.713374805177544147e+00
1.014216438681373766e+01
1.055772937365161823e+01
1.095035589291555489e+01
1.130881384658324862e+01
1.162049223773106910e+01
1.187168500838944318e+01
1.204805639333617329e+01
1.213530160226942911e+01
1.211999575028296405e+01
1.199059159437335076e+01
1.173848806891367325e+01
1.135905387883994067e+01
1.085246384064741321e+01
1.022420163824520856e+01
9.485109630949869697e+00
8.650925316074765448e+00
7.741325696502614484e+00
6.778586478582699471e+00
5.786030212349327684e+00
4.786467954704617611e+00
3.800825852779186498e+00
2.847097872087644532e+00
1.939695531732322120e+00
1.089194772826606483e+00
3.024247756459544911e-01
-4.171885052654341619e-01
-1.069120275559368505e+00
-1.655173907653106902e+00
-2.178906015276801611e+00
-2.645096787841613395e+00
-3.059292546253922218e+00
-3.427431335877143326e+00
-3.755551023340058858e+00
-4.049572402351712341e+00
-4.315146310308968225e+00
-4.557552678618568720e+00
-4.781639875182687405e+00
-4.991793949335463942e+00
-5.191928976373653803e+00
-5.385491321207405591e+00
-5.575472134261075574e+00
-5.764423684965682249e+00
-5.954476213584711353e+00
-6.147352857847457663e+00
-6.344380920474280039e+00
-6.546498327313107879e+00
-6.754254624721109934e+00
-6.967806318514696784e+00
-7.186906801467269901e+00
-7.410891583666588289e+00
-7.638660055746545829e+00
-7.868655596358265392e+00
-8.098846487462306953e+00
-8.326710812271983286e+00
-8.549229245902035146e+00
-8.762890343074630550e+00
-8.963713480210580897e+00
-9.147294882653223880e+00
-9.308881989797374246e+00
-9.443480590763291715e+00
-9.545997520033699502e+00
-9.611419109653688508e+00
-9.635022038243489462e+00
-9.612608858747952567e+00
-9.540755714618478933e+00
-9.417055198234482560e+00
-9.240333793441568133e+00
-9.010821779121542363e+00
-8.730254635839813204e+00
-8.401889322007773941e+00
-8.030426137011515308e+00
-7.621836470386901041e+00
-7.183107158790388524e+00
-6.721921710241897330e+00
-6.246305636677655926e+00
-5.764266356168332273e+00
-5.283457143940466061e+00
-4.810889833922614045e+00
-4.352713506181186354e+00
-3.914067723974049784e+00
-3.499010491160210456e+00
-3.110514156345977721e+00
-2.750517675554421171e+00
-2.420021132733868097e+00
-2.119207970356543402e+00
-1.847581514273142878e+00
-1.604104513113271180e+00
-1.387333014908973983e+00
-1.195538545224270166e+00
-1.026814942356377935e+00
-8.791681865640723625e-01
-7.505890759540643220e-01
-6.391096674143874612e-01
-5.428450744598339872e-01
-4.600225711282394103e-01
-3.890000706149095433e-01
-3.282760004787270147e-01
-2.764924425931368779e-01
-2.324331921734740791e-01
-1.950181505869869047e-01
-1.632952251355054840e-01
-1.364306810427332595e-01
-1.136986854782280898e-01
-9.447060493353774679e-02
-7.820446671351265200e-02
-6.443487169977028806e-02
-5.276354659994297175e-02
-4.285064668712361413e-02
-3.440686139787241943e-02
-2.718633198524390837e-02
-2.098035982153592660e-02
-1.561186333232636447e-02
-1.093052868398539622e-02
-6.808592361551455037e-03
-3.137191112222834002e-03
1.767848538798454452e-04
3.213397004770197907e-03
6.041979725816486180e-03
8.723130811033432200e-03
1.131041942069733498e-02
1.385185474420513700e-02
1.639115380186353596e-02
1.896884232071571752e-02
2.162321850557068215e-02
2.439120583911177573e-02
2.730911779640601486e-02
3.041335454233234231e-02
3.374104927673776677e-02
3.733067987537400795e-02
4.122265981483006630e-02
4.545992103705004395e-02
5.008850037294645952e-02
5.515814037956863480e-02
6.072291492506588784e-02
6.684188956071926424e-02
7.357982663191989237e-02
8.100794518532876409e-02
8.920474601876984821e-02
9.825691268451688942e-02
1.082602998937052668e-01
1.193210215760841242e-01
1.315566518289763009e-01
1.450975531438850330e-01
1.600883476363930413e-01
1.766895485310492897e-01
1.950793708777089630e-01
2.154557424083996253e-01
2.380385375940297088e-01
2.630720603362500243e-01
2.908278033376481830e-01
3.216075150330445220e-01
3.557466080312978729e-01
3.936179462885798785e-01
4.356360516783039927e-01
4.822617741748356779e-01
5.340074734304670612e-01
5.914427629490399685e-01
6.552008711191347201e-01
7.259856757429730134e-01
8.045794699146281426e-01
8.918515165013002344e-01
9.887674451282578714e-01
1.096399538154013031e+00
1.215937938826570086e+00
1.348702793113863541e+00
1.496157303126742111e+00
1.659921619835297735e+00
1.841787429405993493e+00
2.043732982111508889e+00
2.267938163428623977e+00
2.516798997598053145e+00
2.792940683217703057e+00
3.099227860261267953e+00
3.438770261743417489e+00
3.814921164550721500e+00
4.231265064916356344e+00
4.691589695498792345e+00
5.199835795105525627e+00
5.760015859718986775e+00
6.376090381342953251e+00
7.051786804547933940e+00
7.790342691811153131e+00
8.594150685448326499e+00
9.464279443902567479e+00
1.039984305936073739e+01
1.139719367200469513e+01
1.244892146867454485e+01
1.354266790027324419e+01
1.465979813810147014e+01
1.577404437890864486e+01
1.685032726782153034e+01
1.784408543167493733e+01
1.870157341787699679e+01
1.936167961185194741e+01
1.975978788942862252e+01
1.983395713897465384e+01
1.953314089627642858e+01
1.882634231552955839e+01
1.771072646740095280e+01
1.621623676117903301e+01
1.440466968438335726e+01
1.236261626715638329e+01
1.018971597553967001e+01
7.985307599263713030e+00
5.836917285699458446e+00
3.812966007833031412e+00
1.960308927062732964e+00
3.056953965462985146e-01
-1.140476976365322415e+00
-2.379673164037986677e+00
-3.421065926906020849e+00
-4.278235828130878993e+00
-4.966836313082231946e+00
-5.503105194062677619e+00
-5.903017075952951664e+00
-6.181868857640385961e+00
-6.354126362309328258e+00
-6.433406386313812675e+00
-6.432511318500640840e+00
-6.363467916659105050e+00
-6.237547076727618212e+00
-6.065258477191395770e+00
-5.856324320778774961e+00
-5.619641551786243916e+00
-5.363243307822740391e+00
-5.094269226604259515e+00
-4.818951657227033003e+00
-4.542621706161408923e+00
-4.269736039322170384e+00
-4.003922886534279080e+00
-3.748043960318581114e+00
-3.504268038179861211e+00
-3.274151675672845929e+00
-3.058722758840668465e+00
-2.858563191418125982e+00
-2.673887779729362091e+00
-2.504617193622590499e+00
-2.350443650878280444e+00
-2.210888638114228311e+00
-2.085352516698656178e+00
-1.973156263388353704e+00
-1.873575872623249872e+00
-1.785870118785135574e+00
-1.709302463375132586e+00
-1.643157914799331820e+00
-1.586755625901362432e+00
-1.539457962113972567e+00
-1.500676703419917102e+00
-1.469876965463660978e+00
-1.446579345739404499e+00
-1.430360724241168224e+00
-1.420854077056824094e+00
-1.417747597625046652e+00
-1.420783364356836387e+00
-1.429755745042334603e+00
-1.444509687510311613e+00
-1.464939011739137209e+00
-1.490984790266224325e+00
-1.522633880497445968e+00
-1.559917653572281626e+00
-1.602910949024161313e+00
-1.651731271865660933e+00
-1.706538238257098605e+00
-1.767533266964975924e+00
-1.834959505804492741e+00
-1.909101974637849919e+00
-1.990287898730478400e+00
-2.078887197808017007e+00
-2.175313086448626976e+00
-2.280022729880370580e+00
-2.393517885171626336e+00
-2.516345440453670701e+00
-2.649097743355079970e+00
-2.792412583288665484e+00
-2.946972659518515059e+00
-3.113504326813659517e+00
-3.292775361609705964e+00
-3.485591432506006004e+00
-3.692790888160086382e+00
-3.915237391859513583e+00
-4.153809834232034426e+00
-4.409388843346931708e+00
-4.682839085672065416e+00
-4.974986414693235659e+00
-5.286588782113589957e+00
-5.618299689408735809e+00
-5.970622841299988437e+00
-6.343856592159386132e+00
-6.738026787580421839e+00
-7.152806746891362977e+00
-7.587423476154524060e+00
-8.040549832266307817e+00
-8.510183382664907370e+00
-8.993514240116779135e+00
-9.486786315080276921e+00
-9.985159308414488066e+00
-1.048258238249944085e+01
-1.097169468183645868e+01
-1.144377238996375290e+01
-1.188874616478235602e+01
-1.229531556442280937e+01
-1.265118704500128644e+01
-1.294345759358204440e+01
-1.315915541838731428e+01
-1.328593133403004067e+01
-1.331286991717201929e+01
-1.323136069750219157e+01
-1.303594171168210991e+01
-1.272500799921796855e+01
-1.230127399222738127e+01
-1.177189712840971580e+01
-1.114821125078634978e+01
-1.044507636391922922e+01
-9.679913615651910774e+00
-8.871545546688228256e+00
-8.038988613687598317e+00
-7.200341767230703738e+00
-6.371884533624238678e+00
-5.567450996501225546e+00
-4.798095619995645933e+00
-4.072024518535076076e+00
-3.394738228300615113e+00
-2.769320515128736560e+00
-2.196809448405660170e+00
-1.676597157721886333e+00
-1.206818631245323514e+00
-7.847039829904673969e-01
-4.068806338568263792e-01
-6.962091823490784703e-02
2.309632765341329552e-01
4.987736509544167252e-01
7.376195382300132497e-01
9.511455697194084458e-01
1.142786050684357235e+00
1.315739919135167968e+00
1.472961103869702804e+00
1.617160047546079227e+00
1.750813032312287243e+00
1.876176700685939336e+00
1.995305792883972140e+00
2.110072629338014316e+00
2.222187267058008064e+00
2.333217566871813364e+00
2.444608641273450900e+00
2.557701323992907394e+00
2.673749424640983197e+00
2.793935614812300905e+00
2.919385843661483904e+00
3.051182207137469238e+00
3.190374200099760138e+00
3.337988267428320555e+00
3.495035540838669963e+00
3.662517603376628905e+00
3.841430063722973909e+00
4.032763647192859402e+00
4.237502419066347947e+00
4.456618648013653150e+00
4.691063692619594327e+00
4.941754153010653461e+00
5.209552374663228846e+00
5.495240227699986768e+00
5.799484921685804650e+00
6.122795468686880405e+00
6.465468300550211822e+00
6.827520516390063854e+00
7.208609335162199372e+00
7.607936627330085244e+00
8.024137992613775694e+00
8.455156854185450044e+00
8.898105588687963419e+00
9.349117947396994310e+00
9.803200067928043993e+00
1.025409128391571656e+01
1.069415063313772407e+01
1.111429013467617111e+01
1.150398090530561745e+01
1.185136192554725554e+01
1.214348217398494967e+01
1.236670296066960084e+01
1.250727657235521306e+01
1.255209830869001664e+01
1.248960160634452166e+01
1.231073263568341325e+01
1.200990706239367434e+01
1.158582605332710003e+01
1.104202079199913733e+01
1.038701262352160448e+01
9.634021723723774855e+00
8.800224768181175605e+00
7.905637093117147352e+00
6.971758491183205564e+00
6.020157298521503719e+00
5.071166312450584357e+00
4.142829082237323490e+00
3.250178494435859378e+00
2.404867778567909564e+00
1.615121686270059254e+00
8.859413282176021864e-01
2.194818222400034546e-01
-3.844758721824036440e-01
-9.280246790252538736e-01
-1.414650874724870278e+00
-1.848803831434528089e+00
-2.235531566429141304e+00
-2.580186407764577972e+00
-2.888197641820166695e+00
-3.164903738652868448e+00
-3.415434843437478385e+00
-3.644635893431605211e+00
-3.857021329254909148e+00
-4.056753448356488434e+00
-4.247637685783441697e+00
-4.433129314864322268e+00
-4.616347138548683837e+00
-4.800090649227207074e+00
-4.986857864316500688e+00
-5.178861609509357145e+00
-5.378042443573374243e+00
-5.586076723938315780e+00
-5.804378528196871834e+00
-6.034094300672562028e+00
-6.276089214034718644e+00
-6.530924354590530889e+00
-6.798823991478588624e+00
-7.079632415516353916e+00
-7.372760181170981753e+00
-7.677120110986312085e+00
-7.991054188054471652e+00
-8.312253532815139678e+00
-8.637675092255603815e+00
-8.963460496005309253e+00
-9.284864741295811186e+00
-9.596204863662777029e+00
-9.890841318664961079e+00
-1.016120706601745560e+01
-1.039890074364730310e+01
-1.059486008774974586e+01
-1.073962901150980720e+01
-1.082372564194173314e+01
-1.083810856244037346e+01
-1.077472459424196494e+01
-1.062710477114672791e+01
-1.039095809343197807e+01
-1.006469877797439061e+01
-9.649836298264082401e+00
-9.151162338311220168e+00
-8.576686814546713222e+00
-7.937305171971769546e+00
-7.246216467541060524e+00
-6.518148756307110325e+00
-5.768476673316201619e+00
-5.012329369095593457e+00
-4.263782562190898240e+00
-3.535208519724465148e+00
-2.836828052060616390e+00
-2.176476456954888228e+00
-1.559567365183623266e+00
-9.892188508000339109e-01
-4.664963362471798991e-01
9.274281520465887940e-03
4.401646558145510535e-01
8.293058278042098053e-01
1.180576758378148128e+00
1.498333304129787047e+00
1.787183860830474202e+00
2.051812310369998560e+00
2.296845177471047883e+00
2.526757727881008719e+00
2.745812741348493624e+00
2.958025505358682583e+00
3.167148892482321898e+00
3.376672970453996836e+00
3.589834283057041553e+00
3.809630621259128880e+00
4.038837710273520010e+00
4.280024732193178139e+00
4.535565969142742127e+00
4.807646086003106944e+00
5.098256681997859197e+00
5.409181742307264784e+00
5.741969538702169196e+00
6.097888397768085333e+00
6.477863628684382924e+00
6.882392854895338807e+00
7.311437132230532931e+00
7.764285708312261391e+00
8.239393282736696023e+00
8.734190417165399012e+00
9.244870619345284979e+00
9.766161905256867115e+00
1.029109660610444976e+01
1.081080095089032511e+01
1.131433530076872529e+01
1.178862602909955015e+01
1.221853924474472919e+01
1.258715204322495218e+01
1.287627480205308395e+01
1.306726358618665884e+01
1.314213086781955298e+01
1.308491390147215228e+01
1.288319678031360205e+01
1.252961530667699996e+01
1.202312165725236248e+01
1.136977052554735756e+01
1.058282801005076479e+01
9.682103004448144645e+00
8.692541275862549099e+00
7.642268399382373900e+00
6.560375495051972372e+00
5.474778182041258212e+00
4.410436325991295092e+00
3.388119649178634063e+00
2.423778864448846271e+00
1.528470823546000057e+00
7.087132150616517468e-01
-3.288423110034666141e-02
-6.968572287755815386e-01
-1.286108541400097893e+00
-1.805191681685123894e+00
-2.259699652087035382e+00
-2.655774296148288194e+00
-2.999733414440861612e+00
-3.297802322603362590e+00
-3.555932010714833780e+00
-3.779685447794652209e+00
-3.974175168846724837e+00
-4.144037876451173830e+00
-4.293434620491988873e+00
-4.426067764142362471e+00
-4.545208208033783670e+00
-4.653728174356740688e+00
-4.754136271257406676e+00
-4.848612622461467403e+00
-4.939042624592596908e+00
-5.027048449107801353e+00
-5.114017792305129539e+00
-5.201129640214923633e+00
-5.289376990187371952e+00
-5.379586583943271272e+00
-5.472435777193721762e+00
-5.568466712784760908e+00
-5.668097987827614759e+00
-5.771634017667503613e+00
-5.879272305959395872e+00
-5.991108834199501132e+00
-6.107141788382559611e+00
-6.227273846821285375e+00
-6.351313262786621117e+00
-6.478973989234750874e+00
-6.609875110758254735e+00
-6.743539869858227398e+00
-6.879394600005193539e+00
-7.016767905495520985e+00
-7.154890455925052350e+00
-7.292895788592583806e+00
-7.429822531954302534e+00
-7.564618473286052414e+00
-7.696146889240627509e+00
-7.823195533861929896e+00
-7.944488629615618969e+00
-8.058702128355445637e+00
-8.164482397229912536e+00
-8.260468337660270777e+00
-8.345316764822531042e+00
-8.417730665344636876e+00
-8.476489721295161317e+00
-8.520482252691932601e+00
-8.548737506701947098e+00
-8.560457030757413932e+00
-8.555043731837196574e+00
-8.532127167055723049e+00
-8.491583649402906886e+00
-8.433549897839105469e+00
-8.358429214030801191e+00
-8.266889518338720322e+00
-8.159853002974703173e+00
-8.038477627964352834e+00
-7.904131156097503386e+00
-7.758358854409418193e+00
-7.602846342797366042e+00
-7.439379313992832365e+00
-7.269801964077888812e+00
-7.095975953974921424e+00
-6.919741578929201609e+00
-6.742882576177293252e+00
-6.567095680554486670e+00
-6.393965677701634931e+00
-6.224946338433441362e+00
-6.061347275267530144e+00
-5.904326465867991480e+00
-5.754887952929479411e+00
-5.613884062396898855e+00
-5.482021381292135231e+00
-5.359869696648640769e+00
-5.247873108290003863e+00
-5.146362578708385094e+00
-5.055569261068310283e+00
-4.975638040197211787e+00
-4.906640821751897974e+00
-4.848589203976892748e+00
-4.801446259061974864e+00
-4.765137233435973840e+00
-4.739559046418773569e+00
-4.724588523812517593e+00
-4.720089347537540725e+00
-4.725917735255665164e+00
-4.741926886425841481e+00
-4.767970244949613523e+00
-4.803903635083973001e+00
-4.849586328172989624e+00
-4.904881094416468024e+00
-4.969653287660461771e+00
-5.043769003234507053e+00
-5.127092340229932432e+00
-5.219481791277876148e+00
-5.320785775751865287e+00
-5.430837327272297621e+00
-5.549447944323143922e+00
-5.676400614636961883e+00
-5.811442030752713706e+00
-5.954274026859655677e+00
-6.104544286817234600e+00
-6.261836401219009751e+00
-6.425659388629866520e+00
-6.595436843604982613e+00
-6.770495932424760888e+00
-6.950056526769779808e+00
-7.133220845155658907e+00
-7.318964060094510948e+00
-7.506126422432826573e+00
-7.693407548089201242e+00
-7.879363599257268369e+00
-8.062408162426784486e+00
-8.240817667259449308e+00
-8.412742189272863769e+00
-8.576222419929489860e+00
-8.729213454612946066e+00
-8.869615828648640843e+00
-8.995313915233362323e+00
-9.104221385929299970e+00
-9.194332934343224295e+00
-9.263780900609930313e+00
-9.310894847476218317e+00
-9.334261581974475419e+00
-9.332782655040949393e+00
-9.305726074874348441e+00
-9.252768903510478538e+00
-9.174027619087388175e+00
-9.070073640262547698e+00
-8.941932209638993712e+00
-8.791063865169975955e+00
-8.619328900509621860e+00
-8.428936408523590273e+00
-8.222380587671482388e+00
-8.002367849052676618e+00
-7.771738801142111797e+00
-7.533389360588648387e+00
-7.290195040610593757e+00
-7.044941949435908235e+00
-6.800267271677240544e+00
-6.558611107594260581e+00
-6.322180614236579288e+00
-6.092926521997929612e+00
-5.872531361156365648e+00
-5.662408168898137362e+00
-5.463708073996326853e+00
-5.277334966278294459e+00
-5.103965426955059392e+00
-4.944072189758063729e+00
-4.797949584330741146e+00
-4.665739646901279514e+00
-4.547457838408342390e+00
-4.443017563138027981e+00
-4.352252914749092483e+00
-4.274939280945353914e+00
-4.210811607979986881e+00
-4.159580260691456921e+00
-4.120944514730974895e+00
-4.094603788624779916e+00
-4.080266768750854034e+00
-4.077658604848814150e+00
-4.086526361766471105e+00
-4.106642908759793542e+00
-4.137809414203985625e+00
-4.179856593832064426e+00
-4.232644836798559851e+00
-4.296063307664541142e+00
-4.370028095081741171e+00
-4.454479450450586242e+00
-4.549378132832321064e+00
-4.654700850455221861e+00
-4.770434764753358259e+00
-4.896571000524925665e+00
-5.033097086114707075e+00
-5.179988231322096404e+00
-5.337197339100263171e+00
-5.504643641487943384e+00
-5.682199852490265712e+00
-5.869677743196606734e+00
-6.066812070252413314e+00
-6.273242831428337496e+00
-6.488495885522714168e+00
-6.711962062653043404e+00
-6.942875009702913935e+00
-7.180288168498478285e+00
-7.423051474311753495e+00
-7.669788590548308527e+00
-7.918875759540974890e+00
-8.168423641675385483e+00
-8.416263821003798995e+00
-8.659941951437188479e+00
-8.896719769261851596e+00
-9.123588359402369008e+00
-9.337295078250477331e+00
-9.534386341452858460e+00
-9.711268016680381976e+00
-9.864284365000258958e+00
-9.989815320375825536e+00
-1.008439039668697923e+01
-1.014481573510009760e+01
-1.016830889109092695e+01
-1.015263412094891393e+01
-1.009622943075196666e+01
-9.998315789792425079e+00
-9.858978952222582137e+00
-9.679215454512894112e+00
-9.460936595052000797e+00
-9.206927403839083368e+00
-8.920761435407911222e+00
-8.606676182509527706e+00
-8.269417465117573585e+00
-7.914063796126391992e+00
-7.545843104321782846e+00
-7.169954165087747633e+00
-6.791403743368003454e+00
-6.414868086145201431e+00
-6.044584433410452817e+00
-5.684275100394258651e+00
-5.337103820320659331e+00
-5.005661715278513668e+00
-4.691978636196130203e+00
-4.397554705920155627e+00
-4.123406637066565850e+00
-3.870123642771011507e+00
-3.637928354459711411e+00
-3.426738953070298521e+00
-3.236229580268255024e+00
-3.065886928747189266e+00
-2.915061653936923847e+00
-2.783013870851306137e+00
-2.668952489347090840e+00
-2.572068504097257513e+00
-2.491562606619455167e+00
-2.426667644531086410e+00
-2.376666537456100681e+00
-2.340906288008357539e+00
-2.318808715887644478e+00
-2.309878506312887492e+00
-2.313709110854955675e+00
-2.329986976664875975e+00
-2.358494514313473012e+00
-2.399112148309217929e+00
-2.451819729700728701e+00
-2.516697527695171299e+00
-2.593926956703018760e+00
-2.683791135681935280e+00
-2.786675316497327692e+00
-2.903067155074196659e+00
-3.033556730659321854e+00
-3.178836141239868240e+00
-3.339698413138865618e+00
-3.517035355404102059e+00
-3.711833859454944040e+00
-3.925169985432618081e+00
-4.158199982027642072e+00
-4.412147149041035554e+00
-4.688283164524894353e+00
-4.987902155153583372e+00
-5.312285386518661667e+00
-5.662653992065100006e+00
-6.040106658254385863e+00
-6.445538668752027966e+00
-6.879538237484116081e+00
-7.342255723545339841e+00
-7.833241269642161164e+00
-8.351246864166537165e+00
-8.893990113780452234e+00
-9.457879555845776665e+00
-1.003770567068902508e+01
-1.062630846943537222e+01
-1.121424218700753705e+01
-1.178947049728874674e+01
-1.233714146980487669e+01
-1.283950876095147464e+01
-1.327608110177832046e+01
-1.362409059116256849e+01
-1.385936395203704308e+01
-1.395765089334581965e+01
-1.389640275552974913e+01
-1.365690164708229482e+01
-1.322652603184967113e+01
-1.260082942901786396e+01
-1.178504400475569014e+01
-1.079464146107336475e+01
-9.654712717792063970e+00
-8.398150810458446358e+00
-7.062880350572426025e+00
-5.688588420218786190e+00
-4.313503209634238722e+00
-2.971711085445998712e+00
-1.691330557173592375e+00
-4.936420530572227516e-01
6.069218011691255299e-01
1.602143261687397402e+00
2.489002644651380436e+00
3.268513206951404904e+00
3.944585090038143171e+00
4.523028692804419215e+00
5.010749216348520108e+00
5.415141320918271717e+00
5.743666401311294578e+00
6.003581897749775464e+00
6.201788243902315756e+00
6.344760814170046004e+00
6.438538792120282572e+00
6.488748422215967260e+00
6.500643578153043833e+00
6.479151464385171089e+00
6.428915368226390648e+00
6.354329678498886302e+00
6.259564943188488328e+00
6.148582640223193785e+00
6.025140671893111310e+00
5.892791448315838565e+00
5.754874876443731857e+00
5.614508692565684633e+00
5.474578440625256448e+00
5.337729077108370745e+00
5.206359743880850210e+00
5.082622755517595792e+00
4.968427350842643087e+00
4.865448301710155299e+00
4.775139084865812400e+00
4.698749021587310004e+00
4.637343579625996526e+00
4.591826908126706464e+00
4.562965627097622878e+00
4.551412902755855860e+00
4.557731890940560859e+00
4.582417705112980855e+00
4.625917147111730188e+00
4.688645514052802277e+00
4.770999852627807236e+00
4.873368064566183655e+00
4.996133269061034277e+00
5.139672797162228690e+00
5.304351129947226795e+00
5.490506000143204446e+00
5.698426762853332939e+00
5.928324016823232512e+00
6.180289341156056437e+00
6.454243929767558896e+00
6.749874894439664708e+00
7.066558118506085506e+00
7.403266845642403560e+00
7.758465770034607800e+00
8.129991362796459953e+00
8.514920646887391698e+00
8.909432742704307628e+00
9.308670349280138367e+00
9.706611935979603700e+00
1.009596970156207085e+01
1.046813300223259624e+01
1.081318133797740799e+01
1.111999410231594254e+01
1.137648470821928726e+01
1.156998264310880842e+01
1.168777669949730402e+01
1.171781484031887999e+01
1.164953100127198660e+01
1.147473893097627418e+01
1.118850302173646760e+01
1.078987361075271245e+01
1.028236807918572104e+01
9.674096150501808822e+00
8.977469951733533904e+00
8.208501071837330798e+00
7.385755116965689204e+00
6.529092236595326781e+00
5.658354612619896251e+00
4.792161107934964193e+00
3.946937374298119305e+00
3.136257623522767268e+00
2.370516919494009223e+00
1.656903786448298499e+00
9.996104503074920711e-01
4.002041566115803750e-01
-1.419151748064765295e-01
-6.290336066842980856e-01
-1.064664067064508224e+00
-1.453138412887001518e+00
-1.799265145519810094e+00
-2.108056383461549999e+00
-2.384520494405055313e+00
-2.633512687726235146e+00
-2.859634086733649383e+00
-3.067169573151752537e+00
-3.260055393970987758e+00
-3.441868679721391544e+00
-3.615832334350144617e+00
-3.784830033604471122e+00
-3.951427212326848348e+00
-4.117894890355197290e+00
-4.286233975782692163e+00
-4.458198306307102676e+00
-4.635315166373742635e+00
-4.818902374771035113e+00
-5.010081298914519365e+00
-5.209785341115435564e+00
-5.418763579385243112e+00
-5.637579349565808862e+00
-5.866603644168814746e+00
-6.106003292803515059e+00
-6.355723995715194974e+00
-6.615468422031463902e+00
-6.884669774153625355e+00
-7.162461475260524679e+00
-7.447643972483478869e+00
-7.738650074764197306e+00
-8.033510765828365763e+00
-8.329824042154285735e+00
-8.624729999749474629e+00
-8.914896085457037600e+00
-9.196517062609929738e+00
-9.465334707472882414e+00
-9.716682408095325130e+00
-9.945559509702102119e+00
-1.014673926006960691e+01
-1.031491239656243053e+01
-1.044486569442345036e+01
-1.053169119919587615e+01
-1.057101761102240012e+01
-1.055925080911944569e+01
-1.049380644954110231e+01
-1.037331473637973822e+01
-1.019777666705908992e+01
-9.968652917064533270e+00
-9.688871298500304263e+00
-9.362746089216907208e+00
-8.995811580979632183e+00
-8.594581561691068572e+00
-8.166254561518799804e+00
-7.718390163453583419e+00
-7.258583628371122032e+00
-6.794164356354702505e+00
-6.331938865976677988e+00
-5.877992119536889604e+00
-5.437553476413405917e+00
-5.014926544342280579e+00
-4.613476612870964111e+00
-4.235665649568481683e+00
-3.883123056058868983e+00
-3.556740246411417505e+00
-3.256778185074042486e+00
-2.982978826375692893e+00
-2.734673506882593585e+00
-2.510883431950489797e+00
-2.310409259254750047e+00
-2.131908307371306766e+00
-1.973959076833418536e+00
-1.835113585990488350e+00
-1.713938544118199792e+00
-1.609046670088543074e+00
-1.519119576476514411e+00
-1.442923629305303823e+00
-1.379320106091064035e+00
-1.327270842765729819e+00
-1.285840407620894466e+00
-1.254195684208525341e+00
-1.231603595765546899e+00
-1.217427567370875874e+00
-1.211123201712969832e+00
-1.212233540929848363e+00
-1.220384200007452735e+00
-1.235278585412290742e+00
-1.256693354300811194e+00
-1.284474222949725686e+00
-1.318532196152649050e+00
-1.358840260498193286e+00
-1.405430562101974923e+00
-1.458392072097248082e+00
-1.517868729744582534e+00
-1.584058042299823832e+00
-1.657210111797491781e+00
-1.737627050781030302e+00
-1.825662740916380811e+00
-1.921722879570831433e+00
-2.026265249032559890e+00
-2.139800130260546496e+00
-2.262890766996840330e+00
-2.396153765749572617e+00
-2.540259291444236567e+00
-2.695930886159396689e+00
-2.863944697853335608e+00
-3.045127855703011921e+00
-3.240355666797041234e+00
-3.450547233506008560e+00
-3.676658999932235439e+00
-3.919675627617646541e+00
-4.180597473847410761e+00
-4.460423800082154777e+00
-4.760130674661724903e+00
-5.080642357139137921e+00
-5.422794769982316687e+00
-5.787289491969380251e+00
-6.174636570737638941e+00
-6.585084386781376864e+00
-7.018534861845004968e+00
-7.474442566615213224e+00
-7.951696846553001130e+00
-8.448487078118938953e+00
-8.962152741605262207e+00
-9.489022313714807311e+00
-1.002424818985417510e+01
-1.056164902608815659e+01
-1.109357598767814146e+01
-1.161082510406351354e+01
-1.210262358598286525e+01
-1.255672239229367193e+01
-1.295962882017672690e+01
-1.329700924376786197e+01
-1.355428103165583131e+01
-1.371739239141641775e+01
-1.377375927593619309e+01
-1.371329215237315147e+01
-1.352940854712684704e+01
-1.321989931878197311e+01
-1.278750846259695528e+01
-1.224010659715331251e+01
-1.159038927339866376e+01
-1.085510543995516031e+01
-1.005390216795886715e+01
-9.207937995313629997e+00
-8.338451024811533330e+00
-7.465461286510361560e+00
-6.606744727273747841e+00
-5.777153417643546618e+00
-4.988291562494563181e+00
-4.248504798985638153e+00
-3.563108942943601143e+00
-2.934774145326247474e+00
-2.363986520991299578e+00
-1.849524910169837666e+00
-1.388909282046665972e+00
-9.787949997837123162e-01
-6.153014132488970889e-01
-2.942733462193529159e-01
-1.148033307451046259e-02
2.372382626509578207e-01
4.558729549970499395e-01
6.481795460467856262e-01
8.176420213419550720e-01
9.674559319947109159e-01
1.100526544813760443e+00
1.219477235646025504e+00
1.326664641232183195e+00
1.424197950400068358e+00
1.513960412126555521e+00
1.597631684584481349e+00
1.676710069131808867e+00
1.752533989737478981e+00
1.826302312783079085e+00
1.899093272618551431e+00
1.971881889519996545e+00
2.045555850635131012e+00
2.120929880367603548e+00
2.198758661565254346e+00
2.279748388239883905e+00
2.364567038392406229e+00
2.453853454813418544e+00
2.548225314610360392e+00
2.648286056164278701e+00
2.754630816228175405e+00
2.867851410534986822e+00
2.988540368875965303e+00
3.117294010184990416e+00
3.254714514590024255e+00
3.401410917405462087e+00
3.557998914295802173e+00
3.725099326982749925e+00
3.903335034589610952e+00
4.093326126873066073e+00
4.295682982330855992e+00
4.510996917121915750e+00
4.739827991256876594e+00
4.982689499040059644e+00
5.240028615206790974e+00
5.512202622589762235e+00
5.799450120178282653e+00
6.101856614305373405e+00
6.419313946922706293e+00
6.751473135085659827e+00
7.097690412032688911e+00
7.456966605274375937e+00
7.827880497954732952e+00
8.208517534959568707e+00
8.596396189400026699e+00
8.988395519723441751e+00
9.380688917741363042e+00
9.768690723253129704e+00
1.014702414409352471e+01
1.050952056247556321e+01
1.084926151034177977e+01
1.115867492472321310e+01
1.142969622603677848e+01
1.165400175495941149e+01
1.182331671983865640e+01
1.192979189621221359e+01
1.196643323034937545e+01
1.192755725681512224e+01
1.180923461476489322e+01
1.160967629268708912e+01
1.132951504531996356e+01
1.097193966230043571e+01
1.054265305837644284e+01
1.004964524119717417e+01
9.502795883945193367e+00
8.913343940034428314e+00
8.293278792891017659e+00
7.654715364463655192e+00
7.009313183543332215e+00
6.367787921972772658e+00
5.739546573577763766e+00
5.132458339584573537e+00
4.552756097062186313e+00
4.005050558615359968e+00
3.492431871680076405e+00
3.016631132644147950e+00
2.578215947953990561e+00
2.176798292849915661e+00
1.811238124859109844e+00
1.479831453133313879e+00
1.180476184198727463e+00
9.108127440158217958e-01
6.683391539938476900e-01
4.505020089441735265e-01
2.547658361237717939e-01
7.866379232050713100e-02
-8.016724922697476829e-02
-2.239643184911344065e-01
-3.548260566662232440e-01
-4.747082419943976506e-01
-5.854252236062970072e-01
-6.886556973303713525e-01
-7.859515679214807982e-01
-8.787489123264911051e-01
-9.683802871777685839e-01
-1.056087812794486158e+00
-1.143036619418744015e+00
-1.230328363728998342e+00
-1.319014619384259790e+00
-1.410110018630676754e+00
-1.504605076462324442e+00
-1.603478667445747075e+00
-1.707710150387392378e+00
-1.818291149159450004e+00
-1.936237000128873342e+00
-2.062597867980123123e+00
-2.198469511771054652e+00
-2.345003650490410152e+00
-2.503417829968400454e+00
-2.675004627450114025e+00
-2.861139941965992861e+00
-3.063290001861898038e+00
-3.283016567816130937e+00
-3.521979610751130529e+00
-3.781936487458843477e+00
-4.064736308488342331e+00
-4.372307776878240126e+00
-4.706638255421164985e+00
-5.069741177616153394e+00
-5.463608140469478514e+00
-5.890141102791049299e+00
-6.351059077099741046e+00
-6.847772598207818362e+00
-7.381218186866093767e+00
-7.951644204245877923e+00
-8.558339251351847921e+00
-9.199295138587249454e+00
-9.870799219144878123e+00
-1.056695662715850048e+01
-1.127915305597850626e+01
-1.199548467465145940e+01
-1.270020492061969186e+01
-1.337326858935781182e+01
-1.399009007459602927e+01
-1.452166916643154160e+01
-1.493526325022735790e+01
-1.519578135661885732e+01
-1.526802096248854923e+01
-1.511974259372396290e+01
-1.472537517243292093e+01
-1.406989355529190888e+01
-1.315217887292703303e+01
-1.198706690401722952e+01
-1.060541004011793476e+01
-9.051857516021623695e+00
-7.380612135797430362e+00
-5.649957157894778703e+00
-3.916649553269429429e+00
-2.231226540200821340e+00
-6.349149022246536322e-01
8.416605298693236037e-01
2.178206148106422546e+00
3.363415094466568611e+00
4.393090611175743732e+00
5.268190646983866188e+00
5.993096841758030813e+00
6.574261025687631488e+00
7.019265715509487968e+00
7.336260040762647705e+00
7.533693437252357405e+00
7.620256021793838208e+00
7.604937242276889720e+00
7.497126253085029113e+00
7.306694145564107679e+00
7.044017034082149742e+00
6.719918251416895139e+00
6.345525969762924490e+00
5.932057905335431869e+00
5.490556023967652521e+00
5.031600432095640230e+00
4.565032709033237879e+00
4.099715406372720139e+00
3.643347571796152984e+00
3.202347577906150100e+00
2.781805880821393018e+00
2.385502908462630245e+00
2.015981891461029907e+00
1.674663373430848701e+00
1.361987204458252609e+00
1.077568582908790429e+00
8.203566012118694850e-01
5.887862233630555275e-01
3.809172270559251783e-01
1.945560661954383597e-01
2.735866521991520139e-02
-1.230862322875223014e-01
-2.591923726978256903e-01
-3.833284051992028041e-01
-4.977854092204868630e-01
-6.047573677333538678e-01
-7.063324235623781311e-01
-8.044928862340352538e-01
-9.011221628882409851e-01
-9.980170308225132514e-01
-1.096903923899785749e+00
-1.199458151158834474e+00
-1.307325190733063858e+00
-1.422143397440225332e+00
-1.545567623055102979e+00
-1.679293370958441445e+00
-1.825081188784576147e+00
-1.984781040616025782e+00
-2.160356389484040740e+00
-2.353907654246545800e+00
-2.567694571568152284e+00
-2.804156778141448925e+00
-3.065931608619119064e+00
-3.355867651238732652e+00
-3.677031976451353490e+00
-4.032708103407407485e+00
-4.426380632108545932e+00
-4.861700971111345915e+00
-5.342426650302557256e+00
-5.872324247509278727e+00
-6.455022925009494372e+00
-7.093801985040184555e+00
-7.791291873920645372e+00
-8.549064121406201977e+00
-9.367082681847357151e+00
-1.024298866320244805e+01
-1.117119518561087155e+01
-1.214178324806816889e+01
-1.313921880315354329e+01
-1.414096287201193292e+01
-1.511612734124778612e+01
-1.602444181502992748e+01
-1.681593297705152423e+01
-1.743184688103848146e+01
-1.780740324248505146e+01
-1.787686139266720176e+01
-1.758099139820375711e+01
-1.687632720920737128e+01
-1.574463595634536084e+01
-1.420021346935603290e+01
-1.229244170790926383e+01
-1.010195426848413192e+01
-7.730677469925289813e+00
-5.288168713509401542e+00
-2.877939931257541328e+00
-5.871432111767740381e-01
1.518624733080870648e+00
3.395592409332676365e+00
5.018691038852693964e+00
6.376955680136850546e+00
7.469014735214690504e+00
8.299582611950253153e+00
8.877260459866914033e+00
9.213528128611331525e+00
9.322585771773940877e+00
9.221628739796313923e+00
8.931164593388796646e+00
8.475070223311822915e+00
7.880214262103261369e+00
7.175610768596385469e+00
6.391197822052967936e+00
5.556423737740780133e+00
4.698857773260335158e+00
3.843020484515431878e+00
3.009565942585290976e+00
2.214867683494431194e+00
1.470986214056634100e+00
7.859440749919411884e-01
1.642102173245542085e-01
-3.927046967122392873e-01
-8.856246681486240613e-01
-1.317116084653218833e+00
-1.690963261791367245e+00
-2.011728842847633203e+00
-2.284402004466641323e+00
-2.514128532741064070e+00
-2.706012182889945272e+00
-2.864975089321405655e+00
-2.995665230307365423e+00
-3.102400202983699895e+00
-3.189138232194572709e+00
-3.259469053826885787e+00
-3.316618882910135735e+00
-3.363465014820218535e+00
-3.402556697737095348e+00
-3.436139774854600315e+00
-3.466183259590289278e+00
-3.494406513283025983e+00
-3.522306076828849442e+00
-3.551181494263071503e+00
-3.582159680470801799e+00
-3.616217544690806918e+00
-3.654202699544322197e+00
-3.696852171801247255e+00
-3.744809093246118437e+00
-3.798637393205518631e+00
-3.858834542595038553e+00
-3.925842415839345456e+00
-4.000056344148342546e+00
-4.081832433355615741e+00
-4.171493213461945793e+00
-4.269331676548216770e+00
-4.375613746036560059e+00
-4.490579204478704511e+00
-4.614441090190278594e+00
-4.747383556186922426e+00
-4.889558169151818845e+00
-5.041078612849940299e+00
-5.202013750994577634e+00
-5.372379000837759655e+00
-5.552125972823632516e+00
-5.741130346041088295e+00
-5.939177976904674416e+00
-6.145949282867461783e+00
-6.361002007756318299e+00
-6.583752564408618113e+00
-6.813456267414633949e+00
-7.049186917004116815e+00
-7.289816376145364707e+00
-7.533994996056620153e+00
-7.780133986231034804e+00
-8.026391084284190569e+00
-8.270661142246495956e+00
-8.510573484901378549e+00
-8.743498078715177257e+00
-8.966562633830067242e+00
-9.176682695848519700e+00
-9.370606514399922204e+00
-9.544975950683454613e+00
-9.696403868644942747e+00
-9.821567332698389663e+00
-9.917314537684475795e+00
-9.980781805403385221e+00
-1.000951533733254273e+01
-1.000159091200037942e+01
-9.955723593977111818e+00
-9.871359022161101393e+00
-9.748738171786687445e+00
-9.588928751722830768e+00
-9.393818587207965365e+00
-9.166069272592494599e+00
-8.909031735377421768e+00
-8.626628704982284290e+00
-8.323211971410994892e+00
-8.003404353041609909e+00
-7.671937208893487181e+00
-7.333494054182589927e+00
-6.992569485661530138e+00
-6.653350467759064024e+00
-6.319624434485671571e+00
-5.994716001966949648e+00
-5.681451685790889883e+00
-5.382150102536263248e+00
-5.098633819173721271e+00
-4.832258306360157185e+00
-4.583953281635524846e+00
-4.354271978538206689e+00
-4.143444413068626098e+00
-3.951431411687311712e+00
-3.777976908385618060e+00
-3.622656733394011397e+00
-3.484922751908192229e+00
-3.364141741218286796e+00
-3.259628810915355057e+00
-3.170675478358458754e+00
-3.096572722906633768e+00
-3.036629473735218188e+00
-2.990187054266366218e+00
-2.956630127149440401e+00
-2.935394671050514326e+00
-2.925973485509517413e+00
-2.927919671599026330e+00
-2.940848480636806261e+00
-2.964437865431002184e+00
-2.998428011595718701e+00
-3.042620072287713473e+00
-3.096874279302511912e+00
-3.161107557197315732e+00
-3.235290724893076675e+00
-3.319445330665681926e+00
-3.413640131002884548e+00
-3.517987190826767030e+00
-3.632637551390196506e+00
-3.757776382113978908e+00
-3.893617503195647256e+00
-4.040397136585877291e+00
-4.198366713696225716e+00
-4.367784539045787007e+00
-4.548906080423352094e+00
-4.741972628972845882e+00
-4.947198048482040811e+00
-5.164753314472517509e+00
-5.394748533898754417e+00
-5.637212140097771496e+00
-5.892066981357991118e+00
-6.159103073132969897e+00
-6.437946873465202557e+00
-6.728027080462769760e+00
-7.028537153134647220e+00
-7.338395036816077521e+00
-7.656200945448203399e+00
-7.980194525750509804e+00
-8.308213306883260429e+00
-8.637655016056969615e+00
-8.965447090411505116e+00
-9.288027488003342214e+00
-9.601341613267685204e+00
-9.900860704560482617e+00
-1.018162722462482783e+01
-1.043833245957840639e+01
-1.066543046805928974e+01
-1.085729055431949241e+01
-1.100838746912861943e+01
-1.111352461251165202e+01
-1.116808086754957152e+01
-1.116826682350979461e+01
-1.111137177592256364e+01
-1.099597990810280024e+01
-1.082213335371785590e+01
-1.059142208673440955e+01
-1.030698600533587239e+01
-9.973422768760441315e+00
-9.596604854960084197e+00
-9.183419379641971858e+00
-8.741452731534593568e+00
-8.278647556779088035e+00
-7.802961201857701923e+00
-7.322052346335555129e+00
-6.843016950867259141e+00
-6.372187078357154810e+00
-5.914998067180971653e+00
-5.475922233882096535e+00
-5.058461647891272506e+00
-4.665188954011868283e+00
-4.297823681164375742e+00
-3.957331621923635190e+00
-3.644036199580331647e+00
-3.357732745351470705e+00
-3.097798850773867407e+00
-2.863296120139925183e+00
-2.653060528990824896e+00
-2.465780105787745757e+00
-2.300059780121033626e+00
-2.154474015452770175e+00
-2.027608325119721666e+00
-1.918091022310945526e+00
-1.824616639972686416e+00
-1.745962428369036701e+00
-1.680999238908686744e+00
-1.628697964846131496e+00
-1.588132555337069540e+00
-1.558480464313343861e+00
-1.539021249221340648e+00
-1.529133902125489275e+00
-1.528293379376012284e+00
-1.536066696415928190e+00
-1.552108870589109735e+00
-1.576158925564718816e+00
-1.608036114432214614e+00
-1.647636472760289017e+00
-1.694929776093564655e+00
-1.749956946726920703e+00
-1.812827930523331244e+00
-1.883720044535178051e+00
-1.962876778873199335e+00
-2.050607020350728948e+00
-2.147284649668928402e+00
-2.253348447063646454e+00
-2.369302222123580215e+00
-2.495715060540413699e+00
-2.633221552345566874e+00
-2.782521831009369340e+00
-2.944381208663920280e+00
-3.119629137404863695e+00
-3.309157157553650919e+00
-3.513915408025314324e+00
-3.734907168379640208e+00
-3.973180773430637469e+00
-4.229818086268219091e+00
-4.505918531609737876e+00
-4.802577477292929053e+00
-5.120857508727660878e+00
-5.461750874841254877e+00
-5.826131107017759270e+00
-6.214691547862030596e+00
-6.627868312959486197e+00
-7.065745106648939178e+00
-7.527937412134290796e+00
-8.013454004639260830e+00
-8.520534666174317096e+00
-9.046464631971565140e+00
-9.587368932719911641e+00
-1.013799368994109429e+01
-1.069148681081757069e+01
-1.123919751060765648e+01
-1.177052246740976216e+01
-1.227283547984557899e+01
-1.273154579635750849e+01
-1.313033540500414986e+01
-1.345162412967830434e+01
-1.367729937618708824e+01
-1.378972117167539047e+01
-1.377297114478488282e+01
-1.361425891270403454e+01
-1.330533969395663796e+01
-1.284374799248969801e+01
-1.223363276965588753e+01
-1.148600601844767333e+01
-1.061829474128631645e+01
-9.653204542564607138e+00
-8.617032806578531989e+00
-7.537673725672512148e+00
-6.442605301640604409e+00
-5.357127991925113797e+00
-4.303047475939706601e+00
-3.297888504146822441e+00
-2.354625111047455643e+00
-1.481838288508778856e+00
-6.841749470016502688e-01
3.702178955931823001e-02
6.830219274757787229e-01
1.257038925525740147e+00
1.763631683961919272e+00
2.208202976480578617e+00
2.596600196256511506e+00
2.934812298345790715e+00
3.228750464071023618e+00
3.484097660372383665e+00
3.706212429194406521e+00
3.900073765763588440e+00
4.070256038197983983e+00
4.220925076703092138e+00
4.355848554578277465e+00
4.478415479393109244e+00
4.591660984099738663e+00
4.698293675459747298e+00
4.800723603307346821e+00
4.901089507000510714e+00
5.001284420681380460e+00
5.102979016335094542e+00
5.207642265622903111e+00
5.316559133794102721e+00
5.430845101552138843e+00
5.551457358831595634e+00
5.679202539833468677e+00
5.814740880761957165e+00
5.958586688410617782e+00
6.111105016238918886e+00
6.272504461961331934e+00
6.442826034458167150e+00
6.621928096327186708e+00
6.809467480936399753e+00
7.004877019695027407e+00
7.207339907333835782e+00
7.415761591005299636e+00
7.628740202119020708e+00
7.844536963376731897e+00
8.061048495921237844e+00
8.275783510296442103e+00
8.485846961465089322e+00
8.687935332491495188e+00
8.878347207466369184e+00
9.053013596630506754e+00
9.207552452833752454e+00
9.337351317167742693e+00
9.437680901555431490e+00
9.503840536461888533e+00
9.531333734070679853e+00
9.516068712969182997e+00
9.454574836164713503e+00
9.344221956527093198e+00
9.183426245672631438e+00
8.971823916512670749e+00
8.710394032180980517e+00
8.401513833719082669e+00
8.048934860642548372e+00
7.657675235523573321e+00
7.233831975594187114e+00
6.784325824931348059e+00
6.316598465654986505e+00
5.838286830455620802e+00
5.356900828774431744e+00
4.879528981012513533e+00
4.412591738860281332e+00
3.961655647435949668e+00
3.531314185423299001e+00
3.125134246892677936e+00
2.745661664854684769e+00
2.394475393724400991e+00
2.072278051549304223e+00
1.779010257777450033e+00
1.513977194244512825e+00
1.275977612042500597e+00
1.063427682615685654e+00
8.744743106738950278e-01
7.070945569096753758e-01
5.591795271992867633e-01
4.286024197667287483e-01
3.132713875990715824e-01
2.111685099817277589e-01
1.203765310967749302e-01
3.909517619929998855e-02
-3.435114568193230189e-02
-1.015125497371455326e-01
-1.638182618757477449e-01
-2.225852557177281921e-01
-2.790298272846499783e-01
-3.342812053448587783e-01
-3.893964916647069119e-01
-4.453764015305058388e-01
-5.031814281893214336e-01
-5.637481848080512226e-01
-6.280057850562816846e-01
-6.968922101646325418e-01
-7.713706783302063386e-01
-8.524460836672378417e-01
-9.411816082895709812e-01
-1.038715633813086736e+00
-1.146279088105935706e+00
-1.265213359069472521e+00
-1.396988887947916202e+00
-1.543224516910506772e+00
-1.705707604130990651e+00
-1.886414826314283255e+00
-2.087533452013967228e+00
-2.311482672818103268e+00
-2.560934300934703867e+00
-2.838831749971902241e+00
-3.148405669129943796e+00
-3.493183844300612684e+00
-3.876991940632746214e+00
-4.303940248364003907e+00
-4.778389694796961074e+00
-5.304887869892544572e+00
-5.888062543803540549e+00
-6.532456014403466682e+00
-7.242278568989472198e+00
-8.021053511624989696e+00
-8.871120085558651169e+00
-9.792955341071738928e+00
-1.078427377159720812e+01
-1.183886823978898661e+01
-1.294517355592087071e+01
-1.408457410422970213e+01
-1.522955069655021454e+01
-1.634188103851605334e+01
-1.737127820967423730e+01
-1.825505896477867296e+01
-1.891962727403024758e+01
-1.928462996370469185e+01
-1.927042363414887305e+01
-1.880880928537508012e+01
-1.785578974019356124e+01
-1.640364501481461446e+01
-1.448858718386971489e+01
-1.219055274631133479e+01
-9.623807809196620155e+00
-6.920362631367650508e+00
-4.211013159533047556e+00
-1.609464189135527246e+00
7.968619707766824156e-01
2.948760809548215622e+00
4.811806386168154148e+00
6.370357684436161350e+00
7.621444854099315158e+00
8.569985770369182632e+00
9.225823666253242905e+00
9.602420154754508275e+00
9.716702401988305482e+00
9.589463827593348810e+00
9.245768422876906811e+00
8.714951201986506746e+00
8.030001127029578356e+00
7.226319643805140913e+00
6.340025590733086247e+00
5.406087700920172878e+00
4.456589197477809350e+00
3.519371816493374716e+00
2.617199130003835528e+00
1.767461103753268148e+00
9.823469371802430183e-01
2.693587142916720190e-01
-3.679754242151083155e-01
-9.293138221794431386e-01
-1.416733265934318808e+00
-1.834039382169509569e+00
-2.186184466318327857e+00
-2.478799683435084056e+00
-2.717834705431469988e+00
-2.909290673871959054e+00
-3.059029925917457149e+00
-3.172646361065235343e+00
-3.255382251470765098e+00
-3.312079764703169449e+00
-3.347157917811705019e+00
-3.364607837656667044e+00
-3.368000965519048151e+00
-3.360506216621422571e+00
-3.344913138808666808e+00
-3.323658877024477931e+00
-3.298857307564117214e+00
-3.272329114688878438e+00
-3.245631885923160986e+00
-3.220089533242104451e+00
-3.196820527512438392e+00
-3.176764577552413815e+00
-3.160707502262217528e+00
-3.149304140149002951e+00
-3.143099218770130765e+00
-3.142546169463599437e+00
-3.148023921933100322e+00
-3.159851750255866953e+00
-3.178302268048699197e+00
-3.203612687207388010e+00
-3.235994463157978895e+00
-3.275641451210529631e+00
-3.322736694591684081e+00
-3.377457956146534990e+00
-3.439982093501989358e+00
-3.510488362488113800e+00
-3.589160716495254810e+00
-3.676189150743610856e+00
-3.771770120588652908e+00
-3.876106042326230128e+00
-3.989403863788069327e+00
-4.111872670612787495e+00
-4.243720272751621891e+00
-4.385148694920776968e+00
-4.536348474884418280e+00
-4.697491655404640198e+00
-4.868723340479415462e+00
-5.050151675548242736e+00
-5.241836106603080303e+00
-5.443773777112153489e+00
-5.655883937543574547e+00
-5.877990274020805650e+00
-6.109801115000757399e+00
-6.350887553325341273e+00
-6.600659631609350875e+00
-6.858340887934927466e+00
-7.122941752021527684e+00
-7.393232523787472310e+00
-7.667716958006968397e+00
-7.944607817309067066e+00
-8.221806130611163610e+00
-8.496886284880476481e+00
-8.767089451846270975e+00
-9.029328159989864488e+00
-9.280205002045313734e+00
-9.516048441395792423e+00
-9.732968360494576032e+00
-9.926933296008700225e+00
-1.009387016226686384e+01
-1.022978565017853469e+01
-1.033090644081073428e+01
-1.039383301570355833e+01
-1.041569940390996685e+01
-1.039432899757253459e+01
-1.032837497706122321e+01
-1.021743330295061192e+01
-1.006211697007111461e+01
-9.864082429433020494e+00
-9.626002681575419828e+00
-9.351486177983282744e+00
-9.044945749103021626e+00
-8.711426583582712269e+00
-8.356406094204604784e+00
-7.985580760317852800e+00
-7.604655450964282082e+00
-7.219149353173731853e+00
-6.834229801878230148e+00
-6.454581580197359614e+00
-6.084315250933475028e+00
-5.726914354428048526e+00
-5.385218277704528766e+00
-5.061435487730672200e+00
-4.757180666933749968e+00
-4.473528988867653489e+00
-4.211081137339017566e+00
-3.970033483323446521e+00
-3.750248881813858404e+00
-3.551324663781168844e+00
-3.372655453189504549e+00
-3.213489359395893974e+00
-3.072976845108026822e+00
-2.950212142831962314e+00
-2.844267501178663338e+00
-2.754220809868411557e+00
-2.679177306182177087e+00
-2.618286133069783972e+00
-2.570752524425884200e+00
-2.535846356478986596e+00
-2.512907741841241549e+00
-2.501350266590496307e+00
-2.500662389420697629e+00
-2.510407441226461422e+00
-2.530222587138428736e+00
-2.559817043034346984e+00
-2.598969775793483539e+00
-2.647526861118627117e+00
-2.705398624173541489e+00
-2.772556645808457176e+00
-2.849030679821452861e+00
-2.934905493497924844e+00
-3.030317613532914400e+00
-3.135451931340043963e+00
-3.250538094707569492e+00
-3.375846585862233962e+00
-3.511684358420897212e+00
-3.658389876733097790e+00
-3.816327370174788847e+00
-3.985880081670980513e+00
-4.167442253998546065e+00
-4.361409559527227309e+00
-4.568167639796435253e+00
-4.788078382226954588e+00
-5.021463524840948267e+00
-5.268585149933703526e+00
-5.529622609733847227e+00
-5.804645428893782544e+00
-6.093581760500729416e+00
-6.396182047629616285e+00
-6.711977678143430381e+00
-7.040234636821939063e+00
-7.379902479249971670e+00
-7.729559401034518551e+00
-8.087354777408551243e+00
-8.450951319763811753e+00
-8.817469941786974630e+00
-9.183441530465511704e+00
-9.544771022786582293e+00
-9.896720394569889834e+00
-1.023391820799744423e+01
-1.055040400281542112e+01
-1.083971574988975739e+01
-1.109502746908258786e+01
-1.130934161038115349e+01
-1.147573666741772591e+01
-1.158766470554900607e+01
-1.163928634665243855e+01
-1.162582299589554147e+01
-1.154389890832725918e+01
-1.139184059746695432e+01
-1.116989966577907900e+01
-1.088036861481251982e+01
-1.052756798742231759e+01
-1.011769657387447729e+01
-9.658552443606950533e+00
-9.159148437024997591e+00
-8.629258451636935945e+00
-8.078937967785822849e+00
-7.518062626179329300e+00
-6.955922672169348786e+00
-6.400900430453199341e+00
-5.860245131020016984e+00
-5.339946874241165986e+00
-4.844701245620234964e+00
-4.377949143438524260e+00
-3.941972958908418700e+00
-3.538029872561351930e+00
-3.166504861293379491e+00
-2.827069125298587338e+00
-2.518833237920031554e+00
-2.240487804737250954e+00
-1.990427433260134160e+00
-1.766856200871773197e+00
-1.567874547172229072e+00
-1.391548674247238271e+00
-1.235964221558054632e+00
-1.099266307059018288e+00
-9.796880992779014585e-01
-8.755699947815944739e-01
-7.853712896802342858e-01
-7.076760016553629296e-01
-6.411942536913255442e-01
-5.847603932430370799e-01
-5.373288030272567184e-01
-4.979681678082154006e-01
-4.658547972197102927e-01
-4.402654670765074330e-01
-4.205701286262362726e-01
-4.062247439592197584e-01
-3.967644333090139530e-01
-3.917970633058407426e-01
-3.909973616913610117e-01
-3.941016111802276845e-01
-4.009029510039260336e-01
-4.112472974614254095e-01
-4.250298830848433518e-01
-4.421924066271743503e-01
-4.627207820330970223e-01
-4.866434730973539513e-01
-5.140304010333156537e-01
-5.449924141868718319e-01
-5.796813122527355588e-01
-6.182904212803596034e-01
-6.610557202481375239e-01
-7.082575248306944848e-01
-7.602227389981843775e-01
-8.173276900805931389e-01
-8.800015676978129031e-01
-9.487304912463117024e-01
-1.024062234118781944e+00
-1.106611635078804001e+00
-1.197066727622019711e+00
-1.296195615911557519e+00
-1.404854119855043715e+00
-1.523994200556580303e+00
-1.654673158626741802e+00
-1.798063568808851542e+00
-1.955463871207336224e+00
-2.128309476856025562e+00
-2.318184156430091569e+00
-2.526831356218744329e+00
-2.756164912627463437e+00
-3.008278399147034321e+00
-3.285452016677824716e+00
-3.590155502081670669e+00
-3.925044946514098854e+00
-4.292950642297809871e+00
-4.696852064946377858e+00
-5.139834789768751300e+00
-5.625022484283641155e+00
-6.155475063765947219e+00
-6.734041636412153586e+00
-7.363154058026511350e+00
-8.044543961954643052e+00
-8.778863464510523684e+00
-9.565188192463539352e+00
-1.040038224832741420e+01
-1.127831045887449513e+01
-1.218889702187719948e+01
-1.311705583771251860e+01
-1.404156139908092804e+01
-1.493399437544754882e+01
-1.575798344535269457e+01
-1.646906596822945090e+01
-1.701558009534543814e+01
-1.734103265443168240e+01
-1.738829136249512786e+01
-1.710565345220174649e+01
-1.645431347883396000e+01
-1.541606646283105775e+01
-1.399947302832694085e+01
-1.224253964777345516e+01
-1.021053797274026920e+01
-7.988898073489451690e+00
-5.672695045113687939e+00
-3.355357857758554996e+00
-1.119300498572268321e+00
9.697727530862221279e-01
2.864539209758850014e+00
4.534531325218304154e+00
5.962793917699968915e+00
7.142067818284467684e+00
8.071458880059809715e+00
8.754086527082499458e+00
9.195818886321477592e+00
9.404942171558001718e+00
9.392468994723385478e+00
9.172735300953174686e+00
8.763946116288140686e+00
8.188392936102598441e+00
7.472169527069895345e+00
6.644341900760853292e+00
5.735657662197393591e+00
4.776981344887262004e+00
3.797692780384904321e+00
2.824276712903156294e+00
1.879273284192664040e+00
9.806734473279337116e-01
1.417571971224571570e-01
-6.286937233212648302e-01
-1.325913615017219715e+00
-1.948514075605171758e+00
-2.497788708225789467e+00
-2.977037182135152449e+00
-3.390957803715111574e+00
-3.745133995243107972e+00
-4.045621954997609571e+00
-4.298634741925049241e+00
-4.510311271584198423e+00
-4.686555900478038161e+00
-4.832934072074504428e+00
-4.954610789152267714e+00
-5.056320656894350840e+00
-5.142360385644572318e+00
-5.216596650639554689e+00
-5.282483934256930524e+00
-5.343088380058498288e+00
-5.401114779795809007e+00
-5.458934635003971358e+00
-5.518613833813494907e+00
-5.581938910378567265e+00
-5.650441152260769151e+00
-5.725418026016848572e+00
-5.807951531347266716e+00
-5.898923191103881969e+00
-5.999025454613482466e+00
-6.108769347658014937e+00
-6.228488253960271059e+00
-6.358337768487364983e+00
-6.498291629883516940e+00
-6.648133825259916918e+00
-6.807447072867897297e+00
-6.975598034395695812e+00
-7.151719795983717098e+00
-7.334692391687330115e+00
-7.523122428795866234e+00
-7.715323210703830092e+00
-7.909297132868173819e+00
-8.102722534180829328e+00
-8.292947590538869207e+00
-8.476994194552137429e+00
-8.651575012686093302e+00
-8.813126968952204265e+00
-8.957864179547838646e+00
-9.081852758634234135e+00
-9.181108846448958971e+00
-9.251719625920737045e+00
-9.289985002887988230e+00
-9.292575126913858341e+00
-9.256696233411688013e+00
-9.180254716385199742e+00
-9.062007309642623909e+00
-8.901684215197654737e+00
-8.700072374485197102e+00
-8.459048082528523693e+00
-8.181551799932616831e+00
-7.871503018152788300e+00
-7.533658777104099258e+00
-7.173425107675749146e+00
-6.796635406940540136e+00
-6.409312813082383542e+00
-6.017434586475293834e+00
-5.626715265990604564e+00
-5.242422281396161843e+00
-4.869233376638211652e+00
-4.511140381223017748e+00
-4.171399273921092998e+00
-3.852522670744138455e+00
-3.556308164199123656e+00
-3.283894434230904658e+00
-3.035836641401925995e+00
-2.812193073996122283e+00
-2.612616074483077089e+00
-2.436441644473534396e+00
-2.282773592001356544e+00
-2.150559473033020641e+00
-2.038656785671141058e+00
-1.945888849875772042e+00
-1.871090537879134930e+00
-1.813144528099113195e+00
-1.771009070642594274e+00
-1.743738413756211081e+00
-1.730497085914336264e+00
-1.730569191803421392e+00
-1.743363790778713396e+00
-1.768417305824380170e+00
-1.805393776255952876e+00
-1.854083629941777556e+00
-1.914401518124990709e+00
-1.986383632175468206e+00
-2.070184808490096007e+00
-2.166075625160684748e+00
-2.274439600485672397e+00
-2.395770516506141590e+00
-2.530669807389910986e+00
-2.679843869021993896e+00
-2.844101058486996347e+00
-3.024348055745972097e+00
-3.221585149826947436e+00
-3.436899883036098835e+00
-3.671458333575415622e+00
-3.926493134022798426e+00
-4.203287105280471003e+00
-4.503151128870942266e+00
-4.827394583289058794e+00
-5.177286335300805398e+00
-5.554003914757475791e+00
-5.958568133509095865e+00
-6.391760074998907193e+00
-6.854017146720199349e+00
-7.345304854836580688e+00
-7.864961279082025136e+00
-8.411512106959236235e+00
-8.982455808130563213e+00
-9.574021437906260701e+00
-1.018090604029198509e+01
-1.079600504333301636e+01
-1.141015762726175886e+01
-1.201193967860728762e+01
-1.258754886189460898e+01
-1.312083778888362851e+01
-1.359355915853652874e+01
-1.398588655293671934e+01
-1.427726075168847686e+01
-1.444757868501623399e+01
-1.447868785895031429e+01
-1.435607650465264662e+01
-1.407057086431564485e+01
-1.361978730811537375e+01
-1.300906503855120100e+01
-1.225164740630222759e+01
-1.136799212880091581e+01
-1.038425316535612808e+01
-9.330145974724933566e+00
-8.236530858677413747e+00
-7.133087242487452961e+00
-6.046397423378537361e+00
-4.998637153947862899e+00
-4.006927180274834299e+00
-3.083277526514829781e+00
-2.234980513315849127e+00
-1.465283382904140730e+00
-7.741855309681946462e-01
-1.592411833195894744e-01
3.837099472176912496e-01
8.599243587142857415e-01
1.275261325967529169e+00
1.635808937252886786e+00
1.947614584412236338e+00
2.216501196923810646e+00
2.447950519889074972e+00
2.647036718285360468e+00
2.818396373792701581e+00
2.966223821872360222e+00
3.094283388493757059e+00
3.205932277934659513e+00
3.304149610896134348e+00
3.391568454861907167e+00
3.470508690814571029e+00
3.543009291030868368e+00
3.610859104508094664e+00
3.675625612225665417e+00
3.738681365711552740e+00
3.801227991272960960e+00
3.864317752637123071e+00
3.928872734071647166e+00
3.995701746860611081e+00
4.065515083219692016e+00
4.138937249621871040e+00
4.216517810478193518e+00
4.298740466259181048e+00
4.386030479620226075e+00
4.478760550459999656e+00
4.577255227230668133e+00
4.681793928112667480e+00
4.792612632587722743e+00
4.909904292147883709e+00
5.033817999006680921e+00
5.164456944409643313e+00
5.301875194224501264e+00
5.446073309773593607e+00
5.596992847311144104e+00
5.754509781221598175e+00
5.918426915096162588e+00
6.088465372567747558e+00
6.264255297372418596e+00
6.445325940656713826e+00
6.631095373876677357e+00
6.820860138035712339e+00
7.013785223986504391e+00
7.208894872427665135e+00
7.405064782855177441e+00
7.601016422895060742e+00
7.795314225580805889e+00
7.986366542005102431e+00
8.172431267382659570e+00
8.351627064448541304e+00
8.521951052145787742e+00
8.681303692340810230e+00
8.827521377409668801e+00
8.958416886400614843e+00
9.071827434918562361e+00
9.165669503768166138e+00
9.237999018874733181e+00
9.287074812357770881e+00
9.311422680849597455e+00
9.309896844339100141e+00
9.281735274952023218e+00
9.226605283369110566e+00
9.144635976624607920e+00
9.036434759864460986e+00
8.903085930604323295e+00
8.746130546220447499e+00
8.567528031059888249e+00
8.369601295804296015e+00
8.154968324423009562e+00
7.926464110227284365e+00
7.687057391827717190e+00
7.439766800235710242e+00
7.187580783109680738e+00
6.933385076050419649e+00
6.679900637984380829e+00
6.429633973382164136e+00
6.184840745550879149e+00
5.947502644768016822e+00
5.719316688394227022e+00
5.501695541587808158e+00
5.295777070458483671e+00
5.102441162645383166e+00
4.922331843813152474e+00
4.755882843176650887e+00
4.603344975105397197e+00
4.464813968183985793e+00
4.340257655093170186e+00
4.229541711361758161e+00
4.132453381330805975e+00
4.048722845511669277e+00
3.978042060573425687e+00
3.920081041352519335e+00
3.874501656268896976e+00
3.840969077738173976e+00
3.819161072703990634e+00
3.808775340474283677e+00
3.809535110480953612e+00
3.821193205663028003e+00
3.843534761477937600e+00
3.876378768956987297e+00
3.919578584970539570e+00
3.973021525619208738e+00
4.036627630609213035e+00
4.110347658416831251e+00
4.194160344533586660e+00
4.288068928452474893e+00
4.392096929537748551e+00
4.506283127714022285e+00
4.630675682246993219e+00
4.765325301112750545e+00
4.910277355085682416e+00
5.065562815500953775e+00
5.231187883784492065e+00
5.407122175839204736e+00
5.593285327286526609e+00
5.789531899039351615e+00
5.995634490032192510e+00
6.211265009147100891e+00
6.435974126086127178e+00
6.669169016291279561e+00
6.910089643350517896e+00
7.157783988700535005e+00
7.411082846792513834e+00
7.668575055933852802e+00
7.928584328676405057e+00
8.189149173077392874e+00
8.448007741617095334e+00
8.702589781883373732e+00
8.950018153837518753e+00
9.187122570648531550e+00
9.410468249202052604e+00
9.616401949038674957e+00
9.801117360060946027e+00
9.960740906505888503e+00
1.009143773230040431e+01
1.018953593424548387e+01
1.025166509592710895e+01
1.027490301054278099e+01
1.025692241264158788e+01
1.019612788134866577e+01
1.009177217139759719e+01
9.944041378096706296e+00
9.754099743815073609e+00
9.524087584366753845e+00
9.257069551158236820e+00
8.956934829193107461e+00
8.628255321990577542e+00
8.276111756556055354e+00
7.905900391438483332e+00
7.523134255020307748e+00
7.133252469522097350e+00
6.741449392783774641e+00
6.352532419616265358e+00
5.970813835753386201e+00
5.600038630357579983e+00
5.243347083874154713e+00
4.903268549208819493e+00
4.581741266618172048e+00
4.280152283722340023e+00
3.999391475587776412e+00
3.739914103453550354e+00
3.501807127944264852e+00
3.284855433910435885e+00
3.088605094157115705e+00
2.912421703469240786e+00
2.755542595917378712e+00
2.617122392175118772e+00
2.496271807076592797e+00
2.392089993100788625e+00
2.303690922953522069e+00
2.230224446826171381e+00
2.170892719661083436e+00
2.124962700872341959e+00
2.091775400209146873e+00
2.070752492099011022e+00
2.061400856917574576e+00
2.063315538444944863e+00
2.076181537207638428e+00
2.099774792575223703e+00
2.133962644080958704e+00
2.178704005124610710e+00
2.234049429880496263e+00
2.300141206191071763e+00
2.377213562362724630e+00
2.465593032629864734e+00
2.565698982835083353e+00
2.678044252489269805e+00
2.803235819373723459e+00
2.941975335362021493e+00
3.095059313809643164e+00
3.263378665734866235e+00
3.447917179458936054e+00
3.649748410993428838e+00
3.870030294079648492e+00
4.109996582515774044e+00
4.370943995921718894e+00
4.654213646182998154e+00
4.961164969456160811e+00
5.293139974782343771e+00
5.651415147970436870e+00
6.037137831943319100e+00
6.451243373049191376e+00
6.894348834982442220e+00
7.366618736615069274e+00
7.867598223789932455e+00
8.396009572871008686e+00
8.949509279536725259e+00
9.524405657488619781e+00
1.011534141527380193e+01
1.071495271702250207e+01
1.131352633488319093e+01
1.189868995749652747e+01
1.245518716038476370e+01
1.296480639986660144e+01
1.340654925337018710e+01
1.375713123086762835e+01
1.399190073032735526e+01
1.408622888606552870e+01
1.401735784179691713e+01
1.376659692208209229e+01
1.332163749192214830e+01
1.267864645276807778e+01
1.184373702919305416e+01
1.083344574651837533e+01
9.673987474951163179e+00
8.399296844555740549e+00
7.048130524634995453e+00
5.660713469392268493e+00
4.275491144873022620e+00
2.926477161315661490e+00
1.641499020682863019e+00
4.414180539930183667e-01
-6.597934040470470052e-01
-1.654350308434439754e+00
-2.539593772892168921e+00
-3.316805450345603923e+00
-3.990069918047984832e+00
-4.565289108712434540e+00
-5.049394631331337813e+00
-5.449762363382541608e+00
-5.773808791888545677e+00
-6.028736808065596087e+00
-6.221395804317400469e+00
-6.358223295619992221e+00
-6.445240191210356073e+00
-6.488077548024398844e+00
-6.492018170314738157e+00
-6.462041314013241333e+00
-6.402862845991599272e+00
-6.318966491950099851e+00
-6.214624345964438135e+00
-6.093906694931889412e+00
-5.960682518090193227e+00
-5.818612836225047324e+00
-5.671139484133210118e+00
-5.521471939364062997e+00
-5.372574636764250400e+00
-5.227156808312884095e+00
-5.087666384784845341e+00
-4.956288947016056490e+00
-4.834952176792268297e+00
-4.725335774358196517e+00
-4.628886410486062530e+00
-4.546836980948723017e+00
-4.480229232494903790e+00
-4.429938724380790838e+00
-4.396701063532977294e+00
-4.381138385878241337e+00
-4.383785131280498959e+00
-4.405112255550429623e+00
-4.445549122864054681e+00
-4.505502411192805035e+00
-4.585371430668675252e+00
-4.685559291897515521e+00
-4.806479362633941044e+00
-4.948556414062332820e+00
-5.112221781758836237e+00
-5.297901753378750911e+00
-5.505998250427073692e+00
-5.736860704387823695e+00
-5.990747852936415541e+00
-6.267778022870485799e+00
-6.567866356840239561e+00
-6.890647430063050471e+00
-7.235381859566786922e+00
-7.600845924530547748e+00
-7.985204011155213166e+00
-8.385865014518724792e+00
-8.799325836729099848e+00
-9.221007977342136286e+00
-9.645097039703665942e+00
-1.006439979115003425e+01
-1.047023902982139809e+01
-1.085241241425230641e+01
-1.119924663099089202e+01
-1.149778127398651151e+01
-1.173411549488839967e+01
-1.189394243178488786e+01
-1.196327943446865660e+01
-1.192937513562914376e+01
-1.178173879562470283e+01
-1.151319787362749203e+01
-1.112085507264320228e+01
-1.060679745437515820e+01
-9.978418487630193567e+00
-9.248255028152048141e+00
-8.433312034110452160e+00
-7.553934438429954490e+00
-6.632366477792879245e+00
-5.691191837394664610e+00
-4.751858991765051776e+00
-3.833464222646065789e+00
-2.951902155609474221e+00
-2.119419868097928816e+00
-1.344544868331818410e+00
-6.323121907885197457e-01
1.530456627385035073e-02
5.988525335182078857e-01
1.120828414638019410e+00
1.585134604126893443e+00
1.996598434760113117e+00
2.360571867574902782e+00
2.682615230593026201e+00
2.968259742298311465e+00
3.222838710801466888e+00
3.451375396475484081e+00
3.658515535312931277e+00
3.848493616090165936e+00
4.025123597257657337e+00
4.191806460356334085e+00
4.351548608354766756e+00
4.506986524171473718e+00
4.660414272058998719e+00
4.813811358252885420e+00
4.968869193381066474e+00
5.127014951446274615e+00
5.289432033384534826e+00
5.457076649227581733e+00
5.630690259683544419e+00
5.810807789229259335e+00
5.997761658505576854e+00
6.191681800640988165e+00
6.392491938161454890e+00
6.599902516182809542e+00
6.813400823337911305e+00
7.032238991831778918e+00
7.255420756887977163e+00
7.481688074819432543e+00
7.709508944419698473e+00
7.937068038445922014e+00
8.162262012855848070e+00
8.382701593956479513e+00
8.595722710153877344e+00
8.798408987890178778e+00
8.987627815002394271e+00
9.160081830474712916e+00
9.312377073882052159e+00
9.441108084120985566e+00
9.542958970050856138e+00
9.614817926902565759e+00
9.653900942775837990e+00
9.657878695512833289e+00
9.624999106817456962e+00
9.554196959168864467e+00
9.445181650315630506e+00
9.298494763053259504e+00
9.115530756842609605e+00
8.898516679570024124e+00
8.650450116032306624e+00
8.374998244575358797e+00
8.076364380384479347e+00
7.759131253076215096e+00
7.428092098529088361e+00
7.088081212451153412e+00
6.743814900377551602e+00
6.399751954418955613e+00
6.059980232213043827e+00
5.728133022036325350e+00
5.407336052614694744e+00
5.100183570613933348e+00
4.808740069031344433e+00
4.534563086162227030e+00
4.278741979976865117e+00
4.041947613552885343e+00
3.824488321268897373e+00
3.626368212855604511e+00
3.447344678478150737e+00
3.286982776232879822e+00
3.144704939454623371e+00
3.019835090971332736e+00
2.911636775658463794e+00
2.819345320216295470e+00
2.742194310596596463e+00
2.679436859837928786e+00
2.630362241440211246e+00
2.594308504654227132e+00
2.570671685060829770e+00
2.558912190746081450e+00
2.558558892532328155e+00
2.569211384667884346e+00
2.590540816289713444e+00
2.622289628065397782e+00
2.664270465342659655e+00
2.716364480342734034e+00
2.778519182015639633e+00
2.850745943087124701e+00
2.933117229110890012e+00
3.025763573252950422e+00
3.128870282179744056e+00
3.242673821806722589e+00
3.367457795786846120e+00
3.503548393493930657e+00
3.651309146986938092e+00
3.811134797254134288e+00
3.983444028366936784e+00
4.168670783754518716e+00
4.367253831808767472e+00
4.579624199232203985e+00
4.806190041596125617e+00
5.047318474326083049e+00
5.303313848214727066e+00
5.574391928130308038e+00
5.860649431089634653e+00
6.162028412882349038e+00
6.478275077521053582e+00
6.808892741926208636e+00
7.153088944945720229e+00
7.509717074483469368e+00
7.877213430720586551e+00
8.253531377238662259e+00
8.636075177759018118e+00
9.021637279643298868e+00
9.406344161517676383e+00
9.785617339753088118e+00
1.015415758972127591e+01
1.050596166241423113e+01
1.083438145236753414e+01
1.113223530152111707e+01
1.139197946079088020e+01
1.160594426148348823e+01
1.176663400910343427e+01
1.186708204990769921e+01
1.190124339663938535e+01
1.186439783898787681e+01
1.175352827728023541e+01
1.156763412616688314e+01
1.130793997475829293e+01
1.097796651933899525e+01
1.058344410521690016e+01
1.013206743721867298e+01
9.633110095094700398e+00
9.096935565384196565e+00
8.534453935683446346e+00
7.956577808652468775e+00
7.373726921027277115e+00
6.795419893301943404e+00
6.229976361711962340e+00
5.684336778060348649e+00
5.163993269596820035e+00
4.673014948497864474e+00
4.214145560820644398e+00
3.788949977331721009e+00
3.397987751865442441e+00
3.040995601839653784e+00
2.717065098417432267e+00
2.424806258394104130e+00
2.162491586787586684e+00
1.928178184090179936e+00
1.719807762217149039e+00
1.535285888593040493e+00
1.372542637625574491e+00
1.229577226182325900e+00
1.104489285462587622e+00
9.954992921209423473e-01
9.009604352753846079e-01
8.193638962281499794e-01
7.493392063383721435e-01
6.896510513587775781e-01
6.391936218998460761e-01
5.969833758336424712e-01
5.621508806570125749e-01
5.339322403575886833e-01
5.116604788301297724e-01
4.947571463663994473e-01
4.827243330755324746e-01
4.751372093987637490e-01
4.716371656652157407e-01
4.719255868583515090e-01
4.757582728518207071e-01
4.829404961868321577e-01
4.933226772506000279e-01
5.067966490588258210e-01
5.232924796142702784e-01
5.427758181124423542e-01
5.652457313931862348e-01
5.907329984487666996e-01
6.192988330743144365e-01
6.510340075637792712e-01
6.860583534663162730e-01
7.245206186357016076e-01
7.665986629798999807e-01
8.124999783285404842e-01
8.624625205788393201e-01
9.167558446558614627e-01
9.756825347273401228e-01
1.039579923428014308e+00
1.108822094430103711e+00
1.183822162362872188e+00
1.265034822602300935e+00
1.352959160520894599e+00
1.448141705016703584e+00
1.551179704026064421e+00
1.662724589620039772e+00
1.783485586357511865e+00
1.914233397764178113e+00
2.055803880784021320e+00
2.209101585122252853e+00
2.375102991456281565e+00
2.554859226919188320e+00
2.749497964853051535e+00
2.960224124707430793e+00
3.188318872512653446e+00
3.435136277236440439e+00
3.702096797535299189e+00
3.990676550538700074e+00
4.302391043100167956e+00
4.638771721276241600e+00
5.001333313298874650e+00
5.391529508079561772e+00
5.810694037965961734e+00
6.259963749327640770e+00
6.740179800094042051e+00
7.251762808085455703e+00
7.794557727261191893e+00
8.367644658669375346e+00
8.969113002694816927e+00
9.595798720878992327e+00
1.024298848443068266e+01
1.090410068288267098e+01
1.157036214628454296e+01
1.223051125644302317e+01
1.287057258909990765e+01
1.347376403174793325e+01
1.402061160932086104e+01
1.448935518445714798e+01
1.485672295033448442e+01
1.509912632210517458e+01
1.519427294651426763e+01
1.512311299146943178e+01
1.487193179850634905e+01
1.443430306328110824e+01
1.381255536194569444e+01
1.301841739021965516e+01
1.207261502122637964e+01
1.100338545765206533e+01
9.844101901127812582e+00
8.630394322317082256e+00
7.397243296130731061e+00
6.176487612464065080e+00
4.995045266071782564e+00
3.873959473214507288e+00
2.828209840107046347e+00
1.867115893478841215e+00
9.951170419861485872e-01
2.127262647857620648e-01
-4.824997007307423313e-01
-1.095075891746667640e+00
-1.630843209591535281e+00
-2.096377058151730921e+00
-2.498543119694880410e+00
-2.844180603724866252e+00
-3.139888901927049503e+00
-3.391893966566988272e+00
-3.605973571777708386e+00
-3.787424375341728933e+00
-3.941057474276705719e+00
-4.071212493495336204e+00
-4.181782997921172473e+00
-4.276248167098462005e+00
-4.357707285656877261e+00
-4.428914778153226983e+00
-4.492314348902229248e+00
-4.550071361303768214e+00
-4.604102976401848402e+00
-4.656105821161973246e+00
-4.707581113960022989e+00
-4.759857267778508039e+00
-4.814110041802330819e+00
-4.871380334265671408e+00
-4.932589713609855764e+00
-4.998553778016790794e+00
-5.069993419619926556e+00
-5.147544052049880747e+00
-5.231762840333557207e+00
-5.323133951830391730e+00
-5.422071826858266164e+00
-5.528922448863334616e+00
-5.643962577445971185e+00
-5.767396894536414464e+00
-5.899353006141922151e+00
-6.039874241455989612e+00
-6.188910200385953964e+00
-6.346305023004630286e+00
-6.511783394026356753e+00
-6.684934356746873974e+00
-6.865193099095069584e+00
-7.051820994892316286e+00
-7.243884341247643910e+00
-7.440232432399492168e+00
-7.639475853332194255e+00
-7.839966161659536859e+00
-8.039778446598594641e+00
-8.236698594636608917e+00
-8.428217427844858278e+00
-8.611534175515322076e+00
-8.783571942017804446e+00
-8.941007879350296506e+00
-9.080320587527923593e+00
-9.197856772469309661e+00
-9.289918321023172609e+00
-9.352869663561513391e+00
-9.383263589718337627e+00
-9.377981633364884217e+00
-9.334382903823486899e+00
-9.250453055875755837e+00
-9.124943281245181836e+00
-8.957488127246634235e+00
-8.748690939966261126e+00
-8.500167026137111392e+00
-8.214537290774334366e+00
-7.895368968453381875e+00
-7.547064718187106891e+00
-7.174706197861483226e+00
-6.783862588175094466e+00
-6.380377758369432328e+00
-5.970151396599174376e+00
-5.558929280277733476e+00
-5.152116053006595919e+00
-4.754620783102059711e+00
-4.370741747186345449e+00
-4.004092896777545540e+00
-3.657570842888050233e+00
-3.333358302805982998e+00
-3.032957984874088186e+00
-2.757249862769106219e+00
-2.506564602558011945e+00
-2.280766367855965981e+00
-2.079339126839458984e+00
-1.901471716404048662e+00
-1.746138114876526481e+00
-1.612170512052761850e+00
-1.498323765775650518e+00
-1.403330658410193887e+00
-1.325948004555895565e+00
-1.264994123274103766e+00
-1.219378495786868744e+00
-1.188124610051811247e+00
-1.170387074638002733e+00
-1.165464091710000538e+00
-1.172806334971012054e+00
-1.192023201358906714e+00
-1.222887309313537063e+00
-1.265338011990721823e+00
-1.319484588063780883e+00
-1.385609670111859204e+00
-1.464173373050842386e+00
-1.555818492568556533e+00
-1.661377054158766464e+00
-1.781878403351411455e+00
-1.918558931375727639e+00
-2.072873419717029986e+00
-2.246507850892544234e+00
-2.441393356570770834e+00
-2.659720738230296977e+00
-2.903954673668095676e+00
-3.176846279985602983e+00
-3.481442094243741181e+00
-3.821086696863568832e+00
-4.199415063291837669e+00
-4.620329190709089318e+00
-5.087951494046105694e+00
-5.606544771156368512e+00
-6.180385074584574312e+00
-6.813569507542660553e+00
-7.509735799271344270e+00
-8.271664750699214252e+00
-9.100730946948511146e+00
-9.996162934405775857e+00
-1.095407400510067575e+01
-1.196623329474487996e+01
-1.301857100249204535e+01
-1.408946081953385843e+01
-1.514790861132140165e+01
-1.615190899297553528e+01
-1.704741113930128193e+01
-1.776853876310684299e+01
-1.823987049902874347e+01
-1.838158149016765108e+01
-1.811790310745753985e+01
-1.738852748554084116e+01
-1.616129298449336105e+01
-1.444311404062534976e+01
-1.228542971415294183e+01
-9.781265116773369073e+00
-7.053531672467237001e+00
-4.237478839761538829e+00
-1.462468613040864618e+00
1.161877833414641348e+00
3.552432449606571119e+00
5.652479527625272837e+00
7.427154953732805431e+00
8.857315543150223291e+00
9.934141101872176804e+00
1.065571104527194635e+01
1.102581159775868080e+01
1.105453180568824578e+01
1.075981099110057748e+01
1.016896646492145706e+01
9.319330101562371738e+00
8.257429700175052290e+00
7.036601560354638352e+00
5.713392040635461910e+00
4.343447694642278201e+00
2.977695073727022468e+00
1.659459429413405518e+00
4.228554444617451669e-01
-7.075592258549201485e-01
-1.716129782901143264e+00
-2.594825357712087666e+00
-3.341700272468102639e+00
-3.959374221683578998e+00
-4.453700422768848810e+00
-4.832693358131041172e+00
-5.105718638506008489e+00
-5.282908274457917663e+00
-5.374749250490993724e+00
-5.391793653641886230e+00
-5.344447465867835589e+00
-5.242807147195335027e+00
-5.096524905965275742e+00
-4.914693216973333278e+00
-4.705745962123656589e+00
-4.477377520431636171e+00
-4.236482656692289517e+00
-3.989119802736744713e+00
-3.740498995280734817e+00
-3.494993964275325826e+00
-3.256176146852054920e+00
-3.026867052912299183e+00
-2.809204581149152169e+00
-2.604718595717082419e+00
-2.414411248928072240e+00
-2.238838051029191867e+00
-2.078186408898053283e+00
-1.932349158712480142e+00
-1.800991406987084043e+00
-1.683609704179049427e+00
-1.579583168403712712e+00
-1.488216640002414159e+00
-1.408776283804394014e+00
-1.340518278398061813e+00
-1.282711359348546409e+00
-1.234654036363139307e+00
-1.195687302261121632e+00
-1.165203611240899439e+00
-1.142652839389647568e+00
-1.127545862638069218e+00
-1.119456304610585429e+00
-1.118020924833441621e+00
-1.122939040348638340e+00
-1.133971303220479010e+00
-1.150938093851855193e+00
-1.173717735767990655e+00
-1.202244691339723115e+00
-1.236507859209039051e+00
-1.276549062142438240e+00
-1.322461787758450136e+00
-1.374390223108900910e+00
-1.432528606496197954e+00
-1.497120905271095648e+00
-1.568460815801694830e+00
-1.646892070491440041e+00
-1.732809025827824145e+00
-1.826657494139360738e+00
-1.928935769173743653e+00
-2.040195780879991538e+00
-2.161044296886372340e+00
-2.292144065997239633e+00
-2.434214771308229164e+00
-2.588033625787371950e+00
-2.754435399688357489e+00
-2.934311614999282725e+00
-3.128608575076343712e+00
-3.338323815236341918e+00
-3.564500459803038535e+00
-3.808218850370468367e+00
-4.070584666634437632e+00
-4.352712593647640738e+00
-4.655704397977631359e+00
-4.980620062974505657e+00
-5.328440407677441648e+00
-5.700019389235103873e+00
-6.096024089743135477e+00
-6.516860254319106538e+00
-6.962581237071781892e+00
-7.432778410229572863e+00
-7.926451615599128253e+00
-8.441859238937434284e+00
-8.976349153680157400e+00
-9.526174321577684623e+00
-1.008630046073864683e+01
-1.065021804424376661e+01
-1.120977697339006163e+01
-1.175506929520310351e+01
-1.227439256935926792e+01
-1.275433257304371892e+01
-1.318000685894013735e+01
-1.353550746576217989e+01
-1.380456874781697074e+01
-1.397146234162679335e+01
-1.402208516235872082e+01
-1.394516100377784618e+01
-1.373342953931704713e+01
-1.338466060669938251e+01
-1.290232102095833966e+01
-1.229574738206760642e+01
-1.157974415404958357e+01
-1.077362136213609745e+01
-9.899787933960212172e+00
-8.982096924632816837e+00
-8.044174799313232427e+00
-7.107950297562976694e+00
-6.192538214670710417e+00
-5.313551159870629093e+00
-4.482832284268567058e+00
-3.708542316651604942e+00
-2.995502728521548974e+00
-2.345691495137078419e+00
-1.758800972666880291e+00
-1.232789703690713612e+00
-7.643839260699847316e-01
-3.495054402208542799e-01
1.638179143262874504e-02
3.380035680306480717e-01
6.200772910997871534e-01
8.671725722693298666e-01
1.083619081111276028e+00
1.273450976418193381e+00
1.440378725913085800e+00
1.587780753206074369e+00
1.718708916287742472e+00
1.835903200987450967e+00
1.941812164179772981e+00
2.038616587024863147e+00
2.128254521603713201e+00
2.212446466528919409e+00
2.292719820754536730e+00
2.370432069169460920e+00
2.446792373509004914e+00
2.522881397890914812e+00
2.599669305855551116e+00
2.678031937522511008e+00
2.758765220770486692e+00
2.842597896264910773e+00
2.930202647946720695e+00
3.022205732111648668e+00
3.119195192260415972e+00
3.221727735502101897e+00
3.330334330879239246e+00
3.445524571555925064e+00
3.567789822066517402e+00
3.697605149253309076e+00
3.835430011497286795e+00
3.981707655688035974e+00
4.136863145447235546e+00
4.301299917875675227e+00
4.475394740205252297e+00
4.659490913170803772e+00
4.853889546060189630e+00
5.058838711207185312e+00
5.274520275824000848e+00
5.501034210088707077e+00
5.738380186918096371e+00
5.986436326695579346e+00
6.244935006508115727e+00
6.513435756577839797e+00
6.791295416011847053e+00
7.077635925729044430e+00
7.371310408020258720e+00
7.670868527223903222e+00
7.974522547715467979e+00
8.280115999579983566e+00
8.585097413183966353e+00
8.886502159351785224e+00
9.180945978872212976e+00
9.464634225533268719e+00
9.733391076399426467e+00
9.982712854233309230e+00
1.020784902008926842e+01
1.040391319718556673e+01
1.056602468655739280e+01
1.068947831485987088e+01
1.076993721949505911e+01
1.080363958571025940e+01
1.078760683193365466e+01
1.071983786269812988e+01
1.059947240873220586e+01
1.042690672918798889e+01
1.020384742871609518e+01
9.933293854663830302e+00
9.619446059834812601e+00
9.267542794730385225e+00
8.883641296653738806e+00
8.474356589512249016e+00
8.046581637499659934e+00
7.607210493456542544e+00
7.162884585753811706e+00
6.719778043754464747e+00
6.283432362150951356e+00
5.858644750563867909e+00
5.449409097025141868e+00
5.058904217278432647e+00
4.689521266082569362e+00
4.342920853034132556e+00
4.020110318063920829e+00
3.721532449130152909e+00
3.447158310325579400e+00
3.196578475935914376e+00
2.969088592211336142e+00
2.763766653765763692e+00
2.579540600120859839e+00
2.415245782235217131e+00
2.269672530229937646e+00
2.141604505674259418e+00
2.029848788081923594e+00
1.933258769998926319e+00
1.850750958401591539e+00
1.781316735681543806e+00
1.724030047704623314e+00
1.678051878994080370e+00
1.642632259926812388e+00
1.617110437231438880e+00
1.600913732773288967e+00
1.593555519756086447e+00
1.594632661402139995e+00
1.603822685026637718e+00
1.620880903575469656e+00
1.645637646085106098e+00
1.677995716866830911e+00
1.717928169149190998e+00
1.765476451074522890e+00
1.820748959026132319e+00
1.883920014015926014e+00
1.955229260101714495e+00
2.034981468384363446e+00
2.123546714924124057e+00
2.221360884757966669e+00
2.328926435868396094e+00
2.446813335110213927e+00
2.575660051228847003e+00
2.716174456458979147e+00
2.869134445735008754e+00
3.035388028882533007e+00
3.215852583484577476e+00
3.411512871175784944e+00
3.623417314204254946e+00
3.852671898120803906e+00
4.100430906096138806e+00
4.367883496447187319e+00
4.656234904044597833e+00
4.966680776733560343e+00
5.300372851517284545e+00
5.658373839734319510e+00
6.041599043097620303e+00
6.450741895285323046e+00
6.886180370556086672e+00
7.347861106102326012e+00
7.835158274492249220e+00
8.346704895293250104e+00
8.880195631555084290e+00
9.432162482045184149e+00
9.997728508650629564e+00
1.057035019085998329e+01
1.114156645040960036e+01
1.170078186743437598e+01
1.223512265404305666e+01
1.272941529503335545e+01
1.316634700100121158e+01
1.352687048718907548e+01
1.379090813611458799e+01
1.393838701527272228e+01
1.395059265666123594e+01
1.381176633618283844e+01
1.351079543489981738e+01
1.304277590992088065e+01
1.241018380728880821e+01
1.162340353413118343e+01
1.070043836398199844e+01
9.665766436445597520e+00
8.548471641671662624e+00
7.379925130433193203e+00
6.191373997902286597e+00
5.011785628656229008e+00
3.866208211185599986e+00
2.774775197872191512e+00
1.752347855614601269e+00
8.086898513030620350e-01
-5.098391798569568145e-02
-8.252486764866378000e-01
-1.515641474586128634e+00
-2.125864804469106861e+00
-2.661083875542058497e+00
-3.127346054511363160e+00
-3.531127200277321965e+00
-3.878995013726323826e+00
-4.177372213842726723e+00
-4.432380096589407792e+00
-4.649743838666337226e+00
-4.834743275561386611e+00
-4.992195814890298955e+00
-5.126461051841920025e+00
-5.241459232938452395e+00
-5.340697851792477913e+00
-5.427302347411060879e+00
-5.504048157106984362e+00
-5.573392318721219318e+00
-5.637503489995746797e+00
-5.698289719599650915e+00
-5.757423617594716880e+00
-5.816364775573143575e+00
-5.876379411223168425e+00
-5.938557283474160897e+00
-6.003825960944105589e+00
-6.072962541469248521e+00
-6.146602923633885496e+00
-6.225248729359010191e+00
-6.309271974808064343e+00
-6.398917588938368262e+00
-6.494303887982699308e+00
-6.595421132514659668e+00
-6.702128323761076700e+00
-6.814148439470120167e+00
-6.931062368654487216e+00
-7.052301880210475105e+00
-7.177142053380756614e+00
-7.304693707802816682e+00
-7.433896495381230096e+00
-7.563513451115760233e+00
-7.692127938065412174e+00
-7.818144051985886023e+00
-7.939791658875794411e+00
-8.055137304401696952e+00
-8.162102234660512323e+00
-8.258488676912939752e+00
-8.342015320210265372e+00
-8.410362585753015097e+00
-8.461227769835797830e+00
-8.492389476673197990e+00
-8.501779952643630622e+00
-8.487563031282364889e+00
-8.448214471682636173e+00
-8.382600620637896682e+00
-8.290050669310661036e+00
-8.170417432759734311e+00
-8.024121665927902214e+00
-7.852175516827985646e+00
-7.656181822639606338e+00
-7.438307519996545381e+00
-7.201231333266775003e+00
-6.948067926037025721e+00
-6.682272615771050361e+00
-6.407532324308744087e+00
-6.127649472776770523e+00
-5.846425908737065136e+00
-5.567553650840328494e+00
-5.294518322387146370e+00
-5.030519768829724292e+00
-4.778412711819528980e+00
-4.540668591955755673e+00
-4.319358180326531738e+00
-4.116153235944604916e+00
-3.932344535355027038e+00
-3.768873027583320212e+00
-3.626370649435021409e+00
-3.505207416269221721e+00
-3.405541706814304348e+00
-3.327371108089702822e+00
-3.270581704840898052e+00
-3.234994226369341863e+00
-3.220405956763394695e+00
-3.226627741990780507e+00
-3.253515772035557418e+00
-3.300998071619259733e+00
-3.369095799760710275e+00
-3.457939541732816036e+00
-3.567780784228586910e+00
-3.698998703415723011e+00
-3.852102272761558588e+00
-4.027727518083533909e+00
-4.226629514331284199e+00
-4.449668433516486665e+00
-4.697788616350019986e+00
-4.971989252221850286e+00
-5.273284816340760628e+00
-5.602652938054657916e+00
-5.960966880081631558e+00
-6.348909331484819063e+00
-6.766863821433184434e+00
-7.214779848944235852e+00
-7.692007952943030524e+00
-8.197101644875669280e+00
-8.727584705909416485e+00
-9.279685216564988792e+00
-9.848042317775234977e+00
-1.042539859638824495e+01
-1.100230053529889140e+01
-1.156684172642996522e+01
-1.210449789060070280e+01
-1.259811741724095313e+01
-1.302814273644500709e+01
-1.337314105101686934e+01
-1.361071082896248186e+01
-1.371879574372443500e+01
-1.367737576518634768e+01
-1.347041792131717841e+01
-1.308787000367957454e+01
-1.252739514149406297e+01
-1.179550838355868692e+01
-1.090781972169009961e+01
-9.888222778375340027e+00
-8.767072278176339495e+00
-7.578610474767327077e+00
-6.358062666743347080e+00
-5.138871327789798826e+00
-3.950465827550669218e+00
-2.816804736494566086e+00
-1.755741131716635595e+00
-7.791059121678358679e-01
1.066871305142453874e-01
8.997345675336876347e-01
1.601628830712011009e+00
2.216478229140400380e+00
2.750047706095469113e+00
3.209059084087845015e+00
3.600655805353607519e+00
3.932016964520693936e+00
4.210095921928936669e+00
4.441456510271857283e+00
4.632181762959783455e+00
4.787833970822850560e+00
4.913449288460446596e+00
5.013554268158990190e+00
5.092195234360255895e+00
5.152974223568138612e+00
5.199087342059849348e+00
5.233362937847775065e+00
5.258298062071446566e+00
5.276092420046087916e+00
5.288679478774503728e+00
5.297754681984994996e+00
5.304800883868385775e+00
5.311111191501306728e+00
5.317809434021871340e+00
5.325868475066372731e+00
5.336126567853774816e+00
5.349301928606090328e+00
5.366005679147151319e+00
5.386753286537861563e+00
5.411974607914737945e+00
5.442022632752606448e+00
5.477181002468440418e+00
5.517670378243427542e+00
5.563653721694027610e+00
5.615240549122156644e+00
5.672490218152963060e+00
5.735414305366326460e+00
5.803978134904385300e+00
5.878101520949604364e+00
5.957658791462005610e+00
6.042478166745713253e+00
6.132340574417599832e+00
6.226977992309716825e+00
6.326071422846143655e+00
6.429248616511936021e+00
6.536081678071579582e+00
6.646084706925073249e+00
6.758711641918481838e+00
6.873354500296438907e+00
6.989342219224796260e+00
7.105940325008085701e+00
7.222351667998608171e+00
7.337718468115680182e+00
7.451125914439717945e+00
7.561607549899764358e+00
7.668152645996830330e+00
7.769715730370366558e+00
7.865228369915554296e+00
7.953613233072246658e+00
8.033800357089406319e+00
8.104745431451764404e+00
8.165449781160580400e+00
8.214981599292880077e+00
8.252497845484422001e+00
8.277266105805944463e+00
8.288685611267045061e+00
8.286306548486722434e+00
8.269846777542049665e+00
8.239205106901668074e+00
8.194470368175482022e+00
8.135925683777294637e+00
8.064047522541663682e+00
7.979499380292239152e+00
7.883120187881558216e+00
7.775907818452843401e+00
7.658998317390549815e+00
7.533641692405958601e+00
7.401175260553229052e+00
7.262995642048021949e+00
7.120530512407850843e+00
6.975211176332563490e+00
6.828446916867375371e+00
6.681601914699238698e+00
6.535975341052646215e+00
6.392785020828851472e+00
6.253154856857547905e+00
6.118106015548177012e+00
5.988551709611048324e+00
5.865295281781957470e+00
5.749031197731528486e+00
5.640348496305277237e+00
5.539736218005212542e+00
5.447590333441898025e+00
5.364221716602294521e+00
5.289864747146922674e+00
5.224686175793405774e+00
5.168793942045332379e+00
5.122245689855549067e+00
5.085056781008023385e+00
5.057207655750062258e+00
5.038650434046297200e+00
5.029314688020773083e+00
5.029112346536257050e+00
5.037941716691097582e+00
5.055690624847395398e+00
5.082238692381183753e+00
5.117458769504464655e+00
5.161217555127335821e+00
5.213375432677055166e+00
5.273785551908719782e+00
5.342292185827453466e+00
5.418728390647514104e+00
5.502912995951718678e+00
5.594646952568115950e+00
5.693709067804575419e+00
5.799851162220123868e+00
5.912792689682619951e+00
6.032214873670541877e+00
6.157754428178868977e+00
6.288996951674191926e+00
6.425470107684032151e+00
6.566636735984955564e+00
6.711888073892235518e+00
6.860537307390495165e+00
7.011813715822577286e+00
7.164857719974652817e+00
7.318717189291990444e+00
7.472345406369196752e+00
7.624601121550453442e+00
7.774251152252665165e+00
7.919975984434920235e+00
8.060378810856070331e+00
8.193998385657208061e+00
8.319325981240922374e+00
8.434826596775176100e+00
8.538964385932020562e+00
8.630232046507346766e+00
8.707183653140022628e+00
8.768470129039011240e+00
8.812876262120639126e+00
8.839357899538024199e+00
8.847077730613522206e+00
8.835437921494664337e+00
8.804107823173849212e+00
8.753045059276319151e+00
8.682508522201290546e+00
8.593062162888623234e+00
8.485568932068018100e+00
8.361174785405609100e+00
8.221283255156095038e+00
8.067521663213417682e+00
7.901700550869321660e+00
7.725768282016943544e+00
7.541763005085736715e+00
7.351764218393936012e+00
7.157846076757848230e+00
6.962034324782093719e+00
6.766268378727954058e+00
6.572369646821161204e+00
6.382016721867806552e+00
6.196727640983383800e+00
6.017849018077413348e+00
5.846551538095308587e+00
5.683831069588231699e+00
5.530514505639314571e+00
5.387269376197905579e+00
5.254616275618976928e+00
5.132943202840696273e+00
5.022521002540653257e+00
4.923519209073285552e+00
4.836021718302294659e+00
4.760041835478056704e+00
4.695536362669118446e+00
4.642418492076894054e+00
4.600569359163943162e+00
4.569848180958913986e+00
4.550100960487720059e+00
4.541167779197982313e+00
4.542888727173944652e+00
4.555108537796439983e+00
4.577680001235455265e+00
4.610466231626454636e+00
4.653341857657766312e+00
4.706193197065456246e+00
4.768917463467612805e+00
4.841421040161967504e+00
4.923616840898590752e+00
5.015420763058442866e+00
5.116747224899050650e+00
5.227503766346025316e+00
5.347584683043650422e+00
5.476863656958306237e+00
5.615185344838630854e+00
5.762355889553074206e+00
5.918132330253492945e+00
6.082210907196863303e+00
6.254214287872171596e+00
6.433677784977009928e+00
6.620034695992269569e+00
6.812600970728838412e+00
7.010559508993294386e+00
7.212944506390830846e+00
7.418626401896057487e+00
7.626298133854229278e+00
7.834463576453550182e+00
8.041429197762990810e+00
8.245300140068598793e+00
8.443982055331559877e+00
8.635190109760312538e+00
8.816466573655052485e+00
8.985208304653255595e+00
9.138705182959458995e+00
9.274190139209554928e+00
9.388900812991849421e+00
9.480152094177803690e+00
9.545417856620728614e+00
9.582419151843263094e+00
9.589215079611250303e+00
9.564291613145435633e+00
9.506642968676759509e+00
9.415839812436576750e+00
9.292078809676286966e+00
9.136208806286102657e+00
8.949730286981276706e+00
8.734766581563183863e+00
8.494007415815683970e+00
8.230627587130202372e+00
7.948185522135100989e+00
7.650507999056174846e+00
7.341568208961857245e+00
