1.000000000000000000e+00
9.757598706720784776e-01
9.532727027005640785e-01
9.321455035808381417e-01
9.122218772689997257e-01
8.934110189921071754e-01
8.756619861283858608e-01
8.589588389559614789e-01
8.433210807511763996e-01
8.288068135884409937e-01
8.155183522835779408e-01
8.036106152224160581e-01
7.933028716909517053e-01
7.848946585960067113e-01
7.787869565269357475e-01
7.755100644550747546e-01
7.757600566787973273e-01
7.804462702774954685e-01
7.907529861912833136e-01
8.082193659362475469e-01
8.348428242641244834e-01
8.732123869729268018e-01
9.266802180921008825e-01
9.995813799556081403e-01
1.097513914857340955e+00
1.227693264785101990e+00
1.399396372184830151e+00
1.624510574700517296e+00
1.918198911449489730e+00
2.299683774971034822e+00
2.793130180718920386e+00
3.428570793788788151e+00
4.242746233151572177e+00
5.279621297912914457e+00
6.590163951670861664e+00
8.230727584655012308e+00
1.025906952362980817e+01
1.272674059919858891e+01
1.566648338958488118e+01
1.907376955129143070e+01
2.288330507392907620e+01
2.694489372838144803e+01
3.100849401284342832e+01
3.473368771592027571e+01
3.773891527248774480e+01
3.969360357463814637e+01
4.042973593154358269e+01
4.002203663979899062e+01
3.878559446871787486e+01
3.718160758607588434e+01
3.567865112777010239e+01
3.463743967418913172e+01
3.425649783044694630e+01
3.457160053295316970e+01
3.548205879593419354e+01
3.678434403165931599e+01
3.820898045570000789e+01
3.946528102335000199e+01
4.029635953381656321e+01
4.053676307365241627e+01
4.015442178654394212e+01
3.925714861601944961e+01
3.805684903665682128e+01
3.680518392995874422e+01
3.572730313568401073e+01
3.497616179208729648e+01
3.461480859856495584e+01
3.462105437571947419e+01
3.490498915982399808e+01
3.533252021954233157e+01
3.575184831834140198e+01
3.602115080627790178e+01
3.603448639054801106e+01
3.574094399679369616e+01
3.515175152055606134e+01
3.433281100166744437e+01
3.338504418847149680e+01
3.241921919027112864e+01
3.153300919780211942e+01
3.079563514861042606e+01
3.024155763503479122e+01
2.987165068882258723e+01
2.965913231820736584e+01
2.955783374610874148e+01
2.951121510598097686e+01
2.946118232576024809e+01
2.935601182457822844e+01
2.915667970689913702e+01
2.884088341588197224e+01
2.840424764672978242e+01
2.785867048283100900e+01
2.722835411424586738e+01
2.654453941741407874e+01
2.584012860719254334e+01
2.514519208328941247e+01
2.448393342823222341e+01
2.387322313361097059e+01
2.332246434360202514e+01
2.283438570170096682e+01
2.240634449109116133e+01
2.203180383268141895e+01
2.170175806895879234e+01
2.140598012425166985e+01
2.113403694230188634e+01
2.087606353720906327e+01
2.062330959568304323e+01
2.036848306662541930e+01
2.010591920064160831e+01
1.983160497530359123e+01
1.954308948971463167e+01
1.923931102184404907e+01
1.892037063532010777e+01
1.858728005350360135e+01
1.824170782763001952e+01
1.788574284601261155e+01
1.752168851264246641e+01
1.715189515689112909e+01
1.677863306572585245e+01
1.640400441647108920e+01
1.602988954900712315e+01
1.565792143842575612e+01
1.528948172998296684e+01
1.492571200382753815e+01
1.456753475402269338e+01
1.421567963332567253e+01
1.387071163021478526e+01
1.353305887297936927e+01
1.320303862323862631e+01
1.288088070126338458e+01
1.256674808333399973e+01
1.226075475102523882e+01
1.196298108575103036e+01
1.167348722202376621e+01
1.139232482932962576e+01
1.111954780978224377e+01
1.085522239572596703e+01
1.059943712208037603e+01
1.035231314213291043e+01
1.011401535919448591e+01
9.884764864250737304e+00
9.664853204129292052e+00
9.454659057357101659e+00
9.254667966579484428e+00
9.065495867090152871e+00
8.887917259440179407e+00
8.722898997132839227e+00
8.571640791855505981e+00
8.435623667352285082e+00
8.316667699876598263e+00
8.217000437173517469e+00
8.139337340190953896e+00
8.086975367062013476e+00
8.063900304800540653e+00
8.074907486227411724e+00
8.125733874202616391e+00
8.223196830497748522e+00
8.375330787335636629e+00
8.591506975176940841e+00
8.882512726382728374e+00
9.260555092436320024e+00
9.739138253925389677e+00
1.033274581884834120e+01
1.105623936266410823e+01
1.192386776663686732e+01
1.294777637516321001e+01
1.413592452699322344e+01
1.548938442763165746e+01
1.699912696430600789e+01
1.864261927416979248e+01
2.038086024570131016e+01
2.215680949035482783e+01
2.389639215632465863e+01
2.551317909612250290e+01
2.691723057801237573e+01
2.802737609274323916e+01
2.878464553730893982e+01
2.916334421907215102e+01
2.917621784081386593e+01
2.887171633411981730e+01
2.832404277927047787e+01
2.761915313401020100e+01
2.684087009159099324e+01
2.606044934813596470e+01
2.533103630977208454e+01
2.468661905151977365e+01
2.414405676333760908e+01
2.370660958727907186e+01
2.336776989332688004e+01
2.311470800462963027e+01
2.293106325405754475e+01
2.279906433730935689e+01
2.270107533742065087e+01
2.262068796192010822e+01
2.254346283548215268e+01
2.245739349474514768e+01
2.235314188607809172e+01
2.222407948452499582e+01
2.206616346306551080e+01
2.187767943908116308e+01
2.165888702829488821e+01
2.141160801802203295e+01
2.113879702992789333e+01
2.084413031503700964e+01
2.053164049096198340e+01
2.020541517531290410e+01
1.986936742208413875e+01
1.952707716894155610e+01
1.918169649418416611e+01
1.883590765297708813e+01
1.849192138232966443e+01
1.815150329362931814e+01
1.781601766986261381e+01
1.748648006276375710e+01
1.716361228734947275e+01
1.684789543823396585e+01
1.653961824471332065e+01
1.623891938705219218e+01
1.594582333089726767e+01
1.566026985363950708e+01
1.538213780312186607e+01
1.511126381181204970e+01
1.484745674626978840e+01
1.459050864860893704e+01
1.434020285810498230e+01
1.409631991122991934e+01
1.385864172302015618e+01
1.362695446138156541e+01
1.340105044387172839e+01
1.318072931587722252e+01
1.296579871026718145e+01
1.275607454082488523e+01
1.255138104376822383e+01
1.235155065200334334e+01
1.215642376395905622e+01
1.196584845159106258e+01
1.177968013926704849e+01
1.159778127577643403e+01
1.142002101486222188e+01
1.124627491481761510e+01
1.107642466433634532e+01
1.091035783957536509e+01
1.074796769599789847e+01
1.058915299780310626e+01
1.043381788746301631e+01
1.028187179797074435e+01
1.013322941078413741e+01
9.987810663080692208e+00
9.845540808800617327e+00
9.706350539038748337e+00
9.570176168662811733e+00
9.436959897606602254e+00
9.306650157146458824e+00
9.179202053663429339e+00
9.054577924979716030e+00
8.932748027406672620e+00
8.813691375237787895e+00
8.697396758664012850e+00
8.583863971098299572e+00
8.473105282808848671e+00
8.365147204735167819e+00
8.260032594579664433e+00
8.157823166936530868e+00
8.058602480570279170e+00
7.962479489241069075e+00
7.869592757963840057e+00
7.780115464561256466e+00
7.694261327093594893e+00
7.612291621452803803e+00
7.534523480238684456e+00
7.461339693990160171e+00
7.393200268668850050e+00
7.330656028333088159e+00
7.274364587932915072e+00
7.225109055920172274e+00
7.183819856380195823e+00
7.151600080196766740e+00
7.129754776163080621e+00
7.119824563928934147e+00
7.123623873963742525e+00
7.143283970998503207e+00
7.181300663091874092e+00
7.240586193106983259e+00
7.324524193010019779e+00
7.437025677203346063e+00
7.582582764584608448e+00
7.766315040393900304e+00
7.994001081882350590e+00
8.272084573586145240e+00
8.607640577400349713e+00
9.008282966108691170e+00
9.481989064470166539e+00
1.003681282968812916e+01
1.068045467221971379e+01
1.141965628305602820e+01
1.225939555883621246e+01
1.320187377540525731e+01
1.424531884226361633e+01
1.538267818573355683e+01
1.660034268294429438e+01
1.787712240679054077e+01
1.918376835716373563e+01
2.048337171263166923e+01
2.173293394748494478e+01
2.288625126109542762e+01
2.389798502999305541e+01
2.472843785458851684e+01
2.534822643198724634e+01
2.574188131974689497e+01
2.590952788967393872e+01
2.586622688442253448e+01
2.563914918845787483e+01
2.526330275588023966e+01
2.477681285403548017e+01
2.421670059178754286e+01
2.361578663735135564e+01
2.300093640988371391e+01
2.239251948612934129e+01
2.180476190389996560e+01
2.124662450045790152e+01
2.072289391852072882e+01
2.023526773469453133e+01
1.978330935390446399e+01
1.936522116722168718e+01
1.897843145452977964e+01
1.862001563767457313e+01
1.828698243580269178e+01
1.797645641337682676e+01
1.768578486589091270e+01
1.741259180542371965e+01
1.715479655009777105e+01
1.691060980991372276e+01
1.667851643118343219e+01
1.645725109905001560e+01
1.624577118242403273e+01
1.604322938904648410e+01
1.584894783896384851e+01
1.566239444312432738e+01
1.548316199564298223e+01
1.531095008182305328e+01
1.514554971631900848e+01
1.498683051860196791e+01
1.483473017890631063e+01
1.468924594799051597e+01
1.455042788510021623e+01
1.441837361142778384e+01
1.429322433501773659e+01
1.417516193342014752e+01
1.406440689980460057e+01
1.396121697503105885e+01
1.386588630128446376e+01
1.377874494169010866e+01
1.370015861448158390e+01
1.363052848962029096e+01
1.357029089022497637e+01
1.351991673084178203e+01
1.347991050968495408e+01
1.345080865290182892e+01
1.343317698630908730e+01
1.342760708490891020e+01
1.343471122429385822e+01
1.345511563288293999e+01
1.348945172267810655e+01
1.353834496272651933e+01
1.360240105866052396e+01
1.368218911971011664e+01
1.377822153879240297e+01
1.389093039006529118e+01
1.402064027069709162e+01
1.416753768842281147e+01
1.433163733127509509e+01
1.451274585520552840e+01
1.471042418840462851e+01
1.492394976931559825e+01
1.515228058915993437e+01
1.539402336640150359e+01
1.564740859207799772e+01
1.591027548862407670e+01
1.618007004634796786e+01
1.645385916213717081e+01
1.672836343208824417e+01
1.700001029360364058e+01
1.726500796298486406e+01
1.751943901821757521e+01
1.775937064788163866e+01
1.798097670871447917e+01
1.818066504312373155e+01
1.835520226389514065e+01
1.850182765519541306e+01
1.861834813380936282e+01
1.870320741338218085e+01
1.875552452651889368e+01
1.877509945536304414e+01
1.876238646676959831e+01
1.871843846483285745e+01
1.864482790932942535e+01
1.854355134288092088e+01
1.841692519522161575e+01
1.826748030724792926e+01
1.809786168217907942e+01
1.791073854947031307e+01
1.770872817230866048e+01
1.749433517715992181e+01
1.726990671794436949e+01
1.703760262411760706e+01
1.679937886942075664e+01
1.655698222828586808e+01
1.631195381308540959e+01
1.606563924042465175e+01
1.581920338634579259e+01
1.557364799244693288e+01
1.532983072347951925e+01
1.508848461234484795e+01
1.485023713480894969e+01
1.461562841967252346e+01
1.438512831548101190e+01
1.415915220319665124e+01
1.393807557036809719e+01
1.372224745286783509e+01
1.351200291238711060e+01
1.330767475840861103e+01
1.310960474831319011e+01
1.291815451355159894e+01
1.273371646723049011e+01
1.255672495172159664e+01
1.238766788564740473e+01
1.222709916845161260e+01
1.207565209733258982e+01
1.193405404411144843e+01
1.180314262587651086e+01
1.168388357872544958e+01
1.157739050244327217e+01
1.148494657691329301e+01
1.140802824678860539e+01
1.134833071392997184e+01
1.130779484712171801e+01
1.128863478988674274e+01
1.129336508807273987e+01
1.132482553159971950e+01
1.138620106720357228e+01
1.148103304838711658e+01
1.161321670936312067e+01
1.178697806663837788e+01
1.200682149354975614e+01
1.227743708587543559e+01
1.260355487360697602e+01
1.298973135793485945e+01
1.344005344799980683e+01
1.395774664845171920e+01
1.454467965959124243e+01
1.520076800653639815e+01
1.592329649522802804e+01
1.670620517397768268e+01
1.753941546844655974e+01
1.840830883014208297e+01
1.929350207033658293e+01
2.017107938599281169e+01
2.101342543916238981e+01
2.179074220309166776e+01
2.247321859668737076e+01
2.303366754836720531e+01
2.345028443021240960e+01
2.370906722243176290e+01
2.380542746933845066e+01
2.374464210178688717e+01
2.354103148981238292e+01
2.321603026914423396e+01
2.279555149863022123e+01
2.230715613289916988e+01
2.177750498790167200e+01
2.123042299740405525e+01
2.068571289946232739e+01
2.015868355904976994e+01
1.966024653857652638e+01
1.919739080144718457e+01
1.877385452429407664e+01
1.839085156036462365e+01
1.804775740855712129e+01
1.774270227097695241e+01
1.747305099757908664e+01
1.723577064827885152e+01
1.702769793555832578e+01
1.684572365002256689e+01
1.668691182943751272e+01
1.654856983003235982e+01
1.642828288804946979e+01
1.632392399371604341e+01
1.623364734679948285e+01
1.615587149711737425e+01
1.608925653449042414e+01
1.603267835122715468e+01
1.598520199777449413e+01
1.594605542334525694e+01
1.591460437722738064e+01
1.589032889118091241e+01
1.587280152697403324e+01
1.586166742317890588e+01
1.585662608725488809e+01
1.585741483446949651e+01
1.586379376103575289e+01
1.587553214532589152e+01
1.589239619115167557e+01
1.591413805572282136e+01
1.594048613808588755e+01
1.597113663846477749e+01
1.600574643228488725e+01
1.604392733231971135e+01
1.608524183602741786e+01
1.612920047051265016e+01
1.617526085256121959e+01
1.622282857401437894e+01
1.627126000197106492e+01
1.631986704817396827e+01
1.636792391257223400e+01
1.641467574367027282e+01
1.645934908532136021e+01
1.650116389984912146e+01
1.653934687573102735e+01
1.657314565046422317e+01
1.660184351210878972e+01
1.662477409279886231e+01
1.664133553997602988e+01
1.665100365060956378e+01
1.665334348261206188e+01
1.664801901598787026e+01
1.663480052128052122e+01
1.661356939940767319e+01
1.658432037768584877e+01
1.654716107306182238e+01
1.650230905609351240e+01
1.645008665933110947e+01
1.639091386405705819e+01
1.632529966451361148e+01
1.625383234590382031e+01
1.617716912127940176e+01
1.609602555495876430e+01
1.601116516026948489e+01
1.592338950236578654e+01
1.583352906840120866e+01
1.574243509314884726e+01
1.565097245337431353e+01
1.556001367303464811e+01
1.547043401669285956e+01
1.538310759220016166e+01
1.529890433640738046e+01
1.521868771922498453e+01
1.514331297090776296e+01
1.507362561376435295e+01
1.501046006123094401e+01
1.495463803316383178e+01
1.490696652537449296e+01
1.486823506341287526e+01
1.483921196557652955e+01
1.482063933898436403e+01
1.481322653700279446e+01
1.481764181889160525e+01
1.483450197663296954e+01
1.486435973368410224e+01
1.490768878063317437e+01
1.496486639854304990e+01
1.503615373709072323e+01
1.512167396556166565e+01
1.522138870266099708e+01
1.533507335530509152e+01
1.546229225203661883e+01
1.560237473261028107e+01
1.575439363361983958e+01
1.591714786478341281e+01
1.608915096775146480e+01
1.626862764867116695e+01
1.645352023369646233e+01
1.664150677190481886e+01
1.683003207108005839e+01
1.701635228541456968e+01
1.719759279449142753e+01
1.737081806814498108e+01
1.753311108683290698e+01
1.768165879955085984e+01
1.781383918958835721e+01
1.792730492274955978e+01
1.802005839063620130e+01
1.809051330345732467e+01
1.813753883608614359e+01
1.816048361603092332e+01
1.815917842183426600e+01
1.813391814607187413e+01
1.808542516284476775e+01
1.801479753859323552e+01
1.792344640047357629e+01
1.781302716174758416e+01
1.768536920684613278e+01
1.754240813314966019e+01
1.738612384945337297e+01
1.721848687857960059e+01
1.704141423411785894e+01
1.685673534542922525e+01
1.666616776355475338e+01
1.647130183035050166e+01
1.627359313931528817e+01
1.607436144093556507e+01
1.587479461537469660e+01
1.567595641251974570e+01
1.547879680594670937e+01
1.528416399034441042e+01
1.509281724542698377e+01
1.490544007491275913e+01
1.472265319512140103e+01
1.454502708809020284e+01
1.437309394692666409e+01
1.420735892727019589e+01
1.404831068072430256e+01
1.389643118717206960e+01
1.375220492633871316e+01
1.361612743785855351e+01
1.348871331596091139e+01
1.337050367161375775e+01
1.326207307282752623e+01
1.316403594351417716e+01
1.307705236300734164e+01
1.300183316187926685e+01
1.293914415458955602e+01
1.288980928524049574e+01
1.285471238890311163e+01
1.283479718764146860e+01
1.283106504830358396e+01
1.284456993040934947e+01
1.287640985091650059e+01
1.292771409467814969e+01
1.299962531474639782e+01
1.309327560924142198e+01
1.320975565018748021e+01
1.335007599891629582e+01
1.351511990222858905e+01
1.370558715781672277e+01
1.392192910273101170e+01
1.416427544840279751e+01
1.443235458326106269e+01
1.472541009211625784e+01
1.504211756942289036e+01
1.538050725229458315e+01
1.573789942838623546e+01
1.611086077439833275e+01
1.649519047975280372e+01
1.688594489275528687e+01
1.727750818534523347e+01
1.766371393742734242e+01
1.803801852977107245e+01
1.839372199700275345e+01
1.872422603264086405e+01
1.902331296580433673e+01
1.928542476424502539e+01
1.950591850284812168e+01
1.968127508297520833e+01
1.980924162847498948e+01
1.988889460792222508e+01
1.992061938048730951e+01
1.990601110786467842e+01
1.984771024864755873e+01
1.974919181985183414e+01
1.961453047647058767e+01
1.944816310655295410e+01
1.925466757530866957e+01
1.903857140546967486e+01
1.880419862404756870e+01
1.855555769867243043e+01
1.829626911358190355e+01
1.802952804382112006e+01
1.775809582092672301e+01
1.748431327266844448e+01
1.721012927725564623e+01
1.693713868632727682e+01
1.666662486230582019e+01
1.639960322997242059e+01
1.613686331658713868e+01
1.587900767042489036e+01
1.562648677403661779e+01
1.537962960858451034e+01
1.513866990087677067e+01
1.490376832526020046e+01
1.467503106968170812e+01
1.445252523761931052e+01
1.423629156915479399e+01
1.402635494398696636e+01
1.382273309058919608e+01
1.362544387878905638e+01
1.343451152429087792e+01
1.324997198708725676e+01
1.307187780352979800e+01
1.290030255502848888e+01
1.273534514507505477e+01
1.257713403016613185e+01
1.242583152854456152e+01
1.228163831259469418e+01
1.214479817520880367e+01
1.201560314637854177e+01
1.189439902244572345e+01
1.178159135552998293e+01
1.167765193311824667e+01
1.158312575590182014e+01
1.149863849362890278e+01
1.142490436158510292e+01
1.136273431147298218e+01
1.131304436661083557e+01
1.127686384870873049e+01
1.125534313778113749e+01
1.124976047354199693e+01
1.126152714149743872e+01
1.129219018615465409e+01
1.134343155512919310e+01
1.141706230224752616e+01
1.151501017075127997e+01
1.163929855282735915e+01
1.179201450349591518e+01
1.197526321536837202e+01
1.219110619595529066e+01
1.244148041541813932e+01
1.272809602123927242e+01
1.305231098423091751e+01
1.341498240193331881e+01
1.381629629291170325e+01
1.425558068382540355e+01
1.473111064502050915e+01
1.523991853272184471e+01
1.577762766699407493e+01
1.633833232114071876e+01
1.691455018549150324e+01
1.749727408220422831e+01
1.807614625057226121e+01
1.863976987122817164e+01
1.917615829066159705e+01
1.967330354846019702e+01
2.011982478944516828e+01
2.050563793608544927e+01
2.082257536035402623e+01
2.106488249965558879e+01
2.122952968643121707e+01
2.131630102013371797e+01
2.132765361854466235e+01
2.126837334571360572e+01
2.114507997820662055e+01
2.096565033327796712e+01
2.073863000954337821e+01
2.047269451836734788e+01
2.017620278310409887e+01
1.985686533658986619e+01
1.952153056487778926e+01
1.917607796007036214e+01
1.882539866093698677e+01
1.847344018941965160e+01
1.812329296996842132e+01
1.777729940899622463e+01
1.743717062817477981e+01
1.710410036570798198e+01
1.677886946340831997e+01
1.646193746134113312e+01
1.615352007864370165e+01
1.585365285824444292e+01
1.556224214418763019e+01
1.527910500295795870e+01
1.500399983738697784e+01
1.473664938788165024e+01
1.447675765550863147e+01
1.422402207326464385e+01
1.397814203312191239e+01
1.373882466919534018e+01
1.350578861299843503e+01
1.327876627965548195e+01
1.305750511432281336e+01
1.284176812382649935e+01
1.263133393645094849e+01
1.242599656940435793e+01
1.222556503536267769e+01
1.202986288362656175e+01
1.183872774523399407e+01
1.165201093272811050e+01
1.146957713248327693e+01
1.129130421921503924e+01
1.111708321753042306e+01
1.094681843336812754e+01
1.078042777840191668e+01
1.061784331258001934e+01
1.045901203373631994e+01
1.030389694854116200e+01
1.015247846596629699e+01
1.000475616301071646e+01
9.860750982839688206e+00
9.720507937966331724e+00
9.584099405956779449e+00
9.451629122730599519e+00
9.323236999276133474e+00
9.199104911965740428e+00
9.079463645122320514e+00
8.964601197526457455e+00
8.854872702566574105e+00
8.750712254967730530e+00
8.652646985436195592e+00
8.561313777565894512e+00
8.477479077581604017e+00
8.402062304261455949e+00
8.336163419037195155e+00
8.281095257224647455e+00
8.238421238698576232e+00
8.209999052019030685e+00
8.198030813225402724e+00
8.205120000321059592e+00
8.234335101571526039e+00
8.289279313280855988e+00
8.374164676578388367e+00
8.493887616214768954e+00
8.654100765107367366e+00
8.861273021647292580e+00
9.122725771458588540e+00
9.446627913702606349e+00
9.841925670037960927e+00
1.031817527443510407e+01
1.088523817530668047e+01
1.155279077958845768e+01
1.232959674931884031e+01
1.322249388143669258e+01
1.423506614100321599e+01
1.536601263866290523e+01
1.660729740389036735e+01
1.794227094341084339e+01
1.934409035369775154e+01
2.077490325525499770e+01
2.218634947872866903e+01
2.352189646647873289e+01
2.472128105508422635e+01
2.572684872796974176e+01
2.649093462917075925e+01
2.698283011706113399e+01
2.719362478278162953e+01
2.713754459589550549e+01
2.684931358752151453e+01
2.637822251753036085e+01
2.578049344229454576e+01
2.511180441301607758e+01
2.442144722516082211e+01
2.374882034354125793e+01
2.312219846584314453e+01
2.255923428019363897e+01
2.206849339452952208e+01
2.165140819993095889e+01
2.130422655299758006e+01
2.101972400455215606e+01
2.078859361288750307e+01
2.060051548057698056e+01
2.044494988720578021e+01
2.031170951169686134e+01
2.019136183781270688e+01
2.007550211397451179e+01
1.995692586101925059e+01
1.982972065372007364e+01
1.968929067568191016e+01
1.953232423975200049e+01
1.935671341153550529e+01
1.916143519550002949e+01
1.894640457719242121e+01
1.871231035804069265e+01
1.846044471457504699e+01
1.819253657655535861e+01
1.791059730446473708e+01
1.761678498328985398e+01
1.731329124688423704e+01
1.700225221593564129e+01
1.668568312134875598e+01
1.636543464826375782e+01
1.604316802990432222e+01
1.572034541839174260e+01
1.539823197916406805e+01
1.507790638689298923e+01
1.476027683052794259e+01
1.444610016309671430e+01
1.413600237976066509e+01
1.383049912120639391e+01
1.353001534691374985e+01
1.323490369039519621e+01
1.294546129543309831e+01
1.266194514627916412e+01
1.238458605784067501e+01
1.211360159782764612e+01
1.184920828523319969e+01
1.159163346066372924e+01
1.134112726450645425e+01
1.109797519752389050e+01
1.086251178239196591e+01
1.063513589979861962e+01
1.041632844374489153e+01
1.020667303146086979e+01
1.000688061674379981e+01
9.817818993217310108e+00
9.640548335819111969e+00
9.476364111515589883e+00
9.326848885518062460e+00
9.193934740576365172e+00
9.079978184512365047e+00
8.987849494748552104e+00
8.921038356599128250e+00
8.883777266332556266e+00
8.881183294677523321e+00
8.919417150627502622e+00
9.005855629799741635e+00
9.149268893407146663e+00
9.359986830976229299e+00
9.650028058890846694e+00
1.003314985288727534e+01
1.052475662650041421e+01
1.114157829588115334e+01
1.190099964280853584e+01
1.281989277380607284e+01
1.391278825151717768e+01
1.518923684336590085e+01
1.665029466475595044e+01
1.828425026025698941e+01
2.006203967457928528e+01
2.193326777973286923e+01
2.382428965275674315e+01
2.564018349713570188e+01
2.727229597198328648e+01
2.861196278562855255e+01
2.956888374396033470e+01
3.009001840062069633e+01
3.017310773479633923e+01
2.986953768739121529e+01
2.927469641115016685e+01
2.850876601288242185e+01
2.769433158546343066e+01
2.693738818877248065e+01
2.631564702187161231e+01
2.587454936747930390e+01
2.562902718840785354e+01
2.556841621637368078e+01
2.566250373302800014e+01
2.586763829233918699e+01
2.613256834633092751e+01
2.640401368611419386e+01
2.663195732962338269e+01
2.677443213661228327e+01
2.680134685673538542e+01
2.669680703075885475e+01
2.645952391320886576e+01
2.610124991156683194e+01
2.564360811330235990e+01
2.511402486372650600e+01
2.454159691101512308e+01
2.395360231101924597e+01
2.337307685437170690e+01
2.281755392485613498e+01
2.229881351837757464e+01
2.182335399757640815e+01
2.139327899095781405e+01
2.100734188996509744e+01
2.066196870574987798e+01
2.035215611096614552e+01
2.007220039048502613e+01
1.981625158813448451e+01
1.957870847203247422e+01
1.935447918071057671e+01
1.913913434167053396e+01
1.892897761670814916e+01
1.872105526625797012e+01
1.851312266332931245e+01
1.830358228267353482e+01
1.809140472014006562e+01
1.787604175966173159e+01
1.765733834038183758e+01
1.743544842316561017e+01
1.721075817365530725e+01
1.698381854802891056e+01
1.675528827927649900e+01
1.652588740961446589e+01
1.629636088705970920e+01
1.606745132148455113e+01
1.583987975014716021e+01
1.561433316192601417e+01
1.539145753858498722e+01
1.517185525705364135e+01
1.495608582949966348e+01
1.474466911381759360e+01
1.453809028782128898e+01
1.433680603324106428e+01
1.414125151273942649e+01
1.395184784053884641e+01
1.376900984364874958e+01
1.359315398666712049e+01
1.342470639033554747e+01
1.326411091449858226e+01
1.311183730189902086e+01
1.296838939206437047e+01
1.283431341564533668e+01
1.271020636959314487e+01
1.259672445249913331e+01
1.249459150659382267e+01
1.240460736699536959e+01
1.232765595789233792e+01
1.226471289701571443e+01
1.221685227121373529e+01
1.218525212429346283e+01
1.217119805092242935e+01
1.217608411556779302e+01
1.220141011324216329e+01
1.224877396231581983e+01
1.231985777668611881e+01
1.241640591998120335e+01
1.254019312271736730e+01
1.269298058168203447e+01
1.287645791232578141e+01
1.309216896077056980e+01
1.334141989181692445e+01
1.362516875787179060e+01
1.394389703163594518e+01
1.429746545095834342e+01
1.468495903404098968e+01
1.510452925039027861e+01
1.555324491597153624e+01
1.602696707023238076e+01
1.652026631115209199e+01
1.702640300801969175e+01
1.753739051740289767e+01
1.804415803844291588e+01
1.853682237389765319e+01
1.900506653637962273e+01
1.943860870652800799e+01
1.982772945878128468e+01
2.016381132977256740e+01
2.043983605614133481e+01
2.065078405226201852e+01
2.079388939763677868e+01
2.086872104511445158e+01
2.087708413152893172e+01
2.082275952213135639e+01
2.071112005008827595e+01
2.054867442251311971e+01
2.034259270921717544e+01
2.010026139769137288e+01
1.982890378579548241e+01
1.953528647560520426e+01
1.922551822020573553e+01
1.890493570368932197e+01
1.857806311567533797e+01
1.824862862949970577e+01
1.791962039178795862e+01
1.759336634635322483e+01
1.727162512204701272e+01
1.695567848808828870e+01
1.664641896612395655e+01
1.634442878269579325e+01
1.605004833966502531e+01
1.576343379038702253e+01
1.548460422041434370e+01
1.521347945256384548e+01
1.494990973518851973e+01
1.469369862229438084e+01
1.444462028768565531e+01
1.420243238592724211e+01
1.396688541705215769e+01
1.373772939285582773e+01
1.351471845384979709e+01
1.329761395433228621e+01
1.308618642104875995e+01
1.288021669839507055e+01
1.267949651843820646e+01
1.248382867490846770e+01
1.229302693428554605e+01
1.210691578179529415e+01
1.192533007343628348e+01
1.174811464525280691e+01
1.157512391645940575e+01
1.140622151248694394e+01
1.124127992659944830e+01
1.108018023367645100e+01
1.092281186649610092e+01
1.076907246296114273e+01
1.061886779186746210e+01
1.047211176479795114e+01
1.032872654237763754e+01
1.018864274434995387e+01
1.005179977467267349e+01
9.918146275066002104e+00
9.787640723182526870e+00
9.660252194844140661e+00
9.535961313659557348e+00
9.414761415873458716e+00
9.296659963599108067e+00
9.181680245761462800e+00
9.069863413256200602e+00
8.961270903154156642e+00
8.855987316404586807e+00
8.754123824575788859e+00
8.655822193876284487e+00
8.561259529167429605e+00
8.470653857016030130e+00
8.384270685083116348e+00
8.302430695228808943e+00
8.225518749380327677e+00
8.153994409932767695e+00
8.088404199294306096e+00
8.029395844616779243e+00
7.977734771384994872e+00
7.934323119786057532e+00
7.900221555385555483e+00
7.876674123053708065e+00
7.865136339681638944e+00
7.867306622294650609e+00
7.885160983709545768e+00
7.920990671241912473e+00
7.977442040406494961e+00
8.057557401023732524e+00
8.164814793775782675e+00
8.303163588394768979e+00
8.477051372923209982e+00
8.691435763963433203e+00
8.951772469748707550e+00
9.263968192843542226e+00
9.634283879343238155e+00
1.006917068949432803e+01
1.057501842914439827e+01
1.115779496878818300e+01
1.182255679860173636e+01
1.257281726926794541e+01
1.340977262615659349e+01
1.433140906859896369e+01
1.533154833822948149e+01
1.639893406346783067e+01
1.751651132486403739e+01
1.866109653176248884e+01
1.980365564295086500e+01
2.091038326743936082e+01
2.194468285895324300e+01
2.286998302365620006e+01
2.365310850614298488e+01
2.426771247464577286e+01
2.469714908068100456e+01
2.493619499939745765e+01
2.499124101735019110e+01
2.487891993339833263e+01
2.462350084241073134e+01
2.425363415152589752e+01
2.379909700203330303e+01
2.328806922491011733e+01
2.274523992176151665e+01
2.219080190388591944e+01
2.164020955111275413e+01
2.110448392953178143e+01
2.059083685117373363e+01
2.010342332761793216e+01
1.964408917830627743e+01
1.921303614253229597e+01
1.880937025465287604e+01
1.843152809262481640e+01
1.807759179737351474e+01
1.774551099076934335e+01
1.743325127619888093e+01
1.713888749283604795e+01
1.686065705127375480e+01
1.659698553266918353e+01
1.634649381797945722e+01
1.610799355039770830e+01
1.588047577081637129e+01
1.566309606487832262e+01
1.545515844835620989e+01
1.525609941609613252e+01
1.506547301611771239e+01
1.488293742389122087e+01
1.470824323393813593e+01
1.454122351956727677e+01
1.438178560893907587e+01
1.422990446631074590e+01
1.408561753647366288e+01
1.394902089748944718e+01
1.382026656438522139e+01
1.369956078921577536e+01
1.358716320713129910e+01
1.348338668116549321e+01
1.338859769846050618e+01
1.330321716611992677e+01
1.322772144467370481e+01
1.316264344028380151e+01
1.310857355248955258e+01
1.306616024179789193e+01
1.303610994026767678e+01
1.301918597822264267e+01
1.301620614163589806e+01
1.302803840857577633e+01
1.305559434147929032e+01
1.309981953852843262e+01
1.316168047769113869e+01
1.324214702934031251e+01
1.334216987933768728e+01
1.346265210944934410e+01
1.360441424550022305e+01
1.376815222939661076e+01
1.395438802586930827e+01
1.416341296652601400e+01
1.439522448813296052e+01
1.464945765652783294e+01
1.492531378390676089e+01
1.522148952147090029e+01
1.553611098103808352e+01
1.586667860109368000e+01
1.621002946515744370e+01
1.656232439340023532e+01
1.691906711783599704e+01
1.727516197149624588e+01
1.762501457747548272e+01
1.796267693557290812e+01
1.828203417787600671e+01
1.857702544081438134e+01
1.884188636542355511e+01
1.907139646628461094e+01
1.926111184531321641e+01
1.940756319560738064e+01
1.950840115458776580e+01
1.956247576611528061e+01
1.956984351639819053e+01
1.953170309772375290e+01
1.945026848024289379e+01
1.932859384528978097e+01
1.917036859122098136e+01
1.897970160300354792e+01
1.876091245157898157e+01
1.851834375788092046e+01
1.825620445204085485e+01
1.797844893268199229e+01
1.768869288307915966e+01
1.739016318033585051e+01
1.708567712598258481e+01
1.677764509658133107e+01
1.646809048043159862e+01
1.615868118291703937e+01
1.585076779518461798e+01
1.554542451127056069e+01
1.524348988472679700e+01
1.494560543159542476e+01
1.465225085599229438e+01
1.436377527871826487e+01
1.408042429418769181e+01
1.380236298664084416e+01
1.352969522924717261e+01
1.326247969615403299e+01
1.300074306218095366e+01
1.274449086816257370e+01
1.249371650805271017e+01
1.224840875893250747e+01
1.200855823569392733e+01
1.177416311434268614e+01
1.154523443548778872e+01
1.132180127513037071e+01
1.110391605487187405e+01
1.089166025912975222e+01
1.068515083363601903e+01
1.048454755812922734e+01
1.029006171758460120e+01
1.010196644161748303e+01
9.920609142138989256e+00
9.746426556440979994e+00
9.579962998225896698e+00
9.421892534102605410e+00
9.273045938575823044e+00
9.134443436081340906e+00
9.007334411197382096e+00
8.893245450510061545e+00
8.794038257292482896e+00
8.711979127292160285e+00
8.649821746802571099e+00
8.610905001992412267e+00
8.599267160031196511e+00
8.619777028275468211e+00
8.678281265780462661e+00
8.781764548366105316e+00
8.938515268191977725e+00
9.158283207079955801e+00
9.452406318145943231e+00
9.833870438711237227e+00
1.031724759053992635e+01
1.091843519149722397e+01
1.165409108468569954e+01
1.254063169992711657e+01
1.359264180681353196e+01
1.482055078986802954e+01
1.622748867182662735e+01
1.780538086302665590e+01
1.953061007083872269e+01
2.135998105670557834e+01
2.322821962178826638e+01
2.504865680768108760e+01
2.671878669051520916e+01
2.813166201130461275e+01
2.919238507523458992e+01
2.983655597497053336e+01
3.004548865384471412e+01
2.985274443705747771e+01
2.933892185739469838e+01
2.861592629136216814e+01
2.780585666684268986e+01
2.702097859414560332e+01
2.634956555546562740e+01
2.584917979315430259e+01
2.554623576887049552e+01
2.543950253179244569e+01
2.550539832554941455e+01
2.570376726611442564e+01
2.598364172499566749e+01
2.628896042212252837e+01
2.656428862878826180e+01
2.676038367689909947e+01
2.683914189059520794e+01
2.677724207311477755e+01
2.656781747494910562e+01
2.621979409011437312e+01
2.575504117178499186e+01
2.520399327703064785e+01
2.460071334754699635e+01
2.397836409480822795e+01
2.336577998646900767e+01
2.278543154612676247e+01
2.225270909290179588e+01
2.177622416025963403e+01
2.135875046942809519e+01
2.099846216717156011e+01
2.069021739362456813e+01
2.042673337302283088e+01
2.019957915877116861e+01
1.999996589961889981e+01
1.981934463642128819e+01
1.964983490294749657e+01
1.948451062678292089e+01
1.931756825063682470e+01
1.914439893787400493e+01
1.896158388583819487e+01
1.876682971519425180e+01
1.855885954360459777e+01
1.833727431273930719e+01
1.810239781774644641e+01
1.785511741141309017e+01
1.759673042794099729e+01
1.732880407128723377e+01
1.705305403390936902e+01
1.677124469154378872e+01
1.648511157637972957e+01
1.619630511920817995e+01
1.590635344385677641e+01
1.561664129023719383e+01
1.532840187285816924e+01
1.504271855291432480e+01
1.476053350656678376e+01
1.448266100941782852e+01
1.420980344504063453e+01
1.394256862370413863e+01
1.368148742800762463e+01
1.342703116545994924e+01
1.317962829851724571e+01
1.293968044393948347e+01
1.270757769451887675e+01
1.248371342843709186e+01
1.226849884594550666e+01
1.206237751969850081e+01
1.186584027191047674e+01
1.167944070429928338e+01
1.150381170892656968e+01
1.133968328060905328e+01
1.118790193323660453e+01
1.104945198926196248e+01
1.092547895720225348e+01
1.081731512634229730e+01
1.072650737721000880e+01
1.065484701241423515e+01
1.060440113123358152e+01
1.057754467287352362e+01
1.057699170104894648e+01
1.060582375418233170e+01
1.066751209540310441e+01
1.076592942135971143e+01
1.090534499818544845e+01
1.109039528738147240e+01
1.132601996411321466e+01
1.161735097735686040e+01
1.196954027609009863e+01
1.238751057714299364e+01
1.287561392655738146e+01
1.343718600149446729e+01
1.407399162795530145e+01
1.478557050991415345e+01
1.556851305944433328e+01
1.641572482622560614e+01
1.731577252856535765e+01
1.825243980235245900e+01
1.920464678467777375e+01
2.014689064292965526e+01
2.105032876607456771e+01
2.188454153787417056e+01
2.261987910154373793e+01
2.323013829400409236e+01
2.369517555108748752e+01
2.400299385941938723e+01
2.415089051530113906e+01
2.414542478661581626e+01
2.400121810586297499e+01
2.373885367048671924e+01
2.338231329912926881e+01
2.295642822050391985e+01
2.248473291240834016e+01
2.198794760211023558e+01
2.148314089387914549e+01
2.098348981364596710e+01
2.049848195357317593e+01
2.003438873831189326e+01
1.959486131412055698e+01
1.918154030186260783e+01
1.879461189670098165e+01
1.843327685546456962e+01
1.809612291593924382e+01
1.778140579093004447e+01
1.748725123424715733e+01
1.721179317274150478e+01
1.695326253621285773e+01
1.671003962793023589e+01
1.648068057570024436e+01
1.626392610576928277e+01
1.605869884331161757e+01
1.586409365654674275e+01
1.567936423072202068e+01
1.550390804494074715e+01
1.533725117536831917e+01
1.517903380798579249e+01
1.502899696381704864e+01
1.488697067862861090e+01
1.475286370498987054e+01
1.462665469220909920e+01
1.450838473013288876e+01
1.439815110215065275e+01
1.429610207083391060e+01
1.420243250920954914e+01
1.411738018662061833e+01
1.404122251697391732e+01
1.397427357659432268e+01
1.391688119747189667e+01
1.386942393864147149e+01
1.383230773356675236e+01
1.380596200497277160e+01
1.379083503128989818e+01
1.378738834189905482e+01
1.379608991334548662e+01
1.381740593778655501e+01
1.385179094089175678e+01
1.389967604253623001e+01
1.396145518379157302e+01
1.403746919224102108e+01
1.412798762908852979e+01
1.423318846033368068e+01
1.435313572422385064e+01
1.448775553063652133e+01
1.463681092496970493e+01
1.479987637598167893e+01
1.497631289550205480e+01
1.516524505377512000e+01
1.536554139634632676e+01
1.557579996884708251e+01
1.579434078065864888e+01
1.601920704934838469e+01
1.624817692733126151e+01
1.647878708881217236e+01
1.670836903028751763e+01
1.693409821410627458e+01
1.715305529162632681e+01
1.736229764142550636e+01
1.755893844024751971e+01
1.774022956452764177e+01
1.790364392270286231e+01
1.804695245798489722e+01
1.816829112222233533e+01
1.826621363855298341e+01
1.833972681646482528e+01
1.838830646698851723e+01
1.841189344503383296e+01
1.841087084704441423e+01
1.838602474021027788e+01
1.833849184678041411e+01
1.826969825604412989e+01
1.818129345194482127e+01
1.807508375226231578e+01
1.795296873187270137e+01
1.781688345462529099e+01
1.766874848235331896e+01
1.751042877275652643e+01
1.734370180517479199e+01
1.717023464038213731e+01
1.699156915387634825e+01
1.680911438303694538e+01
1.662414477999915619e+01
1.643780313629356371e+01
1.625110701012609837e+01
1.606495761132280364e+01
1.588015025519861112e+01
1.569738566337163554e+01
1.551728155130087572e+01
1.534038408907163920e+01
1.516717894825589674e+01
1.499810175156024705e+01
1.483354782385641180e+01
1.467388120495522408e+01
1.451944292877954368e+01
1.437055860329813939e+01
1.422754534348336897e+01
1.409071811812729180e+01
1.396039557266300335e+01
1.383690538582607665e+01
1.372058920926617986e+01
1.361180722691236156e+01
1.351094235550607081e+01
1.341840408947050811e+01
1.333463197219260721e+01
1.326009865170692059e+01
1.319531245144134601e+01
1.314081935583508987e+01
1.309720427603308046e+01
1.306509142240150823e+01
1.304514356845077749e+01
1.303805994544987890e+01
1.304457245970331947e+01
1.306543987707134846e+01
1.310143957483213306e+01
1.315335642373343994e+01
1.322196833900764190e+01
1.330802803605055828e+01
1.341224055424742723e+01
1.353523618292328834e+01
1.367753855010204767e+01
1.383952783200781234e+01
1.402139932271673928e+01
1.422311797981740611e+01
1.444437003796438468e+01
1.468451335214452058e+01
1.494252877560886184e+01
1.521697555317741646e+01
1.550595435471682393e+01
1.580708209668703113e+01
1.611748299037096999e+01
1.643380018956513666e+01
1.675223186797737540e+01
1.706859444561263572e+01
1.737841397028666535e+01
1.767704439898995616e+01
1.795980887738426190e+01
1.822215736121957264e+01
1.845983143027126161e+01
1.866902532469484655e+01
1.884653146310825989e+01
1.898985923922636232e+01
1.909731780273635238e+01
1.916805663840537122e+01
1.920206166969680339e+01
1.920010877753461287e+01
1.916368044158928541e+01
1.909485415518742712e+01
1.899617298704243495e+01
1.887050904757998282e+01
1.872092977973827388e+01
1.855057522691339145e+01
1.836255212216872224e+01
1.815984818776230725e+01
1.794526776344189045e+01
1.772138802180761274e+01
1.749053369034644589e+01
1.725476739291178419e+01
1.701589238658668890e+01
1.677546450078276763e+01
1.653481036946512361e+01
1.629504947774769263e+01
1.605711803340260957e+01
1.582179315846075518e+01
1.558971633538111767e+01
1.536141541478530392e+01
1.513732479041229162e+01
1.491780357427252923e+01
1.470315176907792143e+01
1.449362454654093568e+01
1.428944481018575985e+01
1.409081426021351113e+01
1.389792319458084080e+01
1.371095928198052327e+01
1.353011553439766068e+01
1.335559769342314951e+01
1.318763122834851309e+01
1.302646812703365065e+01
1.287239364360074489e+01
1.272573315047905140e+01
1.258685922598381168e+01
1.245619909177225360e+01
1.233424249605783096e+01
1.222155011681727288e+01
1.211876253234013312e+01
1.202660977173913004e+01
1.194592141219765935e+01
1.187763712876171240e+01
1.182281752151218690e+01
1.178265493818669185e+01
1.175848387105074089e+01
1.175179032757681696e+01
1.176421934742531050e+01
1.179757955585428952e+01
1.185384330021196142e+01
1.193514050955688610e+01
1.204374395261373643e+01
1.218204306259245584e+01
1.235250298288148585e+01
1.255760502470841544e+01
1.279976441049499414e+01
1.308122114250311974e+01
1.340390027380416882e+01
1.376923900696538361e+01
1.417798018284749340e+01
1.462993512912464311e+01
1.512372373480501864e+01
1.565650605421940966e+01
1.622372745920409187e+01
1.681890760777489646e+01
1.743351091086011095e+01
1.805694071398457723e+01
1.867669852030535083e+01
1.927874069020901260e+01
1.984804639273987092e+01
2.036938227210930563e+01
2.082821432246417714e+01
2.121168208707221581e+01
2.150952324060733289e+01
2.171482689602703786e+01
2.182450775089298745e+01
2.183943074253578942e+01
2.176417034506934201e+01
2.160644740884909965e+01
2.137633514017016267e+01
2.108535321436018961e+01
2.074557067353629236e+01
2.036881735218928924e+01
1.996606876123784602e+01
1.954703108058546590e+01
1.911991987565445683e+01
1.869140337108536443e+01
1.826666968911848343e+01
1.784957565230480370e+01
1.744283946426567411e+01
1.704824762884426548e+01
1.666685531527998521e+01
1.629916740368318528e+01
1.594529386112949432e+01
1.560507771701203694e+01
1.527819689635599154e+01
1.496424286068725706e+01
1.466277975707287062e+01
1.437338790681748790e+01
1.409569522828988575e+01
1.382939976555750050e+01
1.357428600728199442e+01
1.333023720287397929e+01
1.309724545555945063e+01
1.287542101234187975e+01
1.266500188201853305e+01
1.246636468901956718e+01
1.228003750263897942e+01
1.210671525525247993e+01
1.194727826458498221e+01
1.180281428739177585e+01
1.167464443590053769e+01
1.156435316103015509e+01
1.147382231910943950e+01
1.140526905502758304e+01
1.136128680750706899e+01
1.134488811160688648e+01
1.135954696489219629e+01
1.140923724716093268e+01
1.149846193790552284e+01
1.163226555849662347e+01
1.181621929650251346e+01
1.205636462960073096e+01
1.235909707079059316e+01
1.273096725997633527e+01
1.317837277691903175e+01
1.370711207844529689e+01
1.432177398137869062e+01
1.502494513447960856e+01
1.581623773389515364e+01
1.669117426071733945e+01
1.764001783458113692e+01
1.864670452107794674e+01
1.968810871552845398e+01
2.073393460456892967e+01
2.174754364628268988e+01
2.268796114353262539e+01
2.351312359206268354e+01
2.418413398272181780e+01
2.466994177188100679e+01
2.495157501999615235e+01
2.502496767549969903e+01
2.490164314170648652e+01
2.460701390780248587e+01
2.417667286055547038e+01
2.365154768698466015e+01
2.307297893784711462e+01
2.247862730465913117e+01
2.189973192069259511e+01
2.135981338050603284e+01
2.087459309734140689e+01
2.045274590267480619e+01
2.009709541884828710e+01
1.980594211648270075e+01
1.957432272739145063e+01
1.939509779783780985e+01
1.925983493889893339e+01
1.915949744595997473e+01
1.908496743768476378e+01
1.902743725116308937e+01
1.897869921610108435e+01
1.893135691577585789e+01
1.887897364779605880e+01
1.881616768913658078e+01
1.873865987172263914e+01
1.864327698422642854e+01
1.852791432455854448e+01
1.839146178833787815e+01
1.823369954465599818e+01
1.805517100007513775e+01
1.785704189115238449e+01
1.764095467622480484e+01
1.740888683711886742e+01
1.716302036216767135e+01
1.690562780870017079e+01
1.663897824028338945e+01
1.636526429372226943e+01
1.608654988143128506e+01
1.580473671449658468e+01
1.552154698728289972e+01
1.523851916753411295e+01
1.495701380871639152e+01
1.467822654277756556e+01
1.440320581903019814e+01
1.413287343926092277e+01
1.386804643193903175e+01
1.360945926345867818e+01
1.335778577576704862e+01
1.311366055744843528e+01
1.287769970033864730e+01
1.265052107362017253e+01
1.243276437266472456e+01
1.222511128156365068e+01
1.202830613580474406e+01
1.184317749187099800e+01
1.167066100740341206e+01
1.151182400909159398e+01
1.136789207169166005e+01
1.124027784206002067e+01
1.113061220320916433e+01
1.104077766553552920e+01
1.097294356901226209e+01
1.092960224692758509e+01
1.091360469598181915e+01
1.092819346864686381e+01
1.097702939562270252e+01
1.106420730355748994e+01
1.119425407294264119e+01
1.137210017363007708e+01
1.160301327835421858e+01
1.189247986372902943e+01
1.224601822792371841e+01
1.266890472605753715e+01
1.316579526004766443e+01
1.374022760802264820e+01
1.439399890427581497e+01
1.512642855667944808e+01
1.593354186774417158e+01
1.680724406789334680e+01
1.773459608970552637e+01
1.869734547954940140e+01
1.967189592520132635e+01
2.062989928015533891e+01
2.153960544388516141e+01
2.236799519025812444e+01
2.308355369480425168e+01
2.365934971068799442e+01
2.407592566187401673e+01
2.432344670748089044e+01
2.440265101999236563e+01
2.432438538495240721e+01
2.410783183708884891e+01
2.377782366747723941e+01
2.336181329770437287e+01
2.288704726798794198e+01
2.237835345787643959e+01
2.185672884233499147e+01
2.133871364157392492e+01
2.083640163347505592e+01
2.035787949370112671e+01
1.990789425269944601e+01
1.948858993873260559e+01
1.910020741569989156e+01
1.874168935476029318e+01
1.841116817256014215e+01
1.810633778836770702e+01
1.782472247693355527e+01
1.756386110259228772e+01
1.732142550031086614e+01
1.709528988016505480e+01
1.688356528668343159e+01
1.668461016526494234e+01
1.649702538892966075e+01
1.631963984333296480e+01
1.615149088013357570e+01
1.599180258458794945e+01
1.583996379307798641e+01
1.569550706729472367e+01
1.555808931829187536e+01
1.542747442082045417e+01
1.530351792275873812e+01
1.518615380262577652e+01
1.507538313501532379e+01
1.497126447082322720e+01
1.487390571295822639e+01
1.478345725924681453e+01
1.470010618573542693e+01
1.462407125091848137e+01
1.455559851147106443e+01
1.449495735085142911e+01
1.444243673249372861e+01
1.439834149868065616e+01
1.436298854448140716e+01
1.433670270364725496e+01
1.431981219066978284e+01
1.431264345119246073e+01
1.431551528273928220e+01
1.432873210062510161e+01
1.435257624148040279e+01
1.438729922075302881e+01
1.443311189262159466e+01
1.449017350272560734e+01
1.455857967756213078e+01
1.463834946050039854e+01
1.472941158363525638e+01
1.483159025665078978e+01
1.494459085663586251e+01
1.506798601277012750e+01
1.520120269127939672e+01
1.534351099102822147e+01
1.549401544823553678e+01
1.565164970770102215e+01
1.581517543393042402e+01
1.598318629483586051e+01
1.615411774100444475e+01
1.632626311627612381e+01
1.649779636792048620e+01
1.666680128260700400e+01
1.683130677300864164e+01
1.698932730508996869e+01
1.713890712326900356e+01
1.727816654191129686e+01
1.740534827159554254e+01
1.751886157839042824e+01
1.761732206524709099e+01
1.769958503208371781e+01
1.776477071102590699e+01
1.781228016042718565e+01
1.784180119180728852e+01
1.785330434043392955e+01
1.784702951012150152e+01
1.782346446637914994e+01
1.778331677116339549e+01
1.772748101640223339e+01
1.765700331158522118e+01
1.757304492211480351e+01
1.747684676495280698e+01
1.736969618217296230e+01
1.725289707158310648e+01
1.712774409553369281e+01
1.699550134754135655e+01
1.685738555611358436e+01
1.671455366142996368e+01
1.656809441969189578e+01
1.641902357101401222e+01
1.626828204339649986e+01
1.611673664807991457e+01
1.596518273959618028e+01
1.581434835636062353e+01
1.566489941507289174e+01
1.551744559653241140e+01
1.537254662559517726e+01
1.523071870955495655e+01
1.509244095443926348e+01
1.495816162605396293e+01
1.482830416153212028e+01
1.470327286775061637e+01
1.458345826580245230e+01
1.446924205650763007e+01
1.436100169155066908e+01
1.425911453907215787e+01
1.416396163216693438e+01
1.407593098440310975e+01
1.399542044871698465e+01
1.392284008530777228e+01
1.385861399083154488e+01
1.380318152562228207e+01
1.375699785820659748e+01
1.372053372745281052e+01
1.369427430285725578e+01
1.367871700347508579e+01
1.367436811688156517e+01
1.368173804269782856e+01
1.370133497247398324e+01
1.373365681145707562e+01
1.377918115092716000e+01
1.383835311590420147e+01
1.391157094620749746e+01
1.399916922359691540e+01
1.410139973869035401e+01
1.421841010288388496e+01
1.435022035599764578e+01
1.449669800140418907e+01
1.465753211561874103e+01
1.483220742321258001e+01
1.501997948944283934e+01
1.521985244454993413e+01
1.543056089035890110e+01
1.565055781965060966e+01
1.587801046415469308e+01
1.611080593789268534e+01
1.634656832142484717e+01
1.658268841104014513e+01
1.681636672390301612e+01
1.704466951936703012e+01
1.726459661271562496e+01
1.747315869817221667e+01
1.766746087028012369e+01
1.784478816285774272e+01
1.800268834089152392e+01
1.813904699173187751e+01
1.825215023520282642e+01
1.834073111618515739e+01
1.840399689918318415e+01
1.844163593077867702e+01
1.845380430549173312e+01
1.844109407758196184e+01
1.840448603247670789e+01
1.834529093439453007e+01
1.826508362898595550e+01
1.816563439560859550e+01
1.804884156736558865e+01
1.791666876586864987e+01
1.777108925111435056e+01
1.761403898419853675e+01
1.744737914390209710e+01
1.727286810169663411e+01
1.709214228631727295e+01
1.690670497255398885e+01
1.671792180018261931e+01
1.652702174358603671e+01
1.633510227846244689e+01
1.614313759539530579e+01
1.595198886010003214e+01
1.576241569131658693e+01
1.557508820031788055e+01
1.539059909771320811e+01
1.520947551581756407e+01
1.503219031469179967e+01
1.485917273641523906e+01
1.469081834658188690e+01
1.452749825687857310e+01
1.436956766084804471e+01
1.421737373952909778e+01
1.407126300731797386e+01
1.393158817341961253e+01
1.379871459249116761e+01
1.367302637087202832e+01
1.355493218303269032e+01
1.344487083702257380e+01
1.334331660784107854e+01
1.325078433355466778e+01
1.316783424011182468e+01
1.309507642641116121e+01
1.303317490032851467e+01
1.298285100807783543e+01
1.294488604244342866e+01
1.292012274919928494e+01
1.290946537489544710e+01
1.291387781324661610e+01
1.293437931272727504e+01
1.297203710730901349e+01
1.302795523038786030e+01
1.310325867660606036e+01
1.319907199906757356e+01
1.331649138671498456e+01
1.345654928024966068e+01
1.362017068278374232e+01
1.380812053694444685e+01
1.402094191110729682e+01
1.425888530230777285e+01
1.452183015553984902e+01
1.480920073781676471e+01
1.511987978326752646e+01
1.545212479382453630e+01
1.580349343236407123e+01
1.617078590446697461e+01
1.655001333885132908e+01
1.693640162809148819e+01
1.732443963305582102e+01
1.770797877036575940e+01
1.808038759489854641e+01
1.843476008219788653e+01
1.876417024247850662e+01
1.906195914647216227e+01
1.932203441505589581e+01
1.953915788773303319e+01
1.970919562985502083e+01
1.982930638372820198e+01
1.989805010562372800e+01
1.991540670043608685e+01
1.988270513823531260e+01
1.980247309267758027e+01
1.967822538135644805e+01
1.951421454434563429e+01
1.931516830902654291e+01
1.908603666890691386e+01
1.883176668804173914e+01
1.855711710467657127e+01
1.826651854095709737e+01
1.796397958999319755e+01
1.765303484022317448e+01
1.733672822302127869e+01
1.701762384062098477e+01
1.669783636490419099e+01
1.637907383376273174e+01
1.606268686125754286e+01
1.574971963383383766e+01
1.544095938337998319e+01
1.513698218557309794e+01
1.483819387140343160e+01
1.454486555080637444e+01
1.425716374892173732e+01
1.397517548136357668e+01
1.369892878332903408e+01
1.342840929499095282e+01
1.316357352398131297e+01
1.290435938022282158e+01
1.265069452807530404e+01
1.240250303947407495e+01
1.215971076877678136e+01
1.192224981135767337e+01
1.169006235711292874e+01
1.146310420883056658e+01
1.124134820465399720e+01
1.102478776386856119e+01
1.081344076595801873e+01
1.060735397429916915e+01
1.040660822812847641e+01
1.021132464993380751e+01
1.002167215094770647e+01
9.837876566076921847e+00
9.660231812924330086e+00
9.489113549442638629e+00
9.324995903392970575e+00
9.168471966478229263e+00
9.020278888898968006e+00
8.881328577516486078e+00
8.752745192521361517e+00
8.635910850059218546e+00
8.532521162692887629e+00
8.444652467683102515e+00
8.374842771763155724e+00
8.326188523912138706e+00
8.302459222339983569e+00
8.308231422666169763e+00
8.349042717216541121e+00
8.431564366329677540e+00
8.563787997966299415e+00
8.755216477360345806e+00
9.017040788625388714e+00
9.362272459948203007e+00
9.805783499325933406e+00
1.036418200225038078e+01
1.105542146743651166e+01
1.189800754062535582e+01
1.290963390145675938e+01
1.410506331313782269e+01
1.549309555030258778e+01
1.707256931493722263e+01
1.882757815103256860e+01
2.072248085056589062e+01
2.269784766141891552e+01
2.466908680530631059e+01
2.652984972544413367e+01
2.816196039978435195e+01
2.945211500247003400e+01
3.031294393575376489e+01
3.070308858523783613e+01
3.063944888297452351e+01
3.019633444686558832e+01
2.949089643484408541e+01
2.865962850077966451e+01
2.783371433437494602e+01
2.712002505692693788e+01
2.659087093352563258e+01
2.628183484833676786e+01
2.619501121603458671e+01
2.630490580417251678e+01
2.656522992451104415e+01
2.691589567485004864e+01
2.729016167369701407e+01
2.762197955062243793e+01
2.785328425209861791e+01
2.794050915049533046e+01
2.785928290530353379e+01
2.760631963400069111e+01
2.719802177413222566e+01
2.666611624805788594e+01
2.605140327569318615e+01
2.539708380354217354e+01
2.474301242456769145e+01
2.412171825330916164e+01
2.355641517982352795e+01
2.306073146383931771e+01
2.263964075825287026e+01
2.229105217792557880e+01
2.200762630932402786e+01
2.177853510083093269e+01
2.159101686637003326e+01
2.143166959689211026e+01
2.128747698394792209e+01
2.114658336654816395e+01
2.099883923223083215e+01
2.083613820931384808e+01
2.065256593071950419e+01
2.044438327352763096e+01
2.020987109645203716e+01
1.994906897459280515e+01
1.966344441206894800e+01
1.935552991479138285e+01
1.902856242973646062e+01
1.868615338118182478e+01
1.833200904709223522e+01
1.796971186406737075e+01
1.760256486675609366e+01
1.723349487227621424e+01
1.686500567739456002e+01
1.649917041122762029e+01
1.613765189776749054e+01
1.578174088490749050e+01
1.543240373374325891e+01
1.509033316697257199e+01
1.475599761470809845e+01
1.442968637126721809e+01
1.411154910040541033e+01
1.380162919085866058e+01
1.349989110812189352e+01
1.320624227327414069e+01
1.292055019103607982e+01
1.264265560694581048e+01
1.237238244669660681e+01
1.210954521652324622e+01
1.185395444828492018e+01
1.160542067371531871e+01
1.136375731940094269e+01
1.112878283268038260e+01
1.090032228083225796e+01
1.067820861163709445e+01
1.046228372156889463e+01
1.025239944692712690e+01
1.004841857149750517e+01
9.850215930299443201e+00
9.657679681348311007e+00
9.470712815128102591e+00
9.289234973919935356e+00
9.113184659821422784e+00
8.942521921028498966e+00
8.777231620761437370e+00
8.617327412326401870e+00
8.462856567613075143e+00
8.313905835390780652e+00
8.170608540761701732e+00
8.033153178833103425e+00
7.901793804892760953e+00
7.776862580876808373e+00
7.658784904282966544e+00
7.548097621078373010e+00
7.445470908009454547e+00
7.351734500215377111e+00
7.267909033318743717e+00
7.195243358188604610e+00
7.135258759479653712e+00
7.089801046778625881e+00
7.061101460122682916e+00
7.051847195066073937e+00
7.065262040409168165e+00
7.105197039179330432e+00
7.176230096991404572e+00
7.283771889229413432e+00
7.434173019305727159e+00
7.634823852711828174e+00
7.894233442707098369e+00
8.222067108695251036e+00
8.629113244122024184e+00
9.127138796731459891e+00
9.728580141296955475e+00
1.044600339883597684e+01
1.129125908433524472e+01
1.227425635765253809e+01
1.340130150596536573e+01
1.467299621333051185e+01
1.608178741033466608e+01
1.760941119937967869e+01
1.922467238161415537e+01
2.088221202365638973e+01
2.252305808442251234e+01
2.407770625694550048e+01
2.547211234886026432e+01
2.663624292637606317e+01
2.751385772531670781e+01
2.807134623651617034e+01
2.830319845894242192e+01
2.823238675874027592e+01
2.790544352708806031e+01
2.738370208843740272e+01
2.673322792270316484e+01
2.601596013715402478e+01
2.528368112226943509e+01
2.457522408356196308e+01
2.391638274876844861e+01
2.332155720062691628e+01
2.279618785292014493e+01
2.233928462464202624e+01
2.194565765863171336e+01
2.160769342992158215e+01
2.131666760679669181e+01
2.106365765504374110e+01
2.084014039270835994e+01
2.063835586642840880e+01
2.045150466948103585e+01
2.027382978752939735e+01
2.010062010186534209e+01
1.992816194603208402e+01
1.975365743620494641e+01
1.957512302782492242e+01
1.939127817236181528e+01
1.920143145436977861e+01
1.900536974407219049e+01
1.880325442893851218e+01
1.859552754026547916e+01
1.838282950540756744e+01
1.816592932059930376e+01
1.794566716206260182e+01
1.772290884517065734e+01
1.749851110547274757e+01
1.727329640230672325e+01
1.704803581590897110e+01
1.682343859567902911e+01
1.660014699096111102e+01
1.637873512752081950e+01
1.615971085737896118e+01
1.594351968624728855e+01
1.573055005625815461e+01
1.552113942179979666e+01
1.531558069717358350e+01
1.511412877396039711e+01
1.491700690332389634e+01
1.472441281546902125e+01
1.453652450748939273e+01
1.435350567462858251e+01
1.417551079132413427e+01
1.400268986987487985e+01
1.383519293842263842e+01
1.367317428804585866e+01
1.351679654262228780e+01
1.336623460587022905e+01
1.322167953844424204e+01
1.308334241467978920e+01
1.295145820384977320e+01
1.282628971469776502e+01
1.270813163444515936e+01
1.259731468415690792e+01
1.249420990085496896e+01
1.239923304249185243e+01
1.231284909408097761e+01
1.223557683100705340e+01
1.216799336773105544e+01
1.211073858553733551e+01
1.206451929030292014e+01
1.203011289909744619e+01
1.200837039137636530e+01
1.200021818542867535e+01
1.200665851282551699e+01
1.202876776289272520e+01
1.206769215694271757e+01
1.212463999126134873e+01
1.220086956445310200e+01
1.229767178817173523e+01
1.241634638477847830e+01
1.255817052132081102e+01
1.272435874364964015e+01
1.291601319226053590e+01
1.313406334443458334e+01
1.337919498239459415e+01
1.365176878192927212e+01
1.395172989034867328e+01
1.427851113746567435e+01
1.463093408376980875e+01
1.500711388632387155e+01
1.540437581054596627e+01
1.581919290030265657e+01
1.624715551242758593e+01
1.668298372478299996e+01
1.712059261727396731e+01
1.755321774565793191e+01
1.797360360329270890e+01
1.837425162929107714e+01
1.874771691348399472e+01
1.908693514073809894e+01
1.938555481676146997e+01
1.963824583585050476e+01
1.984095516565681194e+01
1.999108441918576773e+01
2.008757208978990860e+01
2.013087406802333845e+01
2.012284788144013348e+01
2.006655679529382397e+01
1.996601766032808101e+01
1.982592009097696817e+01
1.965134403209790293e+01
1.944749871619493220e+01
1.921949968764116790e+01
1.897219341744199284e+01
1.871003232035528185e+01
1.843699758774898712e+01
1.815656357223372552e+01
1.787169550708129862e+01
1.758487184317188223e+01
1.729812303552056818e+01
1.701307979303478035e+01
1.673102526283614822e+01
1.645294709280560497e+01
1.617958663905125150e+01
1.591148367702608724e+01
1.564901581415185916e+01
1.539243240389117950e+01
1.514188316180116800e+01
1.489744192558228342e+01
1.465912612471910137e+01
1.442691256680674705e+01
1.420075013587104351e+01
1.398056995470207120e+01
1.376629350401548457e+01
1.355783912667836688e+01
1.335512728197615395e+01
1.315808485684282303e+01
1.296664879007877502e+01
1.278076922251871039e+01
1.260041235078040955e+01
1.242556313407625446e+01
1.225622798183927742e+01
1.209243753376844843e+01
1.193424963250737214e+01
1.178175258175944329e+01
1.163506877849146015e+01
1.149435880631617479e+01
1.135982607752160511e+01
1.123172211286321698e+01
1.111035255041712766e+01
1.099608397663587489e+01
1.088935167316996733e+01
1.079066837061756878e+01
1.070063409331054416e+01
1.061994716511696524e+01
1.054941642185399964e+01
1.048997463709539169e+01
1.044269310953422192e+01
1.040879727474811567e+01
1.038968308358728265e+01
1.038693372289456107e+01
1.040233602927837353e+01
1.043789564877808296e+01
1.049584960892058305e+01
1.057867447959693585e+01
1.068908769307697959e+01
1.083003886640226199e+01
1.100468713071855476e+01
1.121635955558998354e+01
1.146848483406513886e+01
1.176449559447083537e+01
1.210769223256983906e+01
1.250106131462447756e+01
1.294704279923455026e+01
1.344724307712733768e+01
1.400209570449713681e+01
1.461047922958526080e+01
1.526931196685741732e+01
1.597315671377863211e+01
1.671388309651637627e+01
1.748044909120086032e+01
1.825887248960261644e+01
1.903246268135648478e+01
1.978236790881861396e+01
2.048845948762081193e+01
2.113052271578895258e+01
2.168966081930900458e+01
2.214975664210525963e+01
2.249879488264826222e+01
2.272984272996930954e+01
2.284152792818122535e+01
2.283793585791996250e+01
2.272795171477373799e+01
2.252417203232617382e+01
2.224157510895659229e+01
2.189615762345556504e+01
2.150371649797297380e+01
2.107889609314022650e+01
2.063455205313378471e+01
2.018142293516670804e+01
1.972805986227979957e+01
1.928094511478945705e+01
1.884472906633696709e+01
1.842252476878635647e+01
1.801621451371424243e+01
1.762673818364318379e+01
1.725434645835601799e+01
1.689881190065356975e+01
1.655959761828801291e+01
1.623598713153258899e+01
1.592718098507883262e+01
1.563236620272207844e+01
1.535076443447739614e+01
1.508166397817686821e+01
1.482444002815737605e+01
1.457856666698265613e+01
1.434362335505857899e+01
1.411929802360261377e+01
1.390538834668882906e+01
1.370180235052831108e+01
1.350855919793187887e+01
1.332579074566961808e+01
1.315374429489771835e+01
1.299278682394346696e+01
1.284341089410684056e+01
1.270624233976953654e+01
1.258204978200286561e+01
1.247175592842466685e+01
1.237645052938488810e+01
1.229740473882341156e+01
1.223608646293413749e+01
1.219417605461656073e+01
1.217358140785090725e+01
1.217645110283074850e+01
1.220518372825070941e+01
1.226243084143403550e+01
1.235109020590497408e+01
1.247428496907091144e+01
1.263532333469910540e+01
1.283763211301705809e+01
1.308465642816251062e+01
1.337971705517817966e+01
1.372581669910663926e+01
1.412538752100760142e+01
1.457997502174780813e+01
1.508985879536198915e+01
1.565361944205889344e+01
1.626767363247850540e+01
1.692581586131116467e+01
1.761882458972779375e+01
1.833420929966814938e+01
1.905618841408696440e+01
1.976598911739252884e+01
2.044254121888750930e+01
2.106359264394097508e+01
2.160720382525857275e+01
2.205349129621987103e+01
2.238640675325487450e+01
2.259528358016898153e+01
2.267588371020401539e+01
2.263074600637824929e+01
2.246876308506671194e+01
2.220406416823845674e+01
2.185441298803118926e+01
2.143940403366915604e+01
2.097874115033418363e+01
2.049081959090986516e+01
1.999173472515258609e+01
1.949474081916871882e+01
1.901010642304195386e+01
1.854526967369490364e+01
1.810518528530105797e+01
1.769276591710970692e+01
1.730934306395844757e+01
1.695509769992092330e+01
1.662943307914608937e+01
1.633127892793663349e+01
1.605932746498971042e+01
1.581220812027389222e+01
1.558861073743688408e+01
1.538736764495633302e+01
1.520750423461097256e+01
1.504826628028219737e+01
1.490913060793094758e+01
1.478980414439727298e+01
1.469021495578919634e+01
1.461049768254311054e+01
1.455097478899319263e+01
1.451213424967371068e+01
1.449460366482164275e+01
1.449912030817795383e+01
1.452649624358595837e+01
1.457757739658045715e+01
1.465319533970517973e+01
1.475411056608363580e+01
1.488094621863496059e+01
1.503411165738157962e+01
1.521371593606443362e+01
1.541947227098824058e+01
1.565059595285794991e+01
1.590569987408908759e+01
1.618269385741552924e+01
1.647869612729548550e+01
1.678996730379249058e+01
1.711187883855682301e+01
1.743892836854242390e+01
1.776481350035228957e+01
1.808257257775624893e+01
1.838479575504099373e+01
1.866390230749841805e+01
1.891247119207628558e+01
1.912360263914911229e+01
1.929128069312929483e+01
1.941070197363972483e+01
1.947853605066449845e+01
1.949308846260695560e+01
1.945434812581407868e+01
1.936391501804439486e+01
1.922481898186012472e+01
1.904125343519491054e+01
1.881825633768210437e+01
1.856137368558406209e+01
1.827633818233645258e+01
1.796878881110327697e+01
1.764404775708863937e+01
1.730696151876777478e+01
1.696180473994710169e+01
1.661223925966088899e+01
1.626131740133592629e+01
1.591151735857198091e+01
1.556479912400371290e+01
1.522267109582122657e+01
1.488625968873217609e+01
1.455637651948243416e+01
1.423357974180192187e+01
1.391822772695923049e+01
1.361052448722720065e+01
1.331055705220762242e+01
1.301832549881545731e+01
1.273376658223687130e+01
1.245677199063761975e+01
1.218720221235765777e+01
1.192489690813690650e+01
1.166968255632689200e+01
1.142137800831878636e+01
1.117979846793025089e+01
1.094475829922184751e+01
1.071607297484776744e+01
1.049356040162052217e+01
1.027704180004209178e+01
1.006634226800115250e+01
9.861291123353874255e+00
9.661722093504032216e+00
9.467473400439578413e+00
9.278387775343377442e+00
9.094312426558365914e+00
8.915098977316155526e+00
8.740603384436033352e+00
8.570685845566474725e+00
8.405210700026538362e+00
8.244046326582518347e+00
8.087065040329161292e+00
7.934142990064711576e+00
7.785160057035598768e+00
7.639999755595297870e+00
7.498549136114440294e+00
7.360698690356129781e+00
7.226342259463422124e+00
7.095376944678634779e+00
6.967703020913036838e+00
6.843223853304947646e+00
6.721845816938778917e+00
6.603478219946674166e+00
6.488033230276371910e+00
6.375425806486558322e+00
6.265573633025331546e+00
6.158397060562815994e+00
6.053819052089592034e+00
5.951765135664671469e+00
5.852163364907413623e+00
5.754944288586678169e+00
5.660040930978364138e+00
5.567388785054259159e+00
5.476925821047577081e+00
5.388592513535122919e+00
5.302331890910101819e+00
5.218089612024437329e+00
5.135814075897168429e+00
5.055456571764683105e+00
4.976971478451799769e+00
4.900316524145963193e+00
4.825453120254319828e+00
4.752346786231522735e+00
4.680967686228567182e+00
4.611291303306717104e+00
4.543299283004388123e+00
4.476980485507406904e+00
4.412332294886366135e+00
4.349362245234077662e+00
4.288090037561819834e+00
4.228550038603536620e+00
4.170794373976702829e+00
4.114896754359523179e+00
4.060957205556170457e+00
4.009107912842886812e+00
3.959520438370214279e+00
3.912414629466113958e+00
3.868069607545182365e+00
3.826837314356635211e+00
3.789159197081449992e+00
3.755586738975754457e+00
3.726806690322447047e+00
3.703672027206867501e+00
3.687239863437067111e+00
3.678817761403572639e+00
3.680020123638308327e+00
3.692836583109547988e+00
3.719714518815549820e+00
3.763657955744833306e+00
3.828345085545667104e+00
3.918266340777350365e+00
4.038884178283502990e+00
4.196814187038819810e+00
4.400024412779789174e+00
4.658045295948009645e+00
4.982175557995940807e+00
5.385658742356048023e+00
5.883789776252433157e+00
6.493889799094715087e+00
7.235060109620215840e+00
8.127593476662115179e+00
9.191887528222205006e+00
1.044668053864882751e+01
1.190643368434956351e+01
1.357774638099923870e+01
1.545485413899258376e+01
1.751456391816400426e+01
1.971144696142901154e+01
2.197467627624115138e+01
2.420837429613070313e+01
2.629737296257131973e+01
2.811945459363985833e+01
2.956320751655630019e+01
3.054797246613811978e+01
3.104018012712008101e+01
3.106028897787684429e+01
3.067735093822913939e+01
2.999293026399230300e+01
2.912009843468737813e+01
2.816425884059193407e+01
2.721043701358334488e+01
2.631820267330691365e+01
2.552265501171151740e+01
2.483883720764346137e+01
2.426724209545486488e+01
2.379893854067750780e+01
2.341967569914394787e+01
2.311286324969170280e+01
2.286158478100750102e+01
2.264987527094282882e+01
2.246347560061036930e+01
2.229022817083413699e+01
2.212022859926522145e+01
2.194581056831775356e+01
2.176141569279277377e+01
2.156338527123034865e+01
2.134970247055904835e+01
2.111970874581923496e+01
2.087381487935662960e+01
2.061322365375555776e+01
2.033967736676679650e+01
2.005523922200934450e+01
1.976211343975448287e+01
1.946250514413454624e+01
1.915851802638578150e+01
1.885208563093026157e+01
1.854493087334738632e+01
1.823854796301136005e+01
1.793420108337481977e+01
1.763293477375303198e+01
1.733559176881590602e+01
1.704283493449721121e+01
1.675517078533523474e+01
1.647297281428990345e+01
1.619650348202684853e+01
1.592593419324346371e+01
1.566136294298373777e+01
1.540282956425597227e+01
1.515032867063287192e+01
1.490382048430869766e+01
1.466323978932841854e+01
1.442850326622454560e+01
1.419951545966430650e+01
1.397617361352862453e+01
1.375837158423013129e+01
1.354600301717552213e+01
1.333896394574266075e+01
1.313715494855034471e+01
1.294048297997540509e+01
1.274886297114804812e+01
1.256221928405216559e+01
1.238048708971394518e+01
1.220361373253094150e+01
1.203156013629511811e+01
1.186430230312075906e+01
1.170183295404884660e+01
1.154416335934160109e+01
1.139132540721531051e+01
1.124337396182544779e+01
1.110038956457252901e+01
1.096248153710777906e+01
1.082979154963954116e+01
1.070249772410638833e+01
1.058081934826441461e+01
1.046502228342390772e+01
1.035542515502213767e+01
1.025240642080640541e+01
1.015641241523955784e+01
1.006796646958820318e+01
9.987679203305305009e+00
9.916260071438307122e+00
9.854530231745687985e+00
9.803436759814474044e+00
9.764068185275641909e+00
9.737671240162427466e+00
9.725668592620040798e+00
9.729677174484933744e+00
9.751526486359768597e+00
9.793275963198343703e+00
9.857230089959344355e+00
9.945949453197442836e+00
1.006225528542984726e+01
1.020922429629945860e+01
1.039016969312116245e+01
1.060860330250307548e+01
1.086817268208703169e+01
1.117256618233607135e+01
1.152537828820299204e+01
1.192992754828521385e+01
1.238902041367813744e+01
1.290465690731400628e+01
1.347767885239715824e+01
1.410736900525783000e+01
1.479102024249382730e+01
1.552350779962362459e+01
1.629691338408141377e+01
1.710026539796612255e+01
1.791947054442499976e+01
1.873751342096961281e+01
1.953498656156239122e+01
2.029097947021645254e+01
2.098430125496458842e+01
2.159494387349603528e+01
2.210562566150935382e+01
2.250320713253987392e+01
2.277976214255545173e+01
2.293312826022793516e+01
2.296684644584944124e+01
2.288951151732905842e+01
2.271366085856205785e+01
2.245440028273139887e+01
2.212798641055497129e+01
2.175055574390346891e+01
2.133712813538970110e+01
2.090093926328881224e+01
2.045309289491922655e+01
2.000248063551504885e+01
1.955589682402456120e+01
1.911827506234525131e+01
1.869298359503935458e+01
1.828213267300645839e+01
1.788686322858084310e+01
1.750759988928982125e+01
1.714426153040010448e+01
1.679642928869875362e+01
1.646347585074271436e+01
1.614466165966890898e+01
1.583920416440611589e+01
1.554632592200063002e+01
1.526528665303664489e+01
1.499540349741676515e+01
1.473606287337868714e+01
1.448672658439495464e+01
1.424693417825032604e+01
1.401630304480375244e+01
1.379452733416086652e+01
1.358137646941554166e+01
1.337669380039737810e+01
1.318039578052029270e+01
1.299247193341560624e+01
1.281298579744225208e+01
1.264207698452240791e+01
1.247996445709343938e+01
1.232695110684779038e+01
1.218342970598572705e+01
1.204989029122842403e+01
1.192692902838568969e+01
1.181525858625632530e+01
1.171572001793908768e+01
1.162929609919149954e+01
1.155712599989336553e+01
1.150052105680618553e+01
1.146098126241719761e+01
1.144021187209654578e+01
1.144013924406303495e+01
1.146292464573198444e+01
1.151097426702525972e+01
1.158694305873004993e+01
1.169372925017251497e+01
1.183445549588872936e+01
1.201243157899013703e+01
1.223109252067635744e+01
1.249390492992527157e+01
1.280423367668587176e+01
1.316516079758059199e+01
1.357924938911520307e+01
1.404824769134993545e+01
1.457273330218239416e+01
1.515170518311666470e+01
1.578214232435064979e+01
1.645856261689420563e+01
1.717263265859616084e+01
1.791289647622615888e+01
1.866470425494119212e+01
1.941042521011034339e+01
2.013001503483435783e+01
2.080197252087889126e+01
2.140466091468080023e+01
2.191789372521947854e+01
2.232460745256106804e+01
2.261238749333939424e+01
2.277460126973664600e+01
2.281093829399100770e+01
2.272725663934195239e+01
2.253476547698709709e+01
2.224869743847189696e+01
2.188670723208626612e+01
2.146725411715646814e+01
2.100818749025226495e+01
2.052567737574426232e+01
2.003354308716393817e+01
1.954295788836748571e+01
1.906245852624734027e+01
1.859816797707500768e+01
1.815414174469249886e+01
1.773276360953998321e+01
1.733513753907965338e+01
1.696144269370988411e+01
1.661123498977624635e+01
1.628369053421674195e+01
1.597779374074456982e+01
1.569247697791612239e+01
1.542672020575370340e+01
1.517961912515313472e+01
1.495042957503748582e+01
1.473859473409323328e+01
1.454376040868035069e+01
1.436578247861257296e+01
1.420472950344206353e+01
1.406088258493139698e+01
1.393473382674885741e+01
1.382698410437771130e+01
1.373854032458758567e+01
1.367051188144447416e+01
1.362420557395265064e+01
1.360111781277788801e+01
1.360292249036884904e+01
1.363145240945164716e+01
1.368867166116633349e+01
1.377663583549664139e+01
1.389743647694780826e+01
1.405312584418846633e+01
1.424561791189296756e+01
1.447656183419532461e+01
1.474718499244302805e+01
1.505810454054518743e+01
1.540910932234726616e+01
1.579891841243175676e+01
1.622492843762752202e+01
1.668296911595285792e+01
1.716709451164646794e+01
1.766944516042513769e+01
1.818022159515428271e+01
1.868781043624737137e+01
1.917909744258180638e+01
1.963998564735985752e+01
2.005611045572184636e+01
2.041370960786241895e+01
2.070056981031841659e+01
2.090694209884468435e+01
2.102630408999521805e+01
2.105585651854277174e+01
2.099667567399341550e+01
2.085349695788317348e+01
2.063416558722614980e+01
2.034884335402869482e+01
2.000909249003273160e+01
1.962696291800531156e+01
1.921418956344082218e+01
1.878157051900930696e+01
1.833855591218935288e+01
1.789304120034057988e+01
1.745133333011024845e+01
1.701824540609132086e+01
1.659727352606525841e+01
1.619081486108387224e+01
1.580039526704232244e+01
1.542688478727438373e+01
1.507068845901691745e+01
1.473190695919123705e+01
1.441046661944250928e+01
1.410622143214477653e+01
1.381903126928748371e+01
1.354882108487051617e+01
1.329562575295496885e+01
1.305962470347981075e+01
1.284116986131230220e+01
1.264080969798286702e+01
1.245931153738625596e+01
1.229768364051149199e+01
1.215719802463171995e+01
1.203941442439910148e+01
1.194620523797351197e+01
1.187978067375618885e+01
1.184271256942244577e+01
1.183795443821371229e+01
1.186885415204705474e+01
1.193915424938905723e+01
1.205297313207628029e+01
1.221475840702828464e+01
1.242920143134798039e+01
1.270109995399899994e+01
1.303515402493086661e+01
1.343567973619593126e+01
1.390622686965033949e+01
1.444909150235838347e+01
1.506472468173457635e+01
1.575105503781257710e+01
1.650276767865079108e+01
1.731061342055131647e+01
1.816085805362901695e+01
1.903501359793106218e+01
1.991001041833009566e+01
2.075895533458921705e+01
2.155256201822339079e+01
2.226122977129571012e+01
2.285759601052111734e+01
2.331922980698967507e+01
2.363102084168632189e+01
2.378680420229866499e+01
2.378987627691014595e+01
2.365228350375998190e+01
2.339303774262803515e+01
2.303563925870381368e+01
2.260539749803215415e+01
2.212700789630632769e+01
2.162270230936965731e+01
2.111110620089220191e+01
2.060677108381673506e+01
2.012024397190105418e+01
1.965849390036216349e+01
1.922552436645096918e+01
1.882303737438599001e+01
1.845105978410733272e+01
1.810848315648928519e+01
1.779349866750078135e+01
1.750392826808096203e+01
1.723746394872668475e+01
1.699183133865350115e+01
1.676489433144445940e+01
1.655471580671415310e+01
1.635958702606591686e+01
1.617803564287440565e+01
1.600881985324168255e+01
1.585091418469778723e+01
1.570349079966189443e+01
1.556589894918352890e+01
1.543764429028846585e+01
1.531836911360302089e+01
1.520783405814263034e+01
1.510590156762198255e+01
1.501252112759074109e+01
1.492771618436565362e+01
1.485157256199736864e+01
1.478422814541735875e+01
1.472586357430429693e+01
1.467669368461747759e+01
1.463695943747715589e+01
1.460692008452382673e+01
1.458684533302208308e+01
1.457700729192568723e+01
1.457767200190824042e+01
1.458909037866525260e+01
1.461148843075785386e+01
1.464505665234726806e+01
1.468993853893710799e+01
1.474621823219447592e+01
1.481390736924047857e+01
1.489293129305861463e+01
1.498311487350048488e+01
1.508416829109899027e+01
1.519567324518083851e+01
1.531707015824154361e+01
1.544764705262423554e+01
1.558653086339305105e+01
1.573268201110969677e+01
1.588489307689390451e+01
1.604179238638347726e+01
1.620185320713084565e+01
1.636340908712745090e+01
1.652467560771845712e+01
1.668377849711542993e+01
1.683878766537597826e+01
1.698775630247111224e+01
1.712876376152015112e+01
1.725996056981204774e+01
1.737961361378400937e+01
1.748614937064157715e+01
1.757819303961726476e+01
1.765460157605557256e+01
1.771448894888217751e+01
1.775724240373616070e+01
1.778252907900873225e+01
1.779029293584845561e+01
1.778074256554872434e+01
1.775433097081159062e+01
1.771172883375060181e+01
1.765379305203606819e+01
1.758153243346550809e+01
1.749607239562861594e+01
1.739862034424234238e+01
1.729043313488948286e+01
1.717278769683951722e+01
1.704695555211356606e+01
1.691418163053926094e+01
1.677566748683679165e+01
1.663255878438014435e+01
1.648593672914688923e+01
1.633681301622063131e+01
1.618612778443644018e+01
1.603475005346232152e+01
1.588348013142542037e+01
1.573305351973072064e+01
1.558414589556652530e+01
1.543737881386748612e+01
1.529332583309812321e+01
1.515251882873957356e+01
1.501545431194995572e+01
1.488259961691909616e+01
1.475439885829610809e+01
1.463127858975130202e+01
1.451365311668674707e+01
1.440192943101668277e+01
1.429651174457661611e+01
1.419780560086597276e+01
1.410622154319939092e+01
1.402217831156614558e+01
1.394610553111607842e+01
1.387844584266787962e+01
1.381965641039656667e+01
1.377020972432345758e+01
1.373059359588475026e+01
1.370131022429376699e+01
1.368287419043504194e+01
1.367580921471448541e+01
1.368064349708816962e+01
1.369790344331748422e+01
1.372810557381489183e+01
1.377174641332931593e+01
1.382929017489732537e+01
1.390115408427845622e+01
1.398769124629365379e+01
1.408917103707662477e+01
1.420575712094472998e+01
1.433748334116841505e+01
1.448422792226494948e+01
1.464568664642465556e+01
1.482134592276549512e+01
1.501045694397406827e+01
1.521201240214286443e+01
1.542472748806035199e+01
1.564702709198610542e+01
1.587704121902888765e+01
1.611261058576918970e+01
1.635130413633763879e+01
1.659044977510217578e+01
1.682717894696680361e+01
1.705848481925269056e+01
1.728129277864699986e+01
1.749254083579304009e+01
1.768926644354469602e+01
1.786869531794205557e+01
1.802832724078114168e+01
1.816601363514037004e+01
1.828002201117205061e+01
1.836908318571622800e+01
1.843241842021466326e+01
1.846974516408070244e+01
1.848126175411820071e+01
1.846761300543896667e+01
1.842983995176552625e+01
1.836931791495971567e+01
1.828768753280168369e+01
1.818678334990184453e+01
1.806856414223379304e+01
1.793504840910737741e+01
1.778825755648844975e+01
1.763016833927646942e+01
1.746267523405931854e+01
1.728756265366838463e+01
1.710648633235300409e+01
1.692096281664985113e+01
1.673236577935980662e+01
1.654192780449653455e+01
1.635074633442432557e+01
1.615979259066642726e+01
1.596992244467456956e+01
1.578188839789411269e+01
1.559635201227126267e+01
1.541389629998348454e+01
1.523503772721625893e+01
1.506023760812576562e+01
1.488991276160547983e+01
1.472444537692086364e+01
1.456419208753337458e+01
1.440949228873749810e+01
1.426067575726857939e+01
1.411806964268330411e+01
1.398200490349367442e+01
1.385282225767803510e+01
1.373087770873203972e+01
1.361654769584029978e+01
1.351023390062508689e+01
1.341236772350541173e+01
1.332341441994136844e+01
1.324387686049251656e+01
1.317429884827810760e+01
1.311526789259530013e+01
1.306741729762841864e+01
1.303142737995555578e+01
1.300802557774086132e+01
1.299798515828726941e+01
1.300212216982236768e+01
1.302129021968265832e+01
1.305637259735830291e+01
1.310827120168829474e+01
1.317789168344977391e+01
1.326612418677239802e+01
1.337381907723947982e+01
1.350175709633207966e+01
1.365061349913367827e+01
1.382091593533746376e+01
1.401299614374642211e+01
1.422693596689259543e+01
1.446250876842658073e+01
1.471911805326716660e+01
1.499573593230696567e+01
1.529084499654746665e+01
1.560238809310943608e+01
1.592773131267598608e+01
1.626364605239420413e+01
1.660631613045808663e+01
1.695137541295060757e+01
1.729398011290477655e+01
1.762891775231155833e+01
1.795075177856304194e+01
1.825399719870666004e+01
1.853331871755652571e+01
1.878373927363720597e+01
1.900084417728388075e+01
1.918096485168168286e+01
1.932132687165249152e+01
1.942014970057325129e+01
1.947668998900697801e+01
1.949122591345270195e+01
1.946498595130676179e+01
1.940003079594582402e+01
1.929910103601378779e+01
1.916544527394488995e+01
1.900264343396668920e+01
1.881443835852792645e+01
1.860458591840694709e+01
1.837673038161432970e+01
1.813430828712486687e+01
1.788048100795055362e+01
1.761809384037133341e+01
1.734965791953144887e+01
1.707735049052037724e+01
1.680302892202303511e+01
1.652825416045608620e+01
1.625431991049816460e+01
1.598228454324269521e+01
1.571300346344856536e+01
1.544716033870521166e+01
1.518529616535599125e+01
1.492783560381124275e+01
1.467511036175545058e+01
1.442737965016483415e+01
1.418484790115093652e+01
1.394768003656413313e+01
1.371601462889966072e+01
1.348997531581824383e+01
1.326968082821216655e+01
1.305525397819805988e+01
1.284682993430034692e+01
1.264456409103543066e+01
1.244863982220073595e+01
1.225927639331873742e+01
1.207673729990757749e+01
1.190133929489833697e+01
1.173346237040677131e+01
1.157356096550913271e+01
1.142217668144220433e+01
1.127995279684894392e+01
1.114765088550972294e+01
1.102616984334687267e+01
1.091656762448190499e+01
1.082008595938254558e+01
1.073817826985881752e+01
1.067254088944910251e+01
1.062514752110724103e+01
1.059828658682399727e+01
1.059460070605325477e+01
1.061712693045699041e+01
1.066933549821210114e+01
1.075516367723800570e+01
1.087903966149091062e+01
1.104588938987867053e+01
1.126111652014232867e+01
1.153054261910176415e+01
1.186029105738628253e+01
1.225659446552272414e+01
1.272550259996246957e+01
1.327246624912904949e+01
1.390177517797698670e+01
1.461583656000121323e+01
1.541429792959207390e+01
1.629304845857619810e+01
1.724317616228915639e+01
1.825001506194423584e+01
1.929247796744098764e+01
2.034292138575586506e+01
2.136780383105877590e+01
2.232934703282736422e+01
2.318826673142446282e+01
2.390740532077899516e+01
2.445581375578883154e+01
2.481258257106918208e+01
2.496962318886679100e+01
2.493273534280709569e+01
2.472066408863791764e+01
2.436234162057659347e+01
2.389294635143717471e+01
2.334963418891008757e+01
2.276774478401769741e+01
2.217802021537750434e+01
2.160502905682072239e+01
2.106669425823396224e+01
2.057464947133013666e+01
2.013509965540722391e+01
1.974990072569861255e+01
1.941765239133977516e+01
1.913468149767840387e+01
1.889586031973418301e+01
1.869524946650295050e+01
1.852658055517298408e+01
1.838360489705328860e+01
1.826033650080474757e+01
1.815121497603889367e+01
1.805120924995205556e+01
1.795587806495440475e+01
1.786139885881489420e+01
1.776457317661409974e+01
1.766281426606385097e+01
1.755412085259815669e+01
1.743704010070214849e+01
1.731062225073156569e+01
1.717436919693793840e+01
1.702817919274319536e+01
1.687228982068642935e+01
1.670722127309969807e+01
1.653372181821451647e+01
1.635271706843072437e+01
1.616526433872663304e+01
1.597251301290686776e+01
1.577567145771314117e+01
1.557598067181585222e+01
1.537469455355761738e+01
1.517306643393637877e+01
1.497234135595085469e+01
1.477375348584496884e+01
1.457852800729875753e+01
1.438788686341897360e+01
1.420305775871164933e+01
1.402528589900783906e+01
1.385584801728637316e+01
1.369606829449528540e+01
1.354733582508007572e+01
1.341112328611683147e+01
1.328900643611795829e+01
1.318268398369440320e+01
1.309399721524825466e+01
1.302494854125975010e+01
1.297771779775315792e+01
1.295467470797209408e+01
1.295838535556576154e+01
1.299160983643714751e+01
1.305728744513656459e+01
1.315850483759335887e+01
1.329844165382366583e+01
1.348028719316691593e+01
1.370712109586350635e+01
1.398175088082978590e+01
1.430650001814112215e+01
1.468294249131407447e+01
1.511158412965303910e+01
1.559149795941261196e+01
1.611993084466034176e+01
1.669191170485790110e+01
1.729990669286373262e+01
1.793358171429812131e+01
1.857974384114855582e+01
1.922253536804293361e+01
1.984394174301071700e+01
2.042464283642571843e+01
2.094518523467946380e+01
2.138738711634353606e+01
2.173582012197788416e+01
2.197916374212817558e+01
2.211121681945343198e+01
2.213138977761569137e+01
2.204458716838543353e+01
2.186050311238431831e+01
2.159246101538074214e+01
2.125600291565406863e+01
2.086745490494899258e+01
2.044266395053658059e+01
1.999603499314217103e+01
1.953991951693359397e+01
1.908433929815787877e+01
1.863698418494689690e+01
1.820340299912763271e+01
1.778730728157797003e+01
1.739092087788223040e+01
1.701532682896221615e+01
1.666078129985159961e+01
1.632697937274541644e+01
1.601326842584006727e+01
1.571881172534600424e+01
1.544270856568651418e+01
1.518407873478598802e+01
1.494211909143784922e+01
1.471613926226022606e+01
1.450558233987509915e+01
1.431003526803437254e+01
1.412923248642529472e+01
1.396305544772257967e+01
1.381152983078230179e+01
1.367482164678651912e+01
1.355323294606319884e+01
1.344719745406130329e+01
1.335727616793667671e+01
1.328415270593083086e+01
1.322862800002139139e+01
1.319161374270740339e+01
1.317412383062438508e+01
1.317726288535363821e+01
1.320221077512066010e+01
1.325020191602796160e+01
1.332249801113373877e+01
1.342035281149818715e+01
1.354496748619233593e+01
1.369743530932568909e+01
1.387867466236208358e+01
1.408934986782963428e+01
1.432978017652783898e+01
1.459983837731688361e+01
1.489884201644162687e+01
1.522544208808759514e+01
1.557751620593675312e+01
1.595207550714843592e+01
1.634519657889349276e+01
1.675199111614588432e+01
1.716662630644507459e+01
1.758240755633935137e+01
1.799193168191566983e+01
1.838731289049211171e+01
1.876047601023399380e+01
1.910350225114893874e+01
1.940900363314151633e+01
1.967049482255984216e+01
1.988272726324334982e+01
2.004195154269449830e+01
2.014608038715268279e+01
2.019473584489300322e+01
2.018917826496769408e+01
2.013212903015670463e+01
2.002751098786587036e+01
1.988013807962014212e+01
1.969538784524442931e+01
1.947888756363920493e+01
1.923623808852556749e+01
1.897279077139931402e+01
1.869348405730007912e+01
1.840273880182631316e+01
1.810440589229725461e+01
1.780175656702108000e+01
1.749750466999433840e+01
1.719385045959578662e+01
1.689253694537283579e+01
1.659491155031091481e+01
1.630198780197580177e+01
1.601450349565660503e+01
1.573297321664673554e+01
1.545773421674370773e+01
1.518898542876557833e+01
1.492681991954879805e+01
1.467125138466841072e+01
1.442223543400352703e+01
1.417968645569386155e+01
1.394349081644026889e+01
1.371351708793458357e+01
1.348962390314217075e+01
1.327166595583979358e+01
1.305949857056048913e+01
1.285298119246500548e+01
1.265198007964626292e+01
1.245637042436610642e+01
1.226603808416255070e+01
1.208088106760752645e+01
1.190081089150693039e+01
1.172575390527965133e+01
1.155565266298816596e+01
1.139046741302448851e+01
1.123017776894391595e+01
1.107478462170302969e+01
1.092431235305125625e+01
1.077881141161597967e+01
1.063836131696352005e+01
1.050307416232675628e+01
1.037309869350374392e+01
1.024862504938218954e+01
1.012989025831268108e+01
1.001718459372140835e+01
9.910858901338480464e+00
9.811333018397068173e+00
9.719105410961480729e+00
9.634764157518761252e+00
9.558999402820306912e+00
9.492617392521518482e+00
9.436556172140077692e+00
9.391902987476635545e+00
9.359913350313792790e+00
9.342031623060059076e+00
9.339912816468775247e+00
9.355445070002005536e+00
9.390771975948934980e+00
9.448313494151291181e+00
9.530783660194197537e+00
9.641202592431037388e+00
9.782899432860359568e+00
9.959501805875373037e+00
1.017490616241028256e+01
1.043322204993684821e+01
1.073868202914776049e+01
1.109550785697232023e+01
1.150772301072080417e+01
1.197890213601906595e+01
1.251185023192699397e+01
1.310820915980082013e+01
1.376799724845429118e+01
1.448910007309458869e+01
1.526674708250202528e+01
1.609302875221689533e+01
1.695652979803805493e+01
1.784217098979700822e+01
1.873135841488191033e+01
1.960252665041532438e+01
2.043212438801548103e+01
2.119602557361988460e+01
2.187126269104807363e+01
2.243788882143907060e+01
2.288070763999680679e+01
2.319059276008297843e+01
2.336516659342377622e+01
2.340872021496823052e+01
2.333140221125856684e+01
2.314784380450951318e+01
2.287547916623893585e+01
2.253284160690119364e+01
2.213807181768873278e+01
2.170778785680279555e+01
2.125637008552350693e+01
2.079563418281869147e+01
2.033481531428077105e+01
1.988076731393031693e+01
1.943828495988837801e+01
1.901047498668843616e+01
1.859912352259118862e+01
1.820502828545605922e+01
1.782828022945719937e+01
1.746849071603931591e+01
1.712496723915355190e+01
1.679684431561306823e+01
1.648317744073463942e+01
1.618300790966498681e+01
1.589540547469347764e+01
1.561949468271376062e+01
1.535446957418927738e+01
1.509960036259828264e+01
1.485423481015467750e+01
1.461779628437502510e+01
1.438977990924399997e+01
1.416974779204361035e+01
1.395732398718791245e+01
1.375218962772408915e+01
1.355407849269787768e+01
1.336277316717864672e+01
1.317810187777649844e+01
1.299993603945318910e+01
1.282818852139896748e+01
1.266281262483648540e+01
1.250380175952296113e+01
1.235118980533830069e+01
1.220505214842449071e+01
1.206550738624324026e+01
1.193271970141750238e+01
1.180690190933890626e+01
1.168831918839730832e+01
1.157729350347129937e+01
1.147420873207666325e+01
1.137951649719676084e+01
1.129374269995182445e+01
1.121749472719574747e+01
1.115146928172237928e+01
1.109646074336991894e+01
1.105336991469770425e+01
1.102321293120929724e+01
1.100713001881509179e+01
1.100639365533345604e+01
1.102241553298122767e+01
1.105675151980779169e+01
1.111110357561470252e+01
1.118731728997216912e+01
1.128737337843442212e+01
1.141337110660798260e+01
1.156750122931645919e+01
1.175200566768086574e+01
1.196912085494922096e+01
1.222100154321596222e+01
1.250962199015710574e+01
1.283665198381367034e+01
1.320330629064832451e+01
1.361016801972518664e+01
1.405698926132551740e+01
1.454247629214173720e+01
1.506407160838763737e+01
1.561775077870464834e+01
1.619785798291076162e+01
1.679700908399880888e+01
1.740609371868035993e+01
1.801440646890953801e+01
1.860993005392201383e+01
1.917977964584529360e+01
1.971079713780097364e+01
2.019025961719923501e+01
2.060664158277840130e+01
2.095035125384213970e+01
2.121435347419333795e+01
2.139459929478868716e+01
2.149020587609165034e+01
2.150336603279935588e+01
2.143900697844807723e+01
2.130425350096514947e+01
2.110777414060724766e+01
2.085909591056951484e+01
2.056796430929379582e+01
2.024380527762098581e+01
1.989532067944990246e+01
1.953022485505974259e+01
1.915511099961274866e+01
1.877542437232880701e+01
1.839551441436393375e+01
1.801873824494861154e+01
1.764759176100762872e+01
1.728384987656843563e+01
1.692870295215387344e+01
1.658288135294044352e+01
1.624676395688447528e+01
1.592046924268580810e+01
1.560392943610817973e+01
1.529694927472544030e+01
1.499925147139980020e+01
1.471051109855655170e+01
1.443038102409072998e+01
1.415851031217449396e+01
1.389455723105669094e+01
1.363819823119793639e+01
1.338913399733479892e+01
1.314709345057405443e+01
1.291183638610944939e+01
1.268315527828448630e+01
1.246087666445206033e+01
1.224486242819553006e+01
1.203501123653571980e+01
1.183126034061213971e+01
1.163358792140457787e+01
1.144201614841047210e+01
1.125661511751107291e+01
1.107750784281639334e+01
1.090487649482538224e+01
1.073897010288476395e+01
1.058011397300842837e+01
1.042872111201369911e+01
1.028530599485960906e+01
1.015050106280562758e+01
1.002507639346675816e+01
9.909963036541494574e+00
9.806280555264429211e+00
9.715369344533133500e+00
9.638828298416703078e+00
9.578558351710679375e+00
9.536812292006745295e+00
9.516250986712014637e+00
9.520005732031977530e+00
9.551745723383643139e+00
9.615748555518502272e+00
9.716970038914777064e+00
9.861107285413789114e+00
1.005464576207074145e+01
1.030487662555602846e+01
1.061986496705502958e+01
1.100834260607238058e+01
1.147949107997526852e+01
1.204257238659973517e+01
1.270635872646234255e+01
1.347831127584863431e+01
1.436346708818527773e+01
1.536301972476330846e+01
1.647263151241574874e+01
1.768060051667620769e+01
1.896612425704407201e+01
2.029804171867616347e+01
2.163455936824256653e+01
2.292451238211029718e+01
2.411059768552786764e+01
2.513467358869784363e+01
2.594465496159766715e+01
2.650187219152156359e+01
2.678726747261735142e+01
2.680477302117616389e+01
2.658081096290644396e+01
2.615993143214780758e+01
2.559773137882520899e+01
2.495287699572801543e+01
2.428002959547594131e+01
2.362486451404230792e+01
2.302154438796488733e+01
2.249232917594139991e+01
2.204865814497229692e+01
2.169300487638935948e+01
2.142095912458732698e+01
2.122319798778767819e+01
2.108718974196466789e+01
2.099859495448601621e+01
2.094239269541467507e+01
2.090378040576974428e+01
2.086889170813969585e+01
2.082536126751921302e+01
2.076274943118758642e+01
2.067282759092705646e+01
2.054972067048824513e+01
2.038990599502891499e+01
2.019207628589454728e+01
1.995688567327392704e+01
1.968660810165112451e+01
1.938474450041414698e+01
1.905561696498141799e+01
1.870398475674896588e+01
1.833470928212354778e+01
1.795248523322487699e+01
1.756164480754095081e+01
1.716603304857745016e+01
1.676894588232618588e+01
1.637311867943023458e+01
1.598075190293084269e+01
1.559356102524944987e+01
1.521283972399292317e+01
1.483952775751666842e+01
1.447427738673597553e+01
1.411751442998806994e+01
1.376949184848889374e+01
1.343033511453737816e+01
1.310007954280312248e+01
1.277870033682518347e+01
1.246613640215794838e+01
1.216230908540678612e+01
1.186713698390271965e+01
1.158054788816507497e+01
1.130248880804994194e+01
1.103293492038454815e+01
1.077189817787005666e+01
1.051943624589678628e+01
1.027566239072377741e+01
1.004075693143529513e+01
9.814980889905793759e+00
9.598692527754211667e+00
9.392367546831533076e+00
9.196623849899822289e+00
9.012251910050325776e+00
8.840251978937045507e+00
8.681879570081340702e+00
8.538700874098426041e+00
8.412659978510722780e+00
8.306159942064843094e+00
8.222159855430831499e+00
8.164289915007691079e+00
8.136986100131533561e+00
8.145645056223219882e+00
8.196797920679445681e+00
8.298298614532830797e+00
8.459516909533881801e+00
8.691518508410156940e+00
9.007202394679199031e+00
9.421348687540762157e+00
9.950507277757095537e+00
1.061262861683095338e+01
1.142630530520841070e+01
1.240946284712100933e+01
1.357732340938369475e+01
1.493949119507161249e+01
1.649610771572282175e+01
1.823324371457372806e+01
2.011806783877245763e+01
2.209485243923766973e+01
2.408343511336335396e+01
2.598208526375497129e+01
2.767641454060735029e+01
2.905462285736783556e+01
3.002697378393376937e+01
3.054470954555136331e+01
3.061218049462558355e+01
3.028725276203337913e+01
2.966914124626870120e+01
2.887772924733796032e+01
2.803133768775472490e+01
2.722928684903081020e+01
2.654238389704957868e+01
2.601097293665651478e+01
2.564814465620179718e+01
2.544540557992281649e+01
2.537884825463799032e+01
2.541481987941602938e+01
2.551478777554080679e+01
2.563943848059296471e+01
2.575210870351822123e+01
2.582156658887331346e+01
2.582405836617281736e+01
2.574448639641520131e+01
2.557662287432763293e+01
2.532237846089628164e+01
2.499029294566296855e+01
2.459353890627697936e+01
2.414778470640808905e+01
2.366923562594184105e+01
2.317307921565675244e+01
2.267244017758061858e+01
2.217783889972038835e+01
2.169707059879505096e+01
2.123538570441834494e+01
2.079585002773764657e+01
2.037978263365294751e+01
1.998719757797309171e+01
1.961720370622829535e+01
1.926833966322100977e+01
1.893883758309281617e+01
1.862681908070612735e+01
1.833043249042138001e+01
1.804794229394801874e+01
1.777778162835302211e+01
1.751857762117494843e+01
1.726915769725309602e+01
1.702854332525574677e+01
1.679593612753364695e+01
1.657069995691993114e+01
1.635234147250604764e+01
1.614049091059084162e+01
1.593488411717976483e+01
1.573534644925379844e+01
1.554177882880918560e+01
1.535414601529028111e+01
1.517246702216811016e+01
1.499680752061287947e+01
1.482727403052580506e+01
1.466400968358670198e+01
1.450719134461747117e+01
1.435702788923681439e+01
1.421375945228577820e+01
1.407765747917767030e+01
1.394902542864201322e+01
1.382819998857543098e+01
1.371555267572834680e+01
1.361149169395503655e+01
1.351646392418243181e+01
1.343095691169002492e+01
1.335550070241300347e+01
1.329066935953063222e+01
1.323708196443033280e+01
1.319540287225731845e+01
1.316634095195039400e+01
1.315064749462701421e+01
1.314911242374123468e+01
1.316255838780270793e+01
1.319183226501799133e+01
1.323779356395144902e+01
1.330129917208739698e+01
1.338318389417281828e+01
1.348423624613272942e+01
1.360516904244965453e+01
1.374658445170304155e+01
1.390893341432841623e+01
1.409246963606659264e+01
1.429719880440026358e+01
1.452282423081037521e+01
1.476869079396652928e+01
1.503372982466287588e+01
1.531640838441258090e+01
1.561468716824563963e+01
1.592599189860530018e+01
1.624720343306415771e+01
1.657467172887950824e+01
1.690425814207904764e+01
1.723140917427739893e+01
1.755126267833380638e+01
1.785878476926200165e+01
1.814893247516783603e+01
1.841683386417059864e+01
1.865797446972726803e+01
1.886837682359049495e+01
1.904475924910349249e+01
1.918466105330368521e+01
1.928652390726519883e+01
1.934972323961064689e+01
1.937454833503483798e+01
1.936213480510429008e+01
1.931435744019819367e+01
1.923369455422830399e+01
1.912307644896720760e+01
1.898573050985802624e+01
1.882503393684941884e+01
1.864438264105605469e+01
1.844708190653963342e+01
1.823626149925272344e+01
1.801481536479468559e+01
1.778536410972567339e+01
1.755023718163245761e+01
1.731147101169960223e+01
1.707081924914645654e+01
1.682977145700935395e+01
1.658957711105811939e+01
1.635127232617807636e+01
1.611570733504204966e+01
1.588357330088942376e+01
1.565542752520634551e+01
1.543171649831904624e+01
1.521279653688455369e+01
1.499895196606373560e+01
1.479041094901135978e+01
1.458735915652785309e+01
1.438995151879091594e+01
1.419832232072432454e+01
1.401259390228833190e+01
1.383288421214596298e+01
1.365931344318409124e+01
1.349200995503236378e+01
1.333111566451265517e+01
1.317679106135778966e+01
1.302921998430922557e+01
1.288861427204553500e+01
1.275521838412081088e+01
1.262931406872741569e+01
1.251122513594422081e+01
1.240132237630439072e+01
1.230002864396407070e+01
1.220782410025337761e+01
1.212525158554531046e+01
1.205292205360393076e+01
1.199151996110009222e+01
1.194180845387076140e+01
1.190463412868200876e+01
1.188093107264917414e+01
1.187172379012619849e+01
1.187812851728474683e+01
1.190135229708727849e+01
1.194268904269691411e+01
1.200351165862787717e+01
1.208525912259141322e+01
1.218941726829236494e+01
1.231749186808412411e+01
1.247097252033079151e+01
1.265128583540836971e+01
1.285973653340547074e+01
1.309743537358565391e+01
1.336521339691416976e+01
1.366352284738788114e+01
1.399232640612645007e+01
1.435097805917102853e+01
1.473810101109154047e+01
1.515147045817430005e+01
1.558791154368210208e+01
1.604322509628120130e+01
1.651215532592412671e+01
1.698841393660060817e+01
1.746477350318615152e+01
1.793323895199997153e+01
1.838529937850143980e+01
1.881225351614871144e+01
1.920559185065562957e+01
1.955740819913449613e+01
1.986080552681816158e+01
2.011025686682679137e+01
2.030188393093156307e+01
2.043362378951913527e+01
2.050526693634047248e+01
2.051836593899560768e+01
2.047602973054548769e+01
2.038263144063216004e+01
2.024346530503788699e+01
2.006438975372271116e+01
1.985148978703602651e+01
1.961078381219689604e+01
1.934799032892089699e+01
1.906836022607915382e+01
1.877657245468646252e+01
1.847668524639002996e+01
1.817213196728596714e+01
1.786574978584070905e+01
1.755983000606502742e+01
1.725618054665814327e+01
1.695619309357547877e+01
1.666090952196316266e+01
1.637108402900437198e+01
1.608723892385464893e+01
1.580971315719894221e+01
1.553870346948416881e+01
1.527429854966780631e+01
1.501650688966635627e+01
1.476527915437809924e+01
1.452052591471332299e+01
1.428213155189828498e+01
1.404996506517538890e+01
1.382388842254333561e+01
1.360376299882967466e+01
1.338945455528200945e+01
1.318083713436837812e+01
1.297779617444561140e+01
1.278023109167072313e+01
1.258805753036725861e+01
1.240120944693122063e+01
1.221964116501643716e+01
1.204332951993048262e+01
1.187227619675514312e+01
1.170651035868427670e+01
1.154609165860348874e+01
1.139111372732135052e+01
1.124170823551639309e+01
1.109804963288027224e+01
1.096036067663723479e+01
1.082891887209761528e+01
1.070406395955064482e+01
1.058620659382055784e+01
1.047583837408889806e+01
1.037354339055109520e+01
1.028001145888747025e+01
1.019605321022057254e+01
1.012261718877408079e+01
1.006080907572178873e+01
1.001191309737793667e+01
9.977415577735385455e+00
9.959030444625293299e+00
9.958726276322478199e+00
9.978754157079153586e+00
1.002167516620318466e+01
1.009038572105433751e+01
1.018813819114870967e+01
1.031855315986646460e+01
1.048561840077212182e+01
1.069366804607336618e+01
1.094733358477747132e+01
1.125145633897862041e+01
1.161094914507081910e+01
1.203059350017380069e+01
1.251475804367503564e+01
1.306702583759775749e+01
1.368972269655672847e+01
1.438334822960169035e+01
1.514592669846554074e+01
1.597231714880454412e+01
1.685355106998554575e+01
1.777629819802463729e+01
1.872259060110257423e+01
1.966995148131184834e+01
2.059206479777193266e+01
2.146007192934645147e+01
2.224448584640738247e+01
2.291757950133930066e+01
2.345596059420573809e+01
2.384293390262094192e+01
2.407022338205637624e+01
2.413870986213909475e+01
2.405802880346449513e+01
2.384511512781016407e+01
2.352200140268864814e+01
2.311330202764129282e+01
2.264381847481951482e+01
2.213659672889013663e+01
2.161160940803505071e+01
2.108507924476408846e+01
2.056934780257549278e+01
2.007313730789886819e+01
1.960204667907684239e+01
1.915914733218426136e+01
1.874558190362693111e+01
1.836110650040216541e+01
1.800454751469090553e+01
1.767416533218603547e+01
1.736793019995473486e+01
1.708372206249302749e+01
1.681946842517049134e+01
1.657323400819818815e+01
1.634327436541118317e+01
1.612806356614688852e+01
1.592630393993322535e+01
1.573692399610670201e+01
1.555906904481614816e+01
1.539208777306281384e+01
1.523551704069408963e+01
1.508906641207499533e+01
1.495260338234314723e+01
1.482613984928884499e+01
1.470982008582898715e+01
1.460391025330197934e+01
1.450878933811485361e+01
1.442494127461446496e+01
1.435294792077307058e+01
1.429348246924926258e+01
1.424730279642109032e+01
1.421524417044943611e+01
1.419821065310291885e+01
1.419716443828344232e+01
1.421311227516883768e+01
1.424708803139732716e+01
1.430013037188465930e+01
1.437325447715976701e+01
1.446741672333898343e+01
1.458347132293571136e+01
1.472211811775234658e+01
1.488384106443693788e+01
1.506883750543110168e+01
1.527693911595322263e+01
1.550752649233564640e+01
1.575944070382161755e+01
1.603089673091206535e+01
1.631940545733406012e+01
1.662171258659763140e+01
1.693376424217561649e+01
1.725070972021886817e+01
1.756695147936602908e+01
1.787625057187594635e+01
1.817189206063300944e+01
1.844690949091440402e+01
1.869436052783382252e+01
1.890763820764631120e+01
1.908079507731410729e+01
1.920885225512674666e+01
1.928806352416153658e+01
1.931610691965541449e+01
1.929218305108413745e+01
1.921700979768344908e+01
1.909271533429625833e+01
1.892264346787958473e+01
1.871109481454445600e+01
1.846303283522075489e+01
1.818378455040613773e+01
1.787876227995861100e+01
1.755322621871626865e+01
1.721209967343694558e+01
1.685984091527523532e+01
1.650036903026466462e+01
1.613703652993377702e+01
1.577263894939392053e+01
1.540945095759886740e+01
1.504927916630366269e+01
1.469352332692575125e+01
1.434323948019914674e+01
1.399920051823463751e+01
1.366195130597620100e+01
1.333185687546061793e+01
1.300914322276010360e+01
1.269393092942098811e+01
1.238626225149355342e+01
1.208612253324986519e+01
1.179345687018468070e+01
1.150818291869246934e+01
1.123020066840446773e+01
1.095939988693726086e+01
1.069566583554399841e+01
1.043888375011641578e+01
1.018894249188845080e+01
9.945737699029942647e+00
9.709174714766598768e+00
9.479171529135326679e+00
9.255661948887357937e+00
9.038599202277536548e+00
8.827960191715972016e+00
8.623750627189977536e+00
8.426011307265669714e+00
8.234825863286101111e+00
8.050330347719865998e+00
7.872725131804042320e+00
7.702289683671916798e+00
7.539400929681312036e+00
7.384556062748692362e+00
7.238400856391974614e+00
7.101764775716384648e+00
6.975704449136673979e+00
6.861557376447836809e+00
6.761008093155819410e+00
6.676169370377222911e+00
6.609681368889045672e+00
6.564831920820607181e+00
6.545701172910823651e+00
6.557333510346163408e+00
6.605938702873021207e+00
6.699122133321203876e+00
6.846140124054652887e+00
7.058169821767907415e+00
7.348572534813834878e+00
7.733113168559907713e+00
8.230074546033234739e+00
8.860172157858198005e+00
9.646131604448049401e+00
1.061174008034907068e+01
1.178013354053794082e+01
1.317105301147367413e+01
1.479683476788248164e+01
1.665704926050976908e+01
1.873204808808801403e+01
2.097627922540295486e+01
2.331306942360684786e+01
2.563344139805769828e+01
2.780193596074702711e+01
2.967160615439982507e+01
3.110773656163505763e+01
3.201568809094860768e+01
3.236436688978228915e+01
3.219603391873463494e+01
3.161739061839610798e+01
3.077464016286683446e+01
2.982191439545916722e+01
2.889386482469048190e+01
2.808916788409101173e+01
2.746575191604244637e+01
2.704445575161701143e+01
2.681681171945250242e+01
2.675370405376109417e+01
2.681324822756235093e+01
2.694742748446541825e+01
2.710758375665232833e+01
2.724894667700835527e+01
2.733424186974656678e+01
2.733625139232409396e+01
2.723913117418580043e+01
2.703836746211504050e+01
2.673944691289466746e+01
2.635554105924656554e+01
2.590467135378394303e+01
2.540686363599242270e+01
2.488171527936508554e+01
2.434662968084472823e+01
2.381578734704405065e+01
2.329977546664175492e+01
2.280571437360309162e+01
2.233769729781776192e+01
2.189738046667253002e+01
2.148460176395202126e+01
2.109795039957436202e+01
2.073524743958218153e+01
2.039392398198320677e+01
2.007130060124499948e+01
1.976478056970122310e+01
1.947197279790011493e+01
1.919076056133561536e+01
1.891933046309353372e+01
1.865617373955184988e+01
1.840006954785292237e+01
1.815005759198555069e+01
1.790540548453239111e+01
1.766557463839771813e+01
1.743018722012594424e+01
1.719899573347693433e+01
1.697185609094551495e+01
1.674870452461270887e+01
1.652953834302623193e+01
1.631440032031762755e+01
1.610336637601803389e+01
1.589653614328363673e+01
1.569402600892935595e+01
1.549596422481142355e+01
1.530248772461992601e+01
1.511374032421531588e+01
1.492987203106887861e+01
1.475103923500508962e+01
1.457740559571384331e+01
1.440914348096237596e+01
1.424643584244307348e+01
1.408947844361712143e+01
1.393848237594000672e+01
1.379367681681936197e+01
1.365531199494132863e+01
1.352366233655284589e+01
1.339902977016442875e+01
1.328174716708021919e+01
1.317218189117038563e+01
1.307073942322765880e+01
1.297786701279621724e+01
1.289405729308654003e+01
1.281985177192118108e+01
1.275584408292261607e+01
1.270268284562423133e+01
1.266107394014304077e+01
1.263178195089690803e+01
1.261563047424674977e+01
1.261350091703790355e+01
1.262632933770893651e+01
1.265510080096781387e+01
1.270084063464490853e+01
1.276460189902788223e+01
1.284744831337960669e+01
1.295043184352344667e+01
1.307456415449486897e+01
1.322078119386078221e+01
1.338990031923790625e+01
1.358256964598056094e+01
1.379920969730482128e+01
1.403994801591791131e+01
1.430454816149677733e+01
1.459233547311551504e+01
1.490212309366925680e+01
1.523214296955174518e+01
1.557998773951167948e+01
1.594257044336847962e+01
1.631610959461441723e+01
1.669614711788193873e+01
1.707760570219221918e+01
1.745489007038349882e+01
1.782203344642116249e+01
1.817288624251862217e+01
1.850133905780486643e+01
1.880156709726724529e+01
1.906827888561176110e+01
1.929694951616581378e+01
1.948401834998909976e+01
1.962703343484102092e+01
1.972472982990236190e+01
1.977703585798029806e+01
1.978500899917854383e+01
1.975071043206683541e+01
1.967703295881153736e+01
1.956750041524085404e+01
1.942605737446247716e+01
1.925686623667431618e+01
1.906412529351615603e+01
1.885191689896669232e+01
1.862409029748903322e+01
1.838417961088875785e+01
1.813535437299285036e+01
1.788039797383773788e+01
1.762170837437108872e+01
1.736131529001706042e+01
1.710090847269971093e+01
1.684187250489739540e+01
1.658532445374905251e+01
1.633215167004381030e+01
1.608304786231630956e+01
1.583854628221415872e+01
1.559904940952575991e+01
1.536485493134394353e+01
1.513617808936921172e+01
1.491317064665768477e+01
1.469593682459041517e+01
1.448454660429259278e+01
1.427904679222213780e+01
1.407947023125545272e+01
1.388584350674632262e+01
1.369819345905264996e+01
1.351655277479052231e+01
1.334096489160736176e+01
1.317148841724048403e+01
1.300820123378167459e+01
1.285120443251659950e+01
1.270062620315222723e+01
1.255662578314047373e+01
1.241939755744162177e+01
1.228917538563131018e+01
1.216623722083595638e+01
1.205091007258796409e+01
1.194357535221408106e+01
1.184467462355185319e+01
1.175471576217910297e+01
1.167427950125001068e+01
1.160402630947455194e+01
1.154470350443782323e+01
1.149715244964713357e+01
1.146231561337428140e+01
1.144124317817523107e+01
1.143509877840382494e+01
1.144516380567844749e+01
1.147283955626183705e+01
1.151964629810885654e+01
1.158721810971638888e+01
1.167729209254111566e+01
1.179169029423539605e+01
1.193229242045814686e+01
1.210099718945714287e+01
1.229967004211318127e+01
1.253007492528953826e+01
1.279378810331313332e+01
1.309209252635378284e+01
1.342585231487410802e+01
1.379536852672427472e+01
1.420021965511635997e+01
1.463909329799471415e+01
1.510961906654131859e+01
1.560821681495749758e+01
1.612997819859095472e+01
1.666860266567802995e+01
1.721641028609569801e+01
1.776445222428582937e+01
1.830273418791938411e+01
1.882055829174814576e+01
1.930697476521545752e+01
1.975131824722983609e+01
2.014378671040133995e+01
2.047600787960941915e+01
2.074153199510899981e+01
2.093619356720130398e+01
2.105829898421209734e+01
2.110861946632872232e+01
2.109019555875872598e+01
2.100798456168238104e+01
2.086840083285483871e+01
2.067880749797035378e+01
2.044701618273508714e+01
2.018084089430243822e+01
1.988773668418138385e+01
1.957453712507349763e+01
1.924729011574608606e+01
1.891118097742905491e+01
1.857052576088968365e+01
1.822881565864133080e+01
1.788879436634921305e+01
1.755255298146153820e+01
1.722163053589604687e+01
1.689711178658226132e+01
1.657971698433722807e+01
1.626988080621720556e+01
1.596781943887095068e+01
1.567358601005645546e+01
1.538711529641258657e+01
1.510825900996482929e+01
1.483681309373884361e+01
1.457253842751892670e+01
1.431517622520455291e+01
1.406445924238826173e+01
1.382011973754225309e+01
1.358189496126138707e+01
1.334953079549011967e+01
1.312278403297101370e+01
1.290142367712546267e+01
1.268523155298902516e+01
1.247400244841401395e+01
1.226754394887193200e+01
1.206567608619459619e+01
1.186823088905428847e+01
1.167505189878716365e+01
1.148599369653339863e+01
1.130092147516063683e+01
1.111971068090777237e+01
1.094224674424845922e+01
1.076842491645937727e+01
1.059815022730335876e+01
1.043133757976631060e+01
1.026791199970981694e+01
1.010780906151573433e+01
9.950975515291560214e+00
9.797370147047924860e+00
9.646964910601468546e+00
9.499746379026788645e+00
9.355717574592228303e+00
9.214900249667113741e+00
9.077337707587858517e+00
8.943098272532438386e+00
8.812279541826040230e+00
8.685013583675882387e+00
8.561473279162921557e+00
8.441880050622271980e+00
8.326513270708510106e+00
8.215721708997104855e+00
8.109937447532347576e+00
8.009692784876074612e+00
7.915640751273114617e+00
7.828579976251317518e+00
7.749484783834328816e+00
7.679541536933553125e+00
7.620192405149408543e+00
7.573187877041147154e+00
7.540649457578319392e+00
7.525144048458316526e+00
7.529771446442070193e+00
7.558266124657486706e+00
7.615113850733933987e+00
7.705682547534896010e+00
7.836364836280060864e+00
8.014726528683191020e+00
8.249650436946787124e+00
8.551457600008735227e+00
8.931977643254365162e+00
9.404525798754956867e+00
9.983725750285042722e+00
1.068509547253065506e+01
1.152429003141189057e+01
1.251587670615462677e+01
1.367151491661412877e+01
1.499744463562886132e+01
1.649127815410047759e+01
1.813827067335342846e+01
1.990753527495306230e+01
2.174905219391373379e+01
2.359271333217284550e+01
2.535084854668300736e+01
2.692541816640299501e+01
2.822006904000574679e+01
2.915554058808781690e+01
2.968497985377073789e+01
2.980459050129577747e+01
2.955571723516115767e+01
2.901713818729352568e+01
2.828987115764523708e+01
2.747930906988132094e+01
2.667969718747218977e+01
2.596408541435371831e+01
2.538032550740846460e+01
2.495180589191052789e+01
2.468095249853339368e+01
2.455379949665048400e+01
2.454459052124499507e+01
2.461997918663933405e+01
2.474277314563761010e+01
2.487530220193977470e+01
2.498246015914632778e+01
2.503436093507471227e+01
2.500844140184123177e+01
2.489079562420828395e+01
2.467656759649568343e+01
2.436935583289115925e+01
2.397975262379928196e+01
2.352329443999353842e+01
2.301818559324350133e+01
2.248315127990498752e+01
2.193569069200659527e+01
2.139087345888755465e+01
2.086069631335046992e+01
2.035392282196332303e+01
1.987627942574643569e+01
1.943087156695242967e+01
1.901870121522322421e+01
1.863919729153548843e+01
1.829070226167219460e+01
1.797088513230131213e+01
1.767707081352334697e+01
1.740648845186604987e+01
1.715644825184631017e+01
1.692445916750175527e+01
1.670830015642826183e+01
1.650605658936468956e+01
1.631613167455715896e+01
1.613724086570434579e+01
1.596839543814562923e+01
1.580887986251926058e+01
1.565822631644877205e+01
1.551618864494021466e+01
1.538271727923994980e+01
1.525793601431213986e+01
1.514212108908717980e+01
1.503568267692662985e+01
1.493914864692697542e+01
1.485315027542350563e+01
1.477840945184107824e+01
1.471572681872560828e+01
1.466597020118537031e+01
1.463006260856210972e+01
1.460896902699028743e+01
1.460368116528315063e+01
1.461519927188352064e+01
1.464451011525605750e+01
1.469256022655249438e+01
1.476022355908380845e+01
1.484826284646031525e+01
1.495728416689359008e+01
1.508768457439285626e+01
1.523959316715801116e+01
1.541280665230397240e+01
1.560672134371494302e+01
1.582026458258435220e+01
1.605182974937476104e+01
1.629922024632040944e+01
1.655960892091240666e+01
1.682952016671546858e+01
1.710484212792761483e+01
1.738087578379032294e+01
1.765242597039114614e+01
1.791393648796794125e+01
1.815966740004355984e+01
1.838390775929629939e+01
1.858121186461296048e+01
1.874664256110424176e+01
1.887600194183438163e+01
1.896602891248057432e+01
1.901454494707945386e+01
1.902053401057522919e+01
1.898414949431558085e+01
1.890664904296297166e+01
1.879026600196323571e+01
1.863803257084257226e+01
1.845357363678069618e+01
1.824089126236382086e+01
1.800415808662752326e+01
1.774753413078056141e+01
1.747501660694278769e+01
1.719032725761074332e+01
1.689683727448479900e+01
1.659752643889686397e+01
1.629497097046137455e+01
1.599135359601008766e+01
1.568848932957199160e+01
1.538786109180997741e+01
1.509066030518578927e+01
1.479782874044158092e+01
1.451009899039518736e+01
1.422803190585025312e+01
1.395205009890318593e+01
1.368246719451108362e+01
1.341951291008661507e+01
1.316335429562838755e+01
1.291411360745152948e+01
1.267188334889834245e+01
1.243673901859284570e+01
1.220875008218165370e+01
1.198798964279428780e+01
1.177454323954150617e+01
1.156851715926763013e+01
1.137004660860099214e+01
1.117930406314653524e+01
1.099650808904832466e+01
1.082193291875536012e+01
1.065591905660055794e+01
1.049888518914283431e+01
1.035134167795189875e+01
1.021390591577233309e+01
1.008731982697644725e+01
9.972469784768460244e+00
9.870409193746954912e+00
9.782383937644787864e+00
9.709860805423216945e+00
9.654558867043341763e+00
9.618483550190990883e+00
9.603962841146268303e+00
9.613684559061574930e+00
9.650732986837006422e+00
9.718622229442143379e+00
9.821322453070477465e+00
9.963273579544456027e+00
1.014937902994527263e+01
1.038496973009731228e+01
1.067572588794487665e+01
1.102754124479218767e+01
1.144631201841568569e+01
1.193763133408982391e+01
1.250637072083532431e+01
1.315613483644608017e+01
1.388858598603343353e+01
1.470265335998912981e+01
1.559366988364003959e+01
1.655251716940468398e+01
1.756490310900069929e+01
1.861093900019244174e+01
1.966520962499583902e+01
2.069752128413535885e+01
2.167445014666406067e+01
2.256168603984698606e+01
2.332698518364966489e+01
2.394334845703188108e+01
2.439189427893461470e+01
2.466386676812211576e+01
2.476135117300629673e+01
2.469654103318210758e+01
2.448973300288466604e+01
2.416650197756231933e+01
2.375463936772861118e+01
2.328139403165821975e+01
2.277138173936636889e+01
2.224530732762313079e+01
2.171945145146194278e+01
2.120575448963580101e+01
2.071228861480712524e+01
2.024392502643945946e+01
1.980304905511180635e+01
1.939022820176108652e+01
1.900478339307343134e+01
1.864524647445231764e+01
1.830970731548440611e+01
1.799606446482749078e+01
1.770219720025725252e+01
1.742607677702369173e+01
1.716583263957681993e+01
1.691978657685118748e+01
1.668646497788550676e+01
1.646459682850574424e+01
1.625310300818888720e+01
1.605108080718999730e+01
1.585778633961845152e+01
1.567261661057939648e+01
1.549509233599233937e+01
1.532484215116633663e+01
1.516158852811083158e+01
1.500513551192965345e+01
1.485535825284602041e+01
1.471219422948246525e+01
1.457563601408372733e+01
1.444572540918266057e+01
1.432254877902430223e+01
1.420623340171274762e+01
1.409694467523833694e+01
1.399488401933692572e+01
1.390028732354552155e+01
1.381342379854213398e+01
1.373459509205741824e+01
1.366413453182388515e+01
1.360240635593072511e+01
1.354980478552084122e+01
1.350675278611860186e+01
1.347370035231250363e+01
1.345112213655184696e+01
1.343951422723287870e+01
1.343938986516489109e+01
1.345127387246146178e+01
1.347569555594708923e+01
1.351317984096593428e+01
1.356423639436468065e+01
1.362934651146072795e+01
1.370894757575653600e+01
1.380341495735106960e+01
1.391304130204789224e+01
1.403801328350829891e+01
1.417838604998304675e+01
1.433405579781772232e+01
1.450473114551986242e+01
1.468990425946067546e+01
1.488882298371252766e+01
1.510046553276071712e+01
1.532351958877908515e+01
1.555636786795560944e+01
1.579708233885318514e+01
1.604342924208438959e+01
1.629288682882116390e+01
1.654267727014031664e+01
1.678981347396585377e+01
1.703116059495083690e+01
1.726351088580423010e+01
1.748366930738764324e+01
1.768854611681295808e+01
1.787525163898736480e+01
1.804118775173188283e+01
1.818413040828522398e+01
1.830229786336193953e+01
1.839440016715241910e+01
1.845966687072497336e+01
1.849785159518864930e+01
1.850921395097181943e+01
1.849448102860094068e+01
1.845479211380346740e+01
1.839163125667634091e+01
1.830675277182664829e+01
1.820210466987813902e+01
1.807975449744006369e+01
1.794182121794604257e+01
1.779041574599139608e+01
1.762759169391502212e+01
1.745530691723228855e+01
1.727539563483442819e+01
1.708955029190341079e+01
1.689931193558915012e+01
1.670606766755215133e+01
1.651105368971811416e+01
1.631536252957892685e+01
1.611995317899252811e+01
1.592566307048010366e+01
1.573322101954260077e+01
1.554326046039209253e+01
1.535633248280879570e+01
1.517291833265187861e+01
1.499344116543280947e+01
1.481827694195193423e+01
1.464776442982902793e+01
1.448221432830191979e+01
1.432191756967693763e+01
1.416715287288591973e+01
1.401819363592709955e+01
1.387531425719933331e+01
1.373879597298501132e+01
1.360893229116340208e+01
1.348603409073063197e+01
1.337043444353150967e+01
1.326249319908763624e+01
1.316260135555410749e+01
1.307118521943053580e+01
1.298871033327361602e+01
1.291568512373793176e+01
1.285266419113406045e+01
1.280025112561136424e+01
1.275910069333790098e+01
1.272992018806229275e+01
1.271346968884656903e+01
1.271056090361069124e+01
1.272205421114365720e+01
1.274885344307987900e+01
1.279189787502815712e+01
1.285215082739085268e+01
1.293058421856889595e+01
1.302815837622984319e+01
1.314579640949981432e+01
1.328435249337168145e+01
1.344457353695702828e+01
1.362705392301830187e+01
1.383218334233496982e+01
1.406008822599955899e+01
1.431056791845225185e+01
1.458302753779256733e+01
1.487641042033998318e+01
1.518913409576102858e+01
1.551903480024096993e+01
1.586332647591652112e+01
1.621858084841928971e+01
1.658073531105458898e+01
1.694513475629620558e+01
1.730661199880378120e+01
1.765960893260577080e+01
1.799833710824336208e+01
1.831697224755834696e+01
1.860987279031262531e+01
1.887180852422592281e+01
1.909818241425540108e+01
1.928522759041436885e+01
1.943016252741002603e+01
1.953129083792718390e+01
1.958803744742763087e+01
1.960091945808873604e+01
1.957145671917971441e+01
1.950203294093324402e+01
1.939572225969007846e+01
1.925609800436162189e+01
1.908703999977897681e+01
1.889255444668307149e+01
1.867661688182971602e+01
1.844304467458617935e+01
1.819540161610168028e+01
1.793693388202997241e+01
1.767053425826668445e+01
1.739873006620924301e+01
1.712368961344330742e+01
1.684724204447470797e+01
1.657090596259956783e+01
1.629592294050297241e+01
1.602329287387157919e+01
1.575380894576265867e+01
1.548809069036433073e+01
1.522661423979054440e+01
1.496973929931801095e+01
1.471773273408711447e+01
1.447078888160381283e+01
1.422904685044628437e+01
1.399260514709228254e+01
1.376153400810014737e+01
1.353588581917148659e+01
1.331570398776581499e+01
1.310103061077268904e+01
1.289191324957603690e+01
1.268841109595012284e+01
1.249060078635752546e+01
1.229858210102139005e+01
1.211248376848756791e+01
1.193246958662758317e+01
1.175874506716165335e+01
1.159156481256391480e+01
1.143124084121361150e+01
1.127815208823616722e+01
1.113275532472284191e+01
1.099559775561375830e+01
1.086733157456003873e+01
1.074873076973759112e+01
1.064071048375324402e+01
1.054434922749141457e+01
1.046091422341265975e+01
1.039189009627235549e+01
1.033901102148287166e+01
1.030429626004131549e+01
1.029008872257606377e+01
1.029909577203185300e+01
1.033443084137285162e+01
1.039965354314631263e+01
1.049880470356770701e+01
1.063643107936533916e+01
1.081759232933037218e+01
1.104784005912586942e+01
1.133315544816180243e+01
1.167982824211295245e+01
1.209425612088787716e+01
1.258264035360855537e+01
1.315055246833574287e+01
1.380234929960749746e+01
1.454042286841262488e+01
1.536429030515295757e+01
1.626956061869421788e+01
1.724686136771349254e+01
1.828086748533440442e+01
1.934963847728081632e+01
2.042452164205121434e+01
2.147089090185619042e+01
2.244993137761345636e+01
2.332152444482965947e+01
2.404803860668302917e+01
2.459853492350307747e+01
2.495264681701430121e+01
2.510330947728085960e+01
2.505767666910136171e+01
2.483596226091501435e+01
2.446845708757253846e+01
2.399140967090034948e+01
2.344266172247839819e+01
2.285784707337816002e+01
2.226767136423404736e+01
2.169643270877687158e+01
2.116165056225920083e+01
2.067450643421198464e+01
2.024076334385231490e+01
1.986187914644609975e+01
1.953611328731677332e+01
1.925951113309368168e+01
1.902671639738705878e+01
1.883160573863923659e+01
1.866776339967748299e+01
1.852882346495933419e+01
1.840870842530832974e+01
1.830178944564839583e+01
1.820298877353534195e+01
1.810783968770815022e+01
1.801251504755214938e+01
1.791383215116848504e+01
1.780923924654302581e+01
1.769678753016777861e+01
1.757509161473318571e+01
1.744328104627051346e+01
1.730094531325950413e+01
1.714807476126280505e+01
1.698499979360102685e+01
1.681233063155261220e+01
1.663089969639560550e+01
1.644170836262453150e+01
1.624587944201603662e+01
1.604461632946715355e+01
1.583916931420916008e+01
1.563080917011107296e+01
1.542080781305078396e+01
1.521042556713967464e+01
1.500090441924073659e+01
1.479346655775613861e+01
1.458931747549101843e+01
1.438965295208594064e+01
1.419566930219443179e+01
1.400857636477247503e+01
1.382961280149526395e+01
1.366006335519470838e+01
1.350127778074218909e+01
1.335469119047853503e+01
1.322184554385870925e+01
1.310441194549813382e+01
1.300421328477930949e+01
1.292324653883611418e+01
1.286370375170800706e+01
1.282799027609252818e+01
1.281873829982616364e+01
1.283881295844341786e+01
1.289130744682363883e+01
1.297952249234770328e+01
1.310692437449615788e+01
1.327707445629069127e+01
1.349352209168300298e+01
1.375965205676713055e+01
1.407847772703436284e+01
1.445237265496095524e+01
1.488273671632001438e+01
1.536959941012925768e+01
1.591117297619562443e+01
1.650338214338258780e+01
1.713941514620522710e+01
1.780936037725797760e+01
1.850001098073229855e+01
1.919492997682335300e+01
1.987486363639059661e+01
2.051856339357447823e+01
2.110402238837744449e+01
2.161005467692830351e+01
2.201805632907230859e+01
2.231371118120185315e+01
2.248836768389533702e+01
2.253983903497517005e+01
2.247247112724312146e+01
2.229646240177951810e+01
2.202656742164096215e+01
2.168042778733287079e+01
2.127681906249700461e+01
2.083407502471006367e+01
2.036886986191645477e+01
1.989543728195980776e+01
1.942521385485889240e+01
1.896683146307605128e+01
1.852635534225986191e+01
1.810766397579639531e+01
1.771288441632628263e+01
1.734282104378913658e+01
1.699733983815499982e+01
1.667568989533965507e+01
1.637675784837990633e+01
1.609925946150041298e+01
1.584187708942381434e+01
1.560335322982673389e+01
1.538255016279740595e+01
1.517848450524120629e+01
1.499034397140302843e+01
1.481749206091373061e+01
1.465946497149634276e+01
1.451596382955096765e+01
1.438684436174583681e+01
1.427210537551949976e+01
1.417187684302610862e+01
1.408640795523371736e+01
1.401605519679482015e+01
1.396127025930068299e+01
1.392258743806093158e+01
1.390061002921840583e+01
1.389599514923495249e+01
1.390943633238157773e+01
1.394164322367243436e+01
1.399331767924031844e+01
1.406512562240352437e+01
1.415766409452167451e+01
1.427142310129694458e+01
1.440674210546272604e+01
1.456376137359272782e+01
1.474236886235640220e+01
1.494214393422440068e+01
1.516229991685139034e+01
1.540162833603619674e+01
1.565844850385581566e+01
1.593056694328034872e+01
1.621525175621398063e+01
1.650922734239044587e+01
1.680869468617310503e+01
1.710938159220802390e+01
1.740662566104774100e+01
1.769549043353497453e+01
1.797091210845892206e+01
1.822787081681524768e+01
1.846157703368630010e+01
1.866766084825638927e+01
1.884235003865920888e+01
1.898262266269653153e+01
1.908632141661698256e+01
1.915222026926848997e+01
1.918003845878929070e+01
1.917040218423878883e+01
1.912475943595425676e+01
1.904525761785880889e+01
1.893459634891392795e+01
1.879586881979394164e+01
1.863240438660403342e+01
1.844762304569546529e+01
1.824490955941335812e+01
1.802751183801430557e+01
1.779846520270898225e+01
1.756054169287747868e+01
1.731622180817285539e+01
1.706768501842895347e+01
1.681681494950465705e+01
1.656521522018277182e+01
1.631423230455769868e+01
1.606498237826333764e+01
1.581837975629036563e+01
1.557516516036811360e+01
1.533593261298966048e+01
1.510115421795851809e+01
1.487120244806457414e+01
1.464636982580529079e+01
1.442688606630090042e+01
1.421293286858423777e+01
1.400465660797514644e+01
1.380217921226491917e+01
1.360560750953943732e+01
1.341504132474432787e+01
1.323058058230292566e+01
1.305233164801837908e+01
1.288041311831298152e+01
1.271496124054080212e+01
1.255613512570217871e+01
1.240412189477453531e+01
1.225914188196078491e+01
1.212145400200430423e+01
1.199136137361866972e+01
1.186921727609542998e+01
1.175543150012777183e+01
1.165047713542687369e+01
1.155489781514189218e+01
1.146931540842796693e+01
1.139443811535737261e+01
1.133106886991575557e+01
1.128011389376063534e+01
1.124259116194396135e+01
1.121963843767322899e+01
1.121252040187899368e+01
1.122263424036919588e+01
1.125151285275969038e+01
1.130082461071501854e+01
1.137236831866730036e+01
1.146806172320502526e+01
1.158992159025211421e+01
1.174003304537406400e+01
1.192050559051593694e+01
1.213341302841285874e+01
1.238071452624170554e+01
1.266415434234724735e+01
1.298513846000391325e+01
1.334458767492464482e+01
1.374276872383919823e+01
1.417910794210395409e+01
1.465199573598821559e+01
1.515859473141330938e+01
1.569466945972814642e+01
1.625446019550422250e+01
1.683062705892539412e+01
1.741429142986429568e+01
1.799519867665843620e+01
1.856201800111955080e+01
1.910278138423136340e+01
1.960544496258508573e+01
2.005853504034252666e+01
2.045182124350935382e+01
2.077694582938158163e+01
2.102793528862946104e+01
2.120153064867333015e+01
2.129729570831696250e+01
2.131749374671873909e+01
2.126675643032808338e+01
2.115159642424565689e+01
2.097983192685166287e+01
2.075999454172745118e+01
2.050078276441537994e+01
2.021060585132831022e+01
1.989724207073952655e+01
1.956761595542972998e+01
1.922768428268249608e+01
1.888241134438750279e+01
1.853581033571247971e+01
1.819102814854612049e+01
1.785045395364986121e+01
1.751583627272125554e+01
1.718839771752930545e+01
1.686894055502674661e+01
1.655793943999595896e+01
1.625561998102409333e+01
1.596202335628017899e+01
1.567705812241541175e+01
1.540054082525642798e+01
1.513222717084441449e+01
1.487183546735532325e+01
1.461906388971111959e+01
1.437360290949811237e+01
1.413514401186827030e+01
1.390338561123911809e+01
1.367803689063337025e+01
1.345882013003993904e+01
1.324547195750767514e+01
1.303774385067398356e+01
1.283540213283409237e+01
1.263822764289561817e+01
1.244601520918599036e+01
1.225857301999119819e+01
1.207572195625743738e+01
1.189729493189580012e+01
1.172313627283345916e+01
1.155310115596546261e+01
1.138705512240595930e+01
1.122487367509816458e+01
1.106644196830938576e+01
1.091165459535992710e+01
1.076041548079368759e+01
1.061263788386876072e+01
1.046824452158310592e+01
1.032716782136652967e+01
1.018935031602592467e+01
1.005474519652443099e+01
9.923317041736057220e+00
9.795042748503059116e+00
9.669912690213331885e+00
9.547932137813628373e+00
9.429122983804703040e+00
9.313525817471221657e+00
9.201202408544842726e+00
9.092238666860652074e+00
8.986748157535217274e+00
8.884876264959341796e+00
8.786805114641371262e+00
8.692759379806993536e+00
8.603013119742865200e+00
8.517897819138822157e+00
8.437811821925649269e+00
8.363231378829439677e+00
8.294723554144475486e+00
8.232961262503772915e+00
8.178740728219150213e+00
8.133001674275730508e+00
8.096850549660754126e+00
8.071587084194002060e+00
8.058734407744321260e+00
8.060072869357664871e+00
8.077677518997795403e+00
8.113958940167270484e+00
8.171706705937623383e+00
8.254134122998294743e+00
8.364922065254035033e+00
8.508258505991824094e+00
8.688868754348032297e+00
8.912029309578928249e+00
9.183555610795387736e+00
9.509750784813862268e+00
9.897298901740665400e+00
1.035308256056115894e+01
1.088390148884800723e+01
1.149606735656706213e+01
1.219485187764702516e+01
1.298377287512954226e+01
1.386371923045795462e+01
1.483194348217848457e+01
1.588099218322839334e+01
1.699769794364333464e+01
1.816241690630296191e+01
1.934874684970697700e+01
2.052398111704860639e+01
2.165051372788123274e+01
2.268828733983549739e+01
2.359816455998893758e+01
2.434583786876177669e+01
2.490565044730344013e+01
2.526358113183181331e+01
2.541873464560642404e+01
2.538298525210576173e+01
2.517886253965070864e+01
2.483618650598571875e+01
2.438820403621537380e+01
2.386797949381891826e+01
2.330558626905064656e+01
2.272634527392402148e+01
2.215007925858748905e+01
2.159117202866519136e+01
2.105915375185918492e+01
2.055955085313804531e+01
2.009480094913177695e+01
1.966510550394252377e+01
1.926915497590565707e+01
1.890470549965164437e+01
1.856901300757866835e+01
1.825914409065198996e+01
1.797218740161838824e+01
1.770538881868382219e+01
1.745623057545047274e+01
1.722247075756663293e+01
1.700215585043507716e+01
1.679361579474682742e+01
1.659544838865464911e+01
1.640649784598641503e+01
1.622583079729127675e+01
1.605271190676903004e+01
1.588658048063417993e+01
1.572702888247921038e+01
1.557378318571479525e+01
1.542668623362411928e+01
1.528568310749452586e+01
1.515080889573298784e+01
1.502217859215170037e+01
1.489997891545294273e+01
1.478446182403227560e+01
1.467593949310129986e+01
1.457478051939925301e+01
1.448140711846785500e+01
1.439629307769298272e+01
1.431996222289686216e+01
1.425298714556650737e+01
1.419598792063452919e+01
1.414963052027828105e+01
1.411462459708383399e+01
1.409172027024678009e+01
1.408170350204420629e+01
1.408538960031673426e+01
1.410361432909621904e+01
1.413722205839277635e+01
1.418705034221287775e+01
1.425391029041291802e+01
1.433856210733452130e+01
1.444168522398764409e+01
1.456384256979866976e+01
1.470543873626152731e+01
1.486667210105352233e+01
1.504748142864337979e+01
1.524748805771777960e+01
1.546593553073813787e+01
1.570162940104588678e+01
1.595288092443990458e+01
1.621745932469774232e+01
1.649255819324372041e+01
1.677478217670781291e+01
1.706016022434505430e+01
1.734419110245201523e+01
1.762192545597599391e+01
1.788808630962857293e+01
1.813722659045692254e+01
1.836391824538240769e+01
1.856296325218608700e+01
1.872961289408953078e+01
1.885977879799832380e+01
1.895021809693341552e+01
1.899867613490579643e+01
1.900397349780879352e+01
1.896602949669003380e+01
1.888582080193949153e+01
1.876528070048468066e+01
1.860715033805675844e+01
1.841479741781211033e+01
1.819201963885313234e+01
1.794284962425550489e+01
1.767137558737170977e+01
1.738158818699282904e+01
1.707725970097951773e+01
1.676185750982609690e+01
1.643849044302037399e+01
1.610988408085894008e+01
1.577837967803099062e+01
1.544595087042728920e+01
1.511423253394105970e+01
1.478455684269484216e+01
1.445799250011472914e+01
1.413538411007343321e+01
1.381738959178940540e+01
1.350451434776554649e+01
1.319714153716904015e+01
1.289555828596641796e+01
1.259997799656226292e+01
1.231055912958277787e+01
1.202742094732976597e+01
1.175065675928427922e+01
1.148034521810174091e+01
1.121656019852919783e+01
1.095937976589567064e+01
1.070889471577003071e+01
1.046521714953131976e+01
1.022848954726233117e+01
9.998894813447892105e+00
9.776667805532499145e+00
9.562108913261237575e+00
9.355600340710115148e+00
9.157625856016908372e+00
8.968794919228306739e+00
8.789872279458904814e+00
8.621814351053044945e+00
8.465813935097036946e+00
8.323355144002839268e+00
8.196280702385704942e+00
8.086874114161936689e+00
7.997959460356836026e+00
7.933021748450880040e+00
7.896350645010200786e+00
7.893209883893639756e+00
7.930033332501030152e+00
8.014646133606127876e+00
8.156504809785893428e+00
8.366942720225667429e+00
8.659395458018375180e+00
9.049563019344429193e+00
9.555440096018834595e+00
1.019711130482666483e+01
1.099616486917729574e+01
1.197453039605124836e+01
1.315250572122029382e+01
1.454572886345427030e+01
1.616091657507783808e+01
1.799039291369737370e+01
2.000583966655880275e+01
2.215235461153096708e+01
2.434473433157881317e+01
2.646862209785323827e+01
2.838921709398718818e+01
2.996892144890709631e+01
3.109223326622436545e+01
3.169207634504722648e+01
3.176873233691081566e+01
3.139327626541760807e+01
3.069285047130422228e+01
2.982273482451385149e+01
2.893528759516341253e+01
2.815540155284031698e+01
2.756728663941281354e+01
2.721197275417936723e+01
2.709191136581085857e+01
2.717886069467189714e+01
2.742257785457671559e+01
2.775930956664357652e+01
2.811994210383740977e+01
2.843784240786841977e+01
2.865612572069432318e+01
2.873365835777389066e+01
2.864887079254642543e+01
2.840062488628232984e+01
2.800595385837750584e+01
2.749525520376277044e+01
2.690612944484613323e+01
2.627725878003556659e+01
2.564346535528131099e+01
2.503255175111599584e+01
2.446396414105761608e+01
2.394892547986154696e+01
2.349152404583551146e+01
2.309026600626853565e+01
2.273972135853280818e+01
2.243203369395086355e+01
2.215818155461803585e+01
2.190895847324905432e+01
2.167568367644634719e+01
2.145067608253805247e+01
2.122753073940917901e+01
2.100123655929233379e+01
2.076817139143517110e+01
2.052600707159126969e+01
2.027355363954533729e+01
2.001056833731092865e+01
1.973755109180029166e+01
1.945554388882575125e+01
1.916594690582602212e+01
1.887035978147754278e+01
1.857045229808794318e+01
1.826786532128166485e+01
1.796414025134940218e+01
1.766067353140014973e+01
1.735869185605016440e+01
1.705924348262933776e+01
1.676320128342174698e+01
1.647127371307439958e+01
1.618402054651157584e+01
1.590187095305395104e+01
1.562514213418508646e+01
1.535405732169922466e+01
1.508876239223235238e+01
1.482934070388959746e+01
1.457582601209165318e+01
1.432821349128142785e+01
1.408646899443093581e+01
1.385053673990540446e+01
1.362034563935597298e+01
1.339581448231068705e+01
1.317685618168336248e+01
1.296338126579405170e+01
1.275530078101443721e+01
1.255252874762498116e+01
1.235498429159882861e+01
1.216259355773071071e+01
1.197529149521007419e+01
1.179302359547604162e+01
1.161574765387812924e+01
1.144343562110340962e+01
1.127607560728695191e+01
1.111367410097282438e+01
1.095625846643749313e+01
1.080387978615375566e+01
1.065661612021678728e+01
1.051457626124398814e+01
1.037790407146637683e+01
1.024678349828908885e+01
1.012144437529479291e+01
1.000216912716434869e+01
9.889300508801355249e+00
9.783250520322159360e+00
9.684510649407359395e+00
9.593663599195956238e+00
9.511396661139457365e+00
9.438516884783640037e+00
9.375968175823397033e+00
9.324850413856397680e+00
9.286440613807037892e+00
9.262216049106832827e+00
9.253879096246413027e+00
9.263383331257223574e+00
9.292960086751337556e+00
9.345144236686024897e+00
9.422797384650465347e+00
9.529125858078620226e+00
9.667689925676926421e+00
9.842399438829163572e+00
1.005748965270879758e+01
1.031746935427553069e+01
1.062703172746114255e+01
1.099091684376612932e+01
1.141371365583005293e+01
1.189958946937975703e+01
1.245193688556421385e+01
1.307293317448205450e+01
1.376301612054229828e+01
1.452029461055535187e+01
1.533993208447001066e+01
1.621356565084898804e+01
1.712885030381195861e+01
1.806924054238177035e+01
1.901413206121329580e+01
1.993947343763452551e+01
2.081891237927774085e+01
2.162545961662560501e+01
2.233354391940994432e+01
2.292121671838205188e+01
2.337217928460946226e+01
2.367728580234630442e+01
2.383524378795678800e+01
2.385238197695934304e+01
2.374154582233257926e+01
2.352035407036316883e+01
2.320915395807142900e+01
2.282902272029571478e+01
2.240009027948059028e+01
2.194033904375518773e+01
2.146491473929247107e+01
2.098588904074073724e+01
2.051236353936900514e+01
2.005079199527724398e+01
1.960541165900419358e+01
1.917870104730953784e+01
1.877181028388938699e+01
1.838493475559461032e+01
1.801762098040280335e+01
1.766900527905795926e+01
1.733799231100504201e+01
1.702338330672025535e+01
1.672396427556179432e+01
1.643856363476566784e+01
1.616608729809978584e+01
1.590553771393931726e+01
1.565602188722131416e+01
1.541675216498238044e+01
1.518704254199184156e+01
1.496630244155186951e+01
1.475402931833380471e+01
1.454980098078346451e+01
1.435326820671699188e+01
1.416414799784872436e+01
1.398221766281275436e+01
1.380730981441779726e+01
1.363930830047697995e+01
1.347814504730688867e+01
1.332379777253675712e+01
1.317628851309542171e+01
1.303568291073244012e+01
1.290209019799443624e+01
1.277566382991923355e+01
1.265660270913766716e+01
1.254515295329423452e+01
1.244161015266071679e+01
1.234632206159138512e+01
1.225969165914989389e+01
1.218218050088974458e+01
1.211431226437249897e+01
1.205667636443707913e+01
1.200993147926316595e+01
1.197480878360438794e+01
1.195211462990168982e+01
1.194273235015581847e+01
1.194762277059385092e+01
1.196782293709680900e+01
1.200444244289797169e+01
1.205865663367834806e+01
1.213169584371562237e+01
1.222482969832327449e+01
1.233934541497424497e+01
1.247651896631543522e+01
1.263757795746330359e+01
1.282365514962996578e+01
1.303573177171011821e+01
1.327457014633661814e+01
1.354063576480342590e+01
1.383400981958819997e+01
1.415429437264843315e+01
1.450051380139268353e+01
1.487101787348166582e+01
1.526339363961217011e+01
1.567439509797643993e+01
1.609990097976102064e+01
1.653491165418772368e+01
1.697359563358799051e+01
1.740939408447646386e+01
1.783518786905878173e+01
1.824352596744911992e+01
1.862690705622846821e+01
1.897809836842256104e+01
1.929046893999756307e+01
1.955830936244898766e+01
1.977710850476762872e+01
1.994376016390453543e+01
2.005667929404554428e+01
2.011581748363258626e+01
2.012257904024308885e+01
2.007965033711361968e+01
1.999076399948832616e+01
1.986042467762773711e+01
1.969362406510108698e+01
1.949556988758365250e+01
1.927144790856249656e+01
1.902622899181368155e+01
1.876452628416929258e+01
1.849050165979259219e+01
1.820781626765389660e+01
1.791961748105740782e+01
1.762855357231558173e+01
1.733680765707639893e+01
1.704614345003875542e+01
1.675795676448750982e+01
1.647332817625997592e+01
1.619307366112859370e+01
1.591779119439004830e+01
1.564790223177415029e+01
1.538368767591330055e+01
1.512531840241759795e+01
1.487288071486992536e+01
1.462639726087846981e+01
1.438584400963994625e+01
1.415116389662966689e+01
1.392227770730422343e+01
1.369909271682261576e+01
1.348150953905112637e+01
1.326942757353776514e+01
1.306274937858290741e+01
1.286138424462228613e+01
1.266525119601176996e+01
1.247428161114903311e+01
1.228842162032631258e+01
1.210763441713838517e+01
1.193190260192547925e+01
1.176123066386867322e+01
1.159564770129435018e+01
1.143521047689402614e+01
1.128000690543032292e+01
1.113016007566398535e+01
1.098583291534923134e+01
1.084723361787538209e+01
1.071462196113617260e+01
1.058831666305408348e+01
1.046870393328761217e+01
1.035624739614735290e+01
1.025149957437137438e+01
1.015511513529014387e+01
1.006786610730690334e+01
9.990659271593658630e+00
9.924555915864958777e+00
9.870794096233694859e+00
9.830813478729625743e+00
9.806282709524628771e+00
9.799129072912986516e+00
9.811569913438187740e+00
9.846144891222614604e+00
9.905747568159922523e+00
9.993654040827461671e+00
1.011354529271749669e+01
1.026951858345452351e+01
1.046608148755025702e+01
1.070812013223332926e+01
1.100083081688120856e+01
1.134960168739501718e+01
1.175982882147363817e+01
1.223664954196635080e+01
1.278457594131657693e+01
1.340701480040702620e+01
1.410566804268794350e+01
1.487982252068648137e+01
1.572556098953608306e+01
1.663495818387140091e+01
1.759536517382756315e+01
1.858892583340776028e+01
1.959250023565281751e+01
2.057817486194089085e+01
2.151450025618322215e+01
2.236849945133139883e+01
2.310833628343855040e+01
2.370634716772362438e+01
2.414197513194710609e+01
2.440406712468734085e+01
2.449205778234592756e+01
2.441577285392352792e+01
2.419388997341597403e+01
2.385139405918832267e+01
2.341655778678544664e+01
2.291800859975705507e+01
2.238232505356948110e+01
2.183240252381301261e+01
2.128662154931773287e+01
2.075869991691650895e+01
2.025803371274692566e+01
1.979032350623704062e+01
1.935831492487474037e+01
1.896253287959576994e+01
1.860193770028106997e+01
1.827447033709798418e+01
1.797748021721409728e+01
1.770804475606292883e+01
1.746319677408196114e+01
1.724007805070762700e+01
1.703603625512747399e+01
1.684868011217520944e+01
1.667590486455267040e+01
1.651589740817387764e+01
1.636712814737954247e+01
1.622833471414669049e+01
1.609850120493969428e+01
1.597683545605370981e+01
1.586274603723087218e+01
1.575582003055760971e+01
1.565580222229437091e+01
1.556257602465037415e+01
1.547614622759479808e+01
1.539662353091821245e+01
1.532421070400439156e+01
1.525919015051454508e+01
1.520191260685812296e+01
1.515278666946756303e+01
1.511226882143870220e+01
1.508085361086074805e+01
1.505906361951182504e+01
1.504743885126660707e+01
1.504652516553875508e+01
1.505686138457396162e+01
1.507896471785565673e+01
1.511331417692935730e+01
1.516033170537638597e+01
1.522036082820295810e+01
1.529364273984271527e+01
1.538028990749117675e+01
1.548025747267498353e+01
1.559331299234829515e+01
1.571900537054525948e+01
1.585663418522582546e+01
1.600522099594938652e+01
1.616348459872269316e+01
1.632982253452149379e+01
1.650230140484633523e+01
1.667865863861517539e+01
1.685631822299257720e+01
1.703242249510000761e+01
1.720388134899787147e+01
1.736743913337758372e+01
1.751975813852659414e+01
1.765751599295575502e+01
1.777751266674416897e+01
1.787678131453613872e+01
1.795269611322052583e+01
1.800306976921892854e+01
1.802623363999598638e+01
1.802109448591933472e+01
1.798716366894548457e+01
1.792455694527415844e+01
1.783396556382682618e+01
1.771660183893946083e+01
1.757412438998063209e+01
1.740854958746475134e+01
1.722215629005720317e+01
1.701739070946159060e+01
1.679677732903351384e+01
1.656284043616887658e+01
1.631803924919930537e+01
1.606471805362188121e+01
1.580507138852281734e+01
1.554112325465288080e+01
1.527471859623334893e+01
1.500752492836450003e+01
1.474104189107470297e+01
1.447661663940835020e+01
1.421546325190617566e+01
1.395868468974267529e+01
1.370729621140743504e+01
1.346224950448652358e+01
1.322445711287758385e+01
1.299481700281042507e+01
1.277423732121719091e+01
1.256366155752061964e+01
1.236409442937040559e+01
1.217662887877087563e+01
1.200247458993535155e+01
1.184298842308622746e+01
1.169970709348049098e+01
1.157438230030405890e+01
1.146901830651526133e+01
1.138591166028338542e+01
1.132769229335777261e+01
1.129736458244304131e+01
1.129834605626169974e+01
1.133450020420432658e+01
1.141015821995919488e+01
1.153012243257645508e+01
1.169964160850024371e+01
1.192434529429542245e+01
1.221012108826387355e+01
1.256291557913441359e+01
1.298843740713894235e+01
1.349174068669012705e+01
1.407667064802086720e+01
1.474516314589631349e+01
1.549640832791006240e+01
1.632591863486356942e+01
1.722458325897617826e+01
1.817784258401472997e+01
1.916516855764517757e+01
2.016007439265734291e+01
2.113087633752174099e+01
2.204236627255005843e+01
2.285841025109778357e+01
2.354527270787064097e+01
2.407522368387815703e+01
2.442979739018485219e+01
2.460202585154879174e+01
2.459712829230253206e+01
2.443147565155646461e+01
2.413006484545513430e+01
2.372307990812154088e+01
2.324226713217064599e+01
2.271777713678815758e+01
2.217589107690947259e+01
2.163776273655967231e+01
2.111907327857531769e+01
2.063036174085877406e+01
2.017776102012060235e+01
1.976390444708675176e+01
1.938883428559589817e+01
1.905081179876539821e+01
1.874698352996392714e+01
1.847389565985620408e+01
1.822786954847655139e+01
1.800526109502689209e+01
1.780262866767089847e+01
1.761683246659471180e+01
1.744508456854672218e+01
1.728496490810294262e+01
1.713441476990660561e+01
1.699171627704611609e+01
1.685546391565042512e+01
1.672453227664763631e+01
1.659804282308200030e+01
1.647533150095853571e+01
1.635591831025170606e+01
1.623947946443716006e+01
1.612582243272658644e+01
1.601486393495911287e+01
1.590661081255229625e+01
1.580114360681524666e+01
1.569860262171590115e+01
1.559917622012154581e+01
1.550309109225000803e+01
1.541060423663750001e+01
1.532199640309967315e+01
1.523756676088849460e+01
1.515762857135109520e+01
1.508250566133344606e+01
1.501252951027750271e+01
1.494803677973729705e+01
1.488936712848226129e+01
1.483686116929128751e+01
1.479085843499443875e+01
1.475169523147803652e+01
1.471970226457000486e+01
1.469520193643020711e+01
1.467850521586972334e+01
1.466990799660720057e+01
1.466968686862629490e+01
1.467809424139297292e+01
1.469535277464024858e+01
1.472164909365758412e+01
1.475712679241076941e+01
1.480187876011923009e+01
1.485593890565475128e+01
1.491927339947018893e+01
1.499177160438674150e+01
1.507323692347197230e+01
1.516337785361092294e+01
1.526179959443301826e+01
1.536799662017671686e+01
1.548134667196370451e+01
1.560110666398506929e+01
1.572641101278059494e+01
1.585627288743033247e+01
1.598958883385771834e+01
1.612514714366251667e+01
1.626164021433542928e+01
1.639768098398292651e+01
1.653182332452642100e+01
1.666258605206104093e+01
1.678847997561569727e+01
1.690803717389239580e+01
1.701984148425632526e+01
1.712255903047892502e+01
1.721496752476010172e+01
1.729598307002000013e+01
1.736468326797445627e+01
1.742032560597585800e+01
1.746236034056341069e+01
1.749043739905407691e+01
1.750440715664714020e+01
1.750431528619559174e+01
1.749039219185734595e+01
1.746303780074682166e+01
1.742280267948766337e+01
1.737036655466216573e+01
1.730651534596765728e+01
1.723211777506018194e+01
1.714810250470826247e+01
1.705543660920659121e+01
1.695510599678305397e+01
1.684809821598614832e+01
1.673538789624202749e+01
1.661792490975138392e+01
1.649662520540732658e+01
1.637236415927518252e+01
1.624597221082702703e+01
1.611823250743288227e+01
1.598988025772036181e+01
1.586160349255756152e+01
1.573404494557651745e+01
1.560780478857539499e+01
1.548344398662933763e+01
1.536148806985223025e+01
1.524243115082418321e+01
1.512674004681010054e+01
1.501485839277876266e+01
1.490721065415447733e+01
1.480420596687260648e+01
1.470624174664244421e+01
1.461370701952193052e+01
1.452698543228071060e+01
1.444645790393959395e+01
1.437250487972773882e+01
1.430550814590599273e+01
1.424585215888479972e+01
1.419392483525007265e+01
1.415011774116023879e+01
1.411482561060729246e+01
1.408844511283872336e+01
1.407137278053216889e+01
1.406400200296505432e+01
1.406671898348464467e+01
1.407989755932928944e+01
1.410389278578758976e+01
1.413903319754696319e+01
1.418561167982131188e+01
1.424387491253518867e+01
1.431401139456623106e+01
1.439613811371392771e+01
1.449028600312917625e+01
1.459638441706196410e+01
1.471424496739015808e+01
1.484354518518722443e+01
1.498381260404813986e+01
1.513440999681657040e+01
1.529452262454902822e+01
1.546314846280295718e+01
1.563909243980754482e+01
1.582096573624774294e+01
1.600719113966235696e+01
1.619601530240929321e+01
1.638552851037897184e+01
1.657369222782984508e+01
1.675837425055174634e+01
1.693739079674464421e+01
1.710855432782472718e+01
1.726972536711592099e+01
1.741886612826957403e+01
1.755409343401648314e+01
1.767372824968155243e+01
1.777633920991358352e+01
1.786077779408969235e+01
1.792620329187363026e+01
1.797209635446915144e+01
1.799826068565815618e+01
1.800481321217625919e+01
1.799216380497528434e+01
1.796098622995721428e+01
1.791218243613093719e+01
1.784684251318153514e+01
1.776620266822689231e+01
1.767160340606971403e+01
1.756444978922942468e+01
1.744617525377359257e+01
1.731821001622633105e+01
1.718195467197353565e+01
1.703875919293680496e+01
1.688990720595922213e+01
1.673660518528855690e+01
1.657997602421458083e+01
1.642105635589155455e+01
1.626079696020564924e+01
1.610006560840845680e+01
1.593965174605693313e+01
1.578027248472769450e+01
1.562257945324796360e+01
1.546716614147515401e+01
1.531457544802398552e+01
1.516530721397199422e+01
1.501982558538551515e+01
1.487856609772183702e+01
1.474194241490804202e+01
1.461035268587206737e+01
1.448418550250386438e+01
1.436382545655396115e+01
1.424965829989615074e+01
1.414207571383644790e+01
1.404147968952000980e+01
1.394828651357397398e+01
1.386293034135283619e+01
1.378586632480232055e+01
1.371757324318693705e+01
1.365855556282557082e+01
1.360934482662440281e+01
1.357050024571700142e+01
1.354260833419252030e+01
1.352628139423067211e+01
1.352215462386111788e+01
1.353088158443653022e+01
1.355312773186425979e+01
1.358956168767250894e+01
1.364084390716235085e+01
1.370761239753142746e+01
1.379046515562601272e+01
1.388993904092325415e+01
1.400648488368064015e+01
1.414043876083605333e+01
1.429198956297430456e+01
1.446114323276040103e+01
1.464768438350433222e+01
1.485113640481755759e+01
1.507072162049320951e+01
1.530532355939215172e+01
1.555345389568608994e+01
1.581322705581412258e+01
1.608234580499175337e+01
1.635810123253061832e+01
1.663739036484695788e+01
1.691675406933294568e+01
1.719243691977468558e+01
1.746046927048639574e+01
1.771676999331321767e+01
1.795726630789494038e+01
1.817802509556323542e+01
1.837538830208652030e+01
1.854610379408320497e+01
1.868744259454189560e+01
1.879729394994483371e+01
1.887423120192462633e+01
1.891754381502408577e+01
1.892723386238460748e+01
1.890397840132622065e+01
1.884906205661546608e+01
1.876428639543584254e+01
