0.000000000000000000e+00
-1.050405604209931620e-01
-1.922246504533931533e-01
-2.716683123068445727e-01
-3.486231961084319542e-01
-4.265693183171271330e-01
-5.081496915282670557e-01
-5.955850289367565775e-01
-6.908985163986861577e-01
-7.960553085321417921e-01
-9.130591580986122668e-01
-1.044026302352115021e+00
-1.191247287378568442e+00
-1.357242901819545100e+00
-1.544818025163942732e+00
-1.757115837495100141e+00
-1.997673963747017556e+00
-2.270483459805731741e+00
-2.580050914947438212e+00
-2.931463203327718592e+00
-3.330453419636718593e+00
-3.783465099694202749e+00
-4.297709712324716769e+00
-4.881209275843729323e+00
-5.542811327797318555e+00
-6.292156706525784848e+00
-7.139570806621728494e+00
-8.095835008723748061e+00
-9.171775487417871631e+00
-1.037758013631618148e+01
-1.172171989605678277e+01
-1.320930880560282361e+01
-1.483969179573194452e+01
-1.660301256291070970e+01
-1.847551241854064941e+01
-2.041339626310193012e+01
-2.234536196039676881e+01
-2.416445507523060598e+01
-2.572093396193629289e+01
-2.681939157974693799e+01
-2.722526645828629199e+01
-2.668719397871245391e+01
-2.498045853339839795e+01
-2.197039631858074316e+01
-1.768155720237518480e+01
-1.234292480995888397e+01
-6.374364149666552848e+00
-2.998269858251383368e-01
5.383380763908673927e+00
1.031490399849252881e+01
1.430763254550972974e+01
1.730798827236651505e+01
1.932290174081245482e+01
2.036037290920289422e+01
2.040643190270736085e+01
1.943755260704867638e+01
1.745581514224231512e+01
1.453008617002760516e+01
1.082507230464529968e+01
6.602256728877820890e+00
2.186310130933062368e+00
-2.093003235225660674e+00
-5.959184204011279462e+00
-9.222993309246227511e+00
-1.178267566623321905e+01
-1.360001371337216192e+01
-1.467086025513512659e+01
-1.500507047617021428e+01
-1.462122310580393680e+01
-1.355347050968941680e+01
-1.186373602855637266e+01
-9.651579090358589852e+00
-7.055477252991069648e+00
-4.242716680572254262e+00
-1.389854810528792228e+00
1.340029028189246407e+00
3.815667271930787141e+00
5.946270456201645516e+00
7.679930849351801925e+00
8.995223560289300480e+00
9.890932866859888151e+00
1.037778337572810372e+01
1.047389383561370835e+01
1.020373873986131130e+01
9.599284539936498106e+00
8.701634258396852672e+00
7.561728622930901977e+00
6.239202148670869086e+00
4.799212575641019995e+00
3.307772056372260128e+00
1.826604938249091203e+00
4.086813142246377151e-01
-9.046946031819889100e-01
-2.084885297648023883e+00
-3.115197256674210990e+00
-3.988986070329365141e+00
-4.707247201495232680e+00
-5.276245348581749539e+00
-5.705527128062609421e+00
-6.006452016337365585e+00
-6.191223247605659452e+00
-6.272317464035774393e+00
-6.262186360005594032e+00
-6.173113859427873606e+00
-6.017139520585044643e+00
-5.805990090988940366e+00
-5.550989381961692892e+00
-5.262938750676356747e+00
-4.951975565246915956e+00
-4.627425384840024414e+00
-4.297666173423593250e+00
-3.970021037276714626e+00
-3.650691286236837030e+00
-3.344735618844584479e+00
-3.056095270807482223e+00
-2.787660031573890418e+00
-2.541366675743483849e+00
-2.318319708359450448e+00
-2.118924197590486003e+00
-1.943021485418033656e+00
-1.790020283733183115e+00
-1.659017670888454532e+00
-1.548906484219213286e+00
-1.458467348967867672e+00
-1.386444986532501034e+00
-1.331609477118880003e+00
-1.292803838285683016e+00
-1.268979674798320190e+00
-1.259222820512672980e+00
-1.262770892320484339e+00
-1.279024564325272451e+00
-1.307554191688129919e+00
-1.348103201492264702e+00
-1.400589446269089544e+00
-1.465105500081895551e+00
-1.541918676357780793e+00
-1.631471365090729986e+00
-1.734382124956475923e+00
-1.851447820804023037e+00
-1.983646964245180833e+00
-2.132144288129271814e+00
-2.298296456292770795e+00
-2.483658667950711774e+00
-2.689991749033343371e+00
-2.919269115420009886e+00
-3.173682726517306651e+00
-3.455646798520060958e+00
-3.767797585865669596e+00
-4.112986931003934643e+00
-4.494266483331063711e+00
-4.914858447231815752e+00
-5.378107380265677584e+00
-5.887405868711034884e+00
-6.446084812406622788e+00
-7.057256538647195931e+00
-7.723596087870248539e+00
-8.447042952157953977e+00
-9.228402704776092591e+00
-1.006682610409489698e+01
-1.095914371932522435e+01
-1.189903904662329559e+01
-1.287605565834589250e+01
-1.387445855002001238e+01
-1.487201189347449670e+01
-1.583880020360658492e+01
-1.673631027837736696e+01
-1.751710271026797727e+01
-1.812551524137003867e+01
-1.849991341200957606e+01
-1.857696582098624916e+01
-1.829817995050207102e+01
-1.761841189786298045e+01
-1.651526597539464092e+01
-1.499740845473923478e+01
-1.310923213127370168e+01
-1.092953729277116892e+01
-8.563258979800600912e+00
-6.127512338600920039e+00
-3.735398547611315401e+00
-1.481924779606575537e+00
5.645503291577353977e-01
2.364210680941403631e+00
3.902215340596550952e+00
5.182162106039077010e+00
6.219064486656089130e+00
7.033489236467210581e+00
7.647509950887905639e+00
8.082411683351608644e+00
8.357732613956683210e+00
8.491158531245730501e+00
8.498858898943582929e+00
8.395969911458040613e+00
8.197039515108693664e+00
7.916335289555433974e+00
7.567978099129032188e+00
7.165907117073012422e+00
6.723709449765149060e+00
6.254362878551058103e+00
5.769944977978493483e+00
5.281357810246199769e+00
4.798106819787086863e+00
4.328158295239276754e+00
3.877884806505032866e+00
3.452094915097977168e+00
3.054133876232235423e+00
2.686036638676929211e+00
2.348712921345509574e+00
2.042145616169236177e+00
1.765587106160720676e+00
1.517742227101740227e+00
1.296930714405573060e+00
1.101225540395213143e+00
9.285663164907534961e-01
7.768488723195052792e-01
6.439933200812080205e-01
5.279935177979833139e-01
4.269510212044147490e-01
3.390965065292135261e-01
2.628013721311215356e-01
1.965818718291443834e-01
1.390977551990261463e-01
8.914702649554039071e-02
4.565810443404871161e-02
7.680378970493617619e-03
-2.562607949596695800e-02
-5.500110054597301401e-02
-8.109488439787664038e-02
-1.044780882903579983e-01
-1.256513506298667371e-01
-1.450541481886561401e-01
-1.630729360694494756e-01
-1.800485596363307905e-01
-1.962829554052233916e-01
-2.120451766741920374e-01
-2.275767916345833308e-01
-2.430967085816725937e-01
-2.588054860175016403e-01
-2.748891859853161423e-01
-2.915228277234377385e-01
-3.088734963089939667e-01
-3.271031578504425275e-01
-3.463712293314584745e-01
-3.668369476580325417e-01
-3.886615789916805230e-01
-4.120105061823889914e-01
-4.370552291206675766e-01
-4.639753101504767163e-01
-4.929602943421840244e-01
-5.242116324164062258e-01
-5.579446324213629405e-01
-5.943904648742277530e-01
-6.337982449454522271e-01
-6.764372143532203507e-01
-7.225990448898462759e-01
-7.726002848618117591e-01
-8.267849691135569223e-01
-8.855274126293566361e-01
-9.492352068507672325e-01
-1.018352436663707561e+00
-1.093363134312196561e+00
-1.174794984047164093e+00
-1.263223287812993423e+00
-1.359275197315891859e+00
-1.463634210899277255e+00
-1.577044924115178270e+00
-1.700318009882683556e+00
-1.834335386578590299e+00
-1.980055508918467488e+00
-2.138518685278890885e+00
-2.310852283919215822e+00
-2.498275636517912179e+00
-2.702104376940703823e+00
-2.923753861712831803e+00
-3.164741200733481197e+00
-3.426685275601135672e+00
-3.711303930458325517e+00
-4.020407277123132062e+00
-4.355885751904432723e+00
-4.719691184687166086e+00
-5.113808680806224416e+00
-5.540216564431935886e+00
-6.000830985879565205e+00
-6.497431062742449193e+00
-7.031559633868506687e+00
-7.604393915880710786e+00
-8.216579674216932361e+00
-8.868022139221984901e+00
-9.557627103394715107e+00
-1.028298686162747444e+01
-1.104000851296162011e+01
-1.182248743847416605e+01
-1.262163748970009181e+01
-1.342560261722399950e+01
-1.421899319818377094e+01
-1.498251435505042117e+01
-1.569278177972552513e+01
-1.632244908152441099e+01
-1.684079175818192908e+01
-1.721489425324930878e+01
-1.741155200124672220e+01
-1.739991329581346946e+01
-1.715473697475306381e+01
-1.665994082072695903e+01
-1.591190204489997484e+01
-1.492181852146972609e+01
-1.371643851671448999e+01
-1.233668651534262928e+01
-1.083414866665270004e+01
-9.265922723756746748e+00
-7.688791124849368330e+00
-6.153853153633969342e+00
-4.702573510484534758e+00
-3.364751261095507040e+00
-2.158381108720580421e+00
-1.090968249208957186e+00
-1.616753773754092682e-01
6.362858366342692973e-01
1.313442928925522502e+00
1.882258911327584272e+00
2.355803273357489402e+00
2.746861496566040284e+00
3.067398722704844261e+00
3.328283063678783904e+00
3.539184470138687200e+00
3.708583306345779373e+00
3.843841382137272333e+00
3.951303817559459475e+00
4.036411873647130832e+00
4.103815089472358402e+00
4.157476465411035882e+00
4.200767803376606047e+00
4.236554307622562909e+00
4.267268651979213345e+00
4.294975271026999941e+00
4.321425859048081186e+00
4.348107104893448316e+00
4.376281640806630513e+00
4.407023090274653221e+00
4.441245992983268387e+00
4.479731279039251390e+00
4.523147866849039467e+00
4.572070871979064144e+00
4.626996838180947869e+00
4.688356335649560336e+00
4.756524214190308797e+00
4.831827748962024494e+00
4.914552872634276426e+00
5.004948649173297071e+00
5.103230110310248868e+00
5.209579545553522983e+00
5.324146310121943060e+00
5.447045192368075384e+00
5.578353363333135029e+00
5.718105916472380201e+00
5.866289996014880437e+00
6.022837508853838173e+00
6.187616418578173239e+00
6.360420632833688082e+00
6.540958518526467813e+00
6.728840115605705385e+00
6.923563171637048264e+00
7.124498188510315799e+00
7.330872761665430559e+00
7.541755602927722180e+00
7.756040771227718622e+00
7.972432790386971391e+00
8.189433506691409903e+00
8.405331724817918015e+00
8.618196848265780474e+00
8.825877924029580157e+00
9.026009629173685767e+00
9.216026811425935605e+00
9.393189173562630501e+00
9.554617535227526659e+00
9.697342778836818056e+00
9.818368056697735824e+00
9.914744085588104383e+00
9.983656385739319461e+00
1.002252216734034818e+01
1.002909330182660419e+01
1.000156055185183668e+01
9.938653125910880348e+00
9.839726849429693445e+00
9.704833984104601186e+00
9.534768131481238029e+00
9.331078808905370892e+00
9.096052170842382267e+00
8.832656832774107514e+00
8.544456589327204199e+00
8.235494666653757179e+00
7.910156640266279737e+00
7.573020944174414737e+00
7.228706753068133040e+00
6.881728838934231263e+00
6.536367851174145649e+00
6.196562553405586371e+00
5.865828176149010531e+00
5.547202552013308363e+00
5.243219399705391304e+00
4.955906249692255017e+00
4.686803191011230219e+00
4.436997897076725650e+00
4.207172206148997340e+00
3.997655781960345323e+00
3.808482929514221738e+00
3.639449358840718407e+00
3.490166462656636881e+00
3.360111417278679458e+00
3.248672074150154021e+00
3.155186152783155507e+00
3.078974666351878220e+00
3.019369814509950789e+00
2.975737778662010946e+00
2.947496971154477396e+00
2.934132340456995003e+00
2.935206336648289671e+00
2.950367110046902219e+00
2.979354462293170691e+00
3.022004002308649184e+00
3.078249885410794029e+00
3.148126436282395080e+00
3.231768877489998637e+00
3.329413305345100049e+00
3.441395973460718238e+00
3.568151859777370039e+00
3.710212402728575665e+00
3.868202193518648357e+00
4.042834300529324132e+00
4.234903774470898163e+00
4.445278734456338476e+00
4.674888260894967118e+00
4.924706116297165259e+00
5.195729075786069906e+00
5.488948373040488882e+00
5.805312455462184218e+00
6.145678901021439877e+00
6.510752993908213604e+00
6.901010116094652425e+00
7.316598837099062891e+00
7.757221453981188120e+00
8.221988867612010310e+00
8.709247251932684009e+00
9.216375216985090546e+00
9.739552391942840615e+00
1.027350393487329150e+01
1.081123082046181416e+01
1.134374323611192281e+01
1.185982422330322095e+01
1.234586261985806743e+01
1.278580743687155952e+01
1.316130794404682369e+01
1.345211131196483478e+01
1.363678736129277880e+01
1.369383123996579243e+01
1.360315333573485930e+01
1.334789808089359298e+01
1.291644314226453538e+01
1.230433238683746744e+01
1.151581701582060902e+01
1.056465476262448000e+01
9.473879032005637413e+00
8.274409478516609795e+00
7.002607920544375197e+00
5.697126118912441584e+00
4.395563878592085416e+00
3.131493042376228608e+00
1.932290567939429771e+00
8.180058001554504354e-01
-1.987563122542705951e-01
-1.112145005693420341e+00
-1.921870263868555639e+00
-2.631809338292061540e+00
-3.248651412043025211e+00
-3.780728771625136986e+00
-4.237099373422853255e+00
-4.626884688707000315e+00
-4.958831190333692795e+00
-5.241049162084281399e+00
-5.480881517820717974e+00
-5.684861517858300850e+00
-5.858727060955968291e+00
-6.007467928254610179e+00
-6.135389717470893345e+00
-6.246183880625606477e+00
-6.342997375262648951e+00
-6.428498247940540367e+00
-6.504935309909839702e+00
-6.574191219474085912e+00
-6.637828974188040299e+00
-6.697132200270431213e+00
-6.753139818999037480e+00
-6.806675746037751829e+00
-6.858374288818988695e+00
-6.908701880319080502e+00
-6.957975743761855014e+00
-7.006380033012062469e+00
-7.053979943670198871e+00
-7.100734242964275467e+00
-7.146506623289185178e+00
-7.191076244306379373e+00
-7.234147790815594448e+00
-7.275361336694604830e+00
-7.314302267465105700e+00
-7.350511473892411551e+00
-7.383495985042670462e+00
-7.412740160294199576e+00
-7.437717505278119035e+00
-7.457903116554506440e+00
-7.472786694691176734e+00
-7.481885996811303841e+00
-7.484760530008662371e+00
-7.481025219559724881e+00
-7.470363724612657741e+00
-7.452541023568534762e+00
-7.427414856459178871e+00
-7.394945596810155841e+00
-7.355204134555357598e+00
-7.308377387063467623e+00
-7.254771117994133434e+00
-7.194809832118566284e+00
-7.129033624669880886e+00
-7.058091990210165534e+00
-6.982734730458982852e+00
-6.903800233752060755e+00
-6.822201521043221639e+00
-6.738910555364086008e+00
-6.654941385599227210e+00
-6.571332735777978939e+00
-6.489130655143080517e+00
-6.409371812444439875e+00
-6.333067953617315560e+00
-6.261191951152338397e+00
-6.194665763759606314e+00
-6.134350505002701404e+00
-6.081038698083365723e+00
-6.035448678759316898e+00
-5.998221005931384298e+00
-5.969916654399772149e+00
-5.951016699385050401e+00
-5.941923158517756320e+00
-5.942960633420999450e+00
-5.954378387847255816e+00
-5.976352509920188183e+00
-6.008987829369665690e+00
-6.052319293762475461e+00
-6.106312547986500583e+00
-6.170863506557792810e+00
-6.245796757279053146e+00
-6.330862686701999031e+00
-6.425733272752597536e+00
-6.529996548408825596e+00
-6.643149803602022452e+00
-6.764591661982379378e+00
-6.893613246359032942e+00
-7.029388732804592088e+00
-7.170965689359009687e+00
-7.317255700779061733e+00
-7.467025894225113092e+00
-7.618892098570236193e+00
-7.771314486084365036e+00
-7.922596650528434203e+00
-8.070889157803165403e+00
-8.214198648446865647e+00
-8.350403556663275495e+00
-8.477277417398841663e+00
-8.592520540378115967e+00
-8.693800519763669854e+00
-8.778801608564887005e+00
-8.845282417467251079e+00
-8.891140713614964497e+00
-8.914483331275230071e+00
-8.913698420832250946e+00
-8.887526534417107271e+00
-8.835126471426104189e+00
-8.756131487373401967e+00
-8.650691498652841815e+00
-8.519497361085800691e+00
-8.363784184370407715e+00
-8.185311932123825684e+00
-7.986323148739683297e+00
-7.769479392932100659e+00
-7.537779648325742876e+00
-7.294465419427462294e+00
-7.042918227642100071e+00
-6.786555674472541710e+00
-6.528732094092046800e+00
-6.272649116536332947e+00
-6.021280322038654376e+00
-5.777312753473331064e+00
-5.543106553630225086e+00
-5.320672580899281634e+00
-5.111666667409782150e+00
-4.917398302781985642e+00
-4.738850985362734747e+00
-4.576711265053108768e+00
-4.431403557583684538e+00
-4.303128070589146148e+00
-4.191899573514468180e+00
-4.097585198532738282e+00
-4.019939922972779023e+00
-3.958638815119221999e+00
-3.913305499503370033e+00
-3.883536602674808158e+00
-3.868922173552006072e+00
-3.869062238195984271e+00
-3.883579755632386554e+00
-3.912130299364389607e+00
-3.954408808897571515e+00
-4.010153746593360324e+00
-4.079148965826503215e+00
-4.161223553581896439e+00
-4.256249859646168865e+00
-4.364139869471811650e+00
-4.484840021579520553e+00
-4.618324515164580646e+00
-4.764587100982858203e+00
-4.923631299917994752e+00
-5.095458950132152331e+00
-5.280056946823892261e+00
-5.477382010214522978e+00
-5.687343299943091068e+00
-5.909782690893931267e+00
-6.144452540963733611e+00
-6.390990820942694661e+00
-6.648893547360194667e+00
-6.917484568905523545e+00
-7.195882914979153000e+00
-7.482968130671340035e+00
-7.777344305174728412e+00
-8.077303857536438869e+00
-8.380792577761436490e+00
-8.685377928323021024e+00
-8.988223175591219416e+00
-9.286070511097246793e+00
-9.575236886586884211e+00
-9.851626747013359164e+00
-1.011076609722470288e+01
-1.034786225112631719e+01
-1.055789304013920393e+01
-1.073572805613431136e+01
-1.087628255889297257e+01
-1.097470194637710961e+01
-1.102657124144800527e+01
-1.102814012527799648e+01
-1.097655006623021379e+01
-1.087004665159613559e+01
-1.070815804316512754e+01
-1.049182025803568230e+01
-1.022343226391448034e+01
-9.906828859163773870e+00
-9.547166668459118100e+00
-9.150727467051339659e+00
-8.724652146164658006e+00
-8.276626443382889775e+00
-7.814544716962273263e+00
-7.346179648401715667e+00
-6.878883620355256134e+00
-6.419342182409571329e+00
-5.973392606630288704e+00
-5.545912441883690924e+00
-5.140775526413423613e+00
-4.760867096439302060e+00
-4.408145938808036846e+00
-4.083740007470844979e+00
-3.788062225450385512e+00
-3.520934796610072137e+00
-3.281712683675598985e+00
-3.069399471279326885e+00
-2.882751257918080068e+00
-2.720366285839723730e+00
-2.580759625965657555e+00
-2.462423381116752186e+00
-2.363873606773961633e+00
-2.283685552912761096e+00
-2.220518987208657702e+00
-2.173135345957075693e+00
-2.140408337810503880e+00
-2.121329445329187102e+00
-2.115009564862079916e+00
-2.120677819304309875e+00
-2.137678384732742742e+00
-2.165465998227548816e+00
-2.203600663324149167e+00
-2.251741941635982958e+00
-2.309643112675073162e+00
-2.377145396308478098e+00
-2.454172360784284024e+00
-2.540724580951984723e+00
-2.636874563432557217e+00
-2.742761915534659867e+00
-2.858588700393228876e+00
-2.984614890112283092e+00
-3.121153799851463351e+00
-3.268567357247083471e+00
-3.427261031943269476e+00
-3.597678218152533525e+00
-3.780293828090467212e+00
-3.975606815086134116e+00
-4.184131301701389916e+00
-4.406385940241762889e+00
-4.642881081114115460e+00
-4.894103269879691354e+00
-5.160496538972381586e+00
-5.442439908834372453e+00
-5.740220471659512214e+00
-6.054001407739779239e+00
-6.383784291775514319e+00
-6.729365100950493783e+00
-7.090283459732040328e+00
-7.465764875630248376e+00
-7.854656068814205305e+00
-8.255354014904417781e+00
-8.665730045539534743e+00
-9.083051324519946235e+00
-9.503903267306622382e+00
-9.924118004349917754e+00
-1.033871576928790148e+01
-1.074186802274990171e+01
-1.112689301226315486e+01
-1.148629601403009914e+01
-1.181186726789797525e+01
-1.209485004509978445e+01
-1.232618874860365388e+01
-1.249686184237292252e+01
-1.259829635493739453e+01
-1.262284977065692004e+01
-1.256433208043299210e+01
-1.241852727728129935e+01
-1.218366220904454877e+01
-1.186076457964017727e+01
-1.145385405750164232e+01
-1.096992286054267929e+01
-1.041868471138396579e+01
-9.812100864970116021e+00
-9.163723658178277276e+00
-8.487925017693095597e+00
-7.799093422546059529e+00
-7.110884279276477038e+00
-6.435595575966533310e+00
-5.783716740265202993e+00
-5.163669878983258243e+00
-4.581735412935008966e+00
-4.042133445367936062e+00
-3.547220412672729140e+00
-3.097757530739979615e+00
-2.693211341236215528e+00
-2.332054573613588921e+00
-2.012044975374751576e+00
-1.730468773777390279e+00
-1.484342874098332654e+00
-1.270575342120668028e+00
-1.086087226106028369e+00
-9.279006785937875534e-01
-7.931990636699955965e-01
-6.793646825186998583e-01
-5.839992459096323696e-01
-5.049315046617783853e-01
-4.402156749889571952e-01
-3.881235580866252421e-01
-3.471325999963882913e-01
-3.159115866589874977e-01
-2.933052204430464660e-01
-2.783184692772439628e-01
-2.701013047731522509e-01
-2.679342375183996761e-01
-2.712149030120435400e-01
-2.794458390958086125e-01
-2.922235156504390807e-01
-3.092286220105130989e-01
-3.302175808313052574e-01
-3.550152341929228572e-01
-3.835086348276871004e-01
-4.156418696674671898e-01
-4.514118422824562327e-01
-4.908649436142800693e-01
-5.340945455005393638e-01
-5.812392579613162580e-01
-6.324818984221003415e-01
-6.880491285016621106e-01
-7.482117213363523867e-01
-8.132854293623995590e-01
-8.836324287951271561e-01
-9.596633225036228509e-01
-1.041839687340089915e+00
-1.130677154960801678e+00
-1.226749016410603632e+00
-1.330690339766464225e+00
-1.443202586325413650e+00
-1.565058703351930758e+00
-1.697108659172101408e+00
-1.840285367966256524e+00
-1.995610925060160801e+00
-2.164203036350258458e+00
-2.347281474469957718e+00
-2.546174325207713807e+00
-2.762323695121343459e+00
-2.997290428372774151e+00
-3.252757218849661847e+00
-3.530529291825492688e+00
-3.832531554484212233e+00
-4.160800760718980307e+00
-4.517470784281263363e+00
-4.904748525223908473e+00
-5.324877266832190870e+00
-5.780083435704140626e+00
-6.272501686443213487e+00
-6.804072042572481216e+00
-7.376401518235445209e+00
-7.990581320070285543e+00
-8.646949577714899249e+00
-9.344788910707585217e+00
-1.008194855473230866e+01
-1.085438307486267284e+01
-1.165560508599234169e+01
-1.247605948519756147e+01
-1.330244342637742783e+01
-1.411702164997648978e+01
-1.489702223754432886e+01
-1.561424295565530507e+01
-1.623504879859088490e+01
-1.672098637435281532e+01
-1.703026067911682873e+01
-1.712028536528617906e+01
-1.695139475721654421e+01
-1.649156907600265143e+01
-1.572168013139244103e+01
-1.464037927640463188e+01
-1.326746196936244715e+01
-1.164453863415332613e+01
-9.832264190011054339e+00
-7.904213160807547212e+00
-5.938484577243984930e+00
-4.008864730215655037e+00
-2.177500925119421282e+00
-4.904698256369390830e-01
1.023360522497636094e+00
2.350716612556674967e+00
3.490635193981169948e+00
4.450643904381848870e+00
5.243255974419267496e+00
5.883229797612951728e+00
6.385704717735445790e+00
6.765113835522148733e+00
7.034685472774513393e+00
7.206336623966548061e+00
7.290793184413900008e+00
7.297814784697392199e+00
7.236442111809027189e+00
7.115216471185293656e+00
6.942344757977385150e+00
6.725799510556543126e+00
6.473355079358027453e+00
6.192568517033494757e+00
5.890718447517244272e+00
5.574717420500856946e+00
5.251013466910195326e+00
4.925495098385328063e+00
4.603411268279586466e+00
4.289314334342633650e+00
3.987030356685172805e+00
3.699657601308243393e+00
3.429591257801474669e+00
3.178570327547360019e+00
2.947741450410215069e+00
2.737734040756012455e+00
2.548741340825289026e+00
2.380602676267569162e+00
2.232883122084805549e+00
2.104947793028525194e+00
1.996028938397824470e+00
1.905284869089928446e+00
1.831850435332662563e+00
1.774879297147684998e+00
1.733578596526881954e+00
1.707236872069259448e+00
1.695246179520118801e+00
1.697119421421596774e+00
1.712503869418773306e+00
1.741191803215834666e+00
1.783129105973628947e+00
1.838422558173379517e+00
1.907346468022992791e+00
1.990349170517467847e+00
2.088059820665473243e+00
2.201295798065537213e+00
2.331070926519561493e+00
2.478604587870253173e+00
2.645331665226972717e+00
2.832913075495202548e+00
3.043246428964729411e+00
3.278476063900451543e+00
3.541001319418935811e+00
3.833481395059303409e+00
4.158834454904200228e+00
4.520227710375695374e+00
4.921053987944285169e+00
5.364888671523141639e+00
5.855418809700883465e+00
6.396333500185140686e+00
6.991161333832797808e+00
7.643036686843053928e+00
8.354372117436184908e+00
9.126409440575834253e+00
9.958618071703430275e+00
1.084790756019122071e+01
1.178762465793569625e+01
1.276631822911061498e+01
1.376628433254204253e+01
1.476195753965559732e+01
1.571830265334774523e+01
1.658949075429940478e+01
1.731831250436281877e+01
1.783696520013682019e+01
1.806998453010524130e+01
1.794006122986898077e+01
1.737712647700415758e+01
1.633026233152012807e+01
1.478069670246179257e+01
1.275270333194337091e+01
1.031838635304239560e+01
7.593013150864587502e+00
4.720230182375193095e+00
1.850403483882804068e+00
-8.815330913087779940e-01
-3.372015610562397292e+00
-5.554759505681722942e+00
-7.397162126683637595e+00
-8.890961260816995448e+00
-1.004170336941437469e+01
-1.086035814387242304e+01
-1.135851894828321562e+01
-1.154709984761579911e+01
-1.143761420579113341e+01
-1.104484997504797761e+01
-1.038978715166580002e+01
-9.501774243727288294e+00
-8.419249908688531292e+00
-7.188666785690325689e+00
-5.861721586792514316e+00
-4.491429466118975533e+00
-3.127871690386661019e+00
-1.814489862675110698e+00
-5.855849893052724742e-01
5.346999693063425596e-01
1.532026999109975307e+00
2.400523811792321993e+00
3.140939014092567483e+00
3.758717932099982839e+00
4.262289706317298865e+00
4.661708355501819057e+00
4.967673878857445047e+00
5.190888573927451510e+00
5.341673413068033227e+00
5.429766439984288873e+00
5.464236724557097524e+00
5.453464029260814527e+00
5.405150530200716119e+00
5.326344234011017420e+00
5.223463497425202107e+00
5.102318563855619438e+00
4.968129908000242345e+00
4.825545111494431438e+00
4.678656597000053985e+00
4.531022330328222658e+00
4.385690949294467345e+00
4.245231975955228165e+00
4.111771004383570904e+00
3.987029140213352640e+00
3.872365550436390969e+00
3.768821767062223493e+00
3.677166351540480882e+00
3.597938627799579958e+00
3.531490384860030751e+00
3.478024692325015099e+00
3.437631227879171192e+00
3.410317758610899475e+00
3.396037630083219128e+00
3.394713289254260857e+00
3.406255996580413559e+00
3.430581970409662951e+00
3.467625257376714121e+00
3.517347641646942691e+00
3.579745899611599835e+00
3.654856680798099333e+00
3.742759255405815555e+00
3.843576318196506136e+00
3.957472980727880341e+00
4.084654021546385572e+00
4.225359398686133972e+00
4.379857961882615669e+00
4.548439234245634566e+00
4.731403065641337058e+00
4.929046893831359633e+00
5.141650286164248129e+00
5.369456376854472524e+00
5.612649766463482237e+00
5.871330416742909897e+00
6.145483063459999507e+00
6.434941693055356460e+00
6.739348700314483409e+00
7.058108481948779378e+00
7.390335447499426280e+00
7.734796770534121180e+00
8.089850688517845612e+00
8.453381817777785301e+00
8.822735804726125508e+00
9.194656697997391603e+00
9.565231687778101843e+00
9.929849270947899598e+00
1.028317836249163442e+01
1.061917721207351128e+01
1.093114194059688593e+01
1.121180473564679048e+01
1.145349081351014142e+01
1.164834071965608686e+01
1.178860001404926905e+01
1.186697168668204583e+01
1.187701795325116549e+01
1.181358810295736639e+01
1.167323915179354543e+01
1.145460812062463418e+01
1.115869105266009598e+01
1.078898647072406014e+01
1.035147105860696470e+01
9.854392638328661747e+00
9.307887852126610184e+00
8.723455511193872525e+00
8.113336638308146220e+00
7.489864494046003074e+00
6.864849705425232429e+00
6.249056887032983454e+00
5.651812245900738496e+00
5.080760679257132040e+00
4.541770306169567561e+00
4.038965880441033995e+00
3.574862160000673139e+00
3.150564353687097530e+00
2.766004165919180302e+00
2.420184935152829286e+00
2.111416044579284446e+00
1.837523641643102890e+00
1.596030728199385962e+00
1.384304382219116114e+00
1.199671149144991178e+00
1.039503648102452660e+00
9.012824420767274747e-01
7.826375101758421549e-01
6.813734901636252506e-01
5.954824315783699973e-01
5.231472573778355173e-01
4.627385687016233873e-01
4.128068980646613095e-01
3.720720489528371866e-01
3.394107645060706613e-01
3.138436442281267169e-01
2.945219692356687569e-01
2.807148947238855552e-01
2.717973137788356475e-01
2.672385805868865982e-01
2.665921956577148033e-01
2.694864942342434233e-01
2.756163361177939031e-01
2.847357662506301845e-01
2.966515970431591320e-01
3.112178528462136717e-01
3.283310120097117646e-01
3.479259809989146968e-01
3.699727368166446650e-01
3.944735775750695672e-01
4.214609257849853963e-01
4.509956342819922970e-01
4.831657503259520481e-01
5.180856990378618354e-01
5.558958527988742127e-01
5.967624584096485885e-01
6.408778986121616006e-01
6.884612689538580632e-01
7.397592548825017156e-01
7.950472973609437055e-01
8.546310381399006006e-01
9.188480380700914107e-01
9.880697633950629166e-01
1.062703835739744029e+00
1.143196541352373474e+00
1.230035593875840716e+00
1.323753142258860871e+00
1.424929011028023718e+00
1.534194153582919107e+00
1.652234289874048745e+00
1.779793687038432992e+00
1.917679024358518003e+00
2.066763261082938730e+00
2.227989395695713970e+00
2.402373966262052019e+00
2.591010091171180640e+00
2.795069785060538603e+00
3.015805202433055499e+00
3.254548357261922487e+00
3.512708735757694711e+00
3.791768055758872435e+00
4.093271223595727371e+00
4.418812291173328965e+00
4.770013916157269662e+00
5.148498471706289159e+00
5.555848537651568719e+00
5.993554037069892537e+00
6.462942776221291652e+00
6.965090634452713481e+00
7.500707193064717337e+00
8.069992286535921266e+00
8.672458959283996904e+00
9.306718843787704643e+00
9.970227362425369222e+00
1.065898882479426391e+01
1.136722598022909736e+01
1.208702549882098687e+01
1.280798077500745258e+01
1.351686673628510249e+01
1.419739780179973110e+01
1.483013852828010748e+01
1.539265388655705102e+01
1.585999732976314291e+01
1.620563209971473384e+01
1.640285493442843645e+01
1.642673222934761057e+01
1.625646229293037237e+01
1.587795011796579381e+01
1.528624642460252936e+01
1.448740229518324796e+01
1.349927643255654175e+01
1.235094607255914312e+01
1.108062026497418984e+01
9.732284737246862605e+00
8.351619442676817329e+00
6.981909343196095463e+00
5.660645097609297238e+00
4.417294352366036847e+00
3.272404827835816654e+00
2.237896177582782808e+00
1.318199820333854744e+00
5.118449295948922506e-01
-1.868613018171383366e-01
-7.863031193611922376e-01
-1.296303691929424406e+00
-1.727186440950773116e+00
-2.089127209220758008e+00
-2.391745830021474895e+00
-2.643878570477035783e+00
-2.853477923078429512e+00
-3.027596326456714060e+00
-3.172421334683080296e+00
-3.293339401056473825e+00
-3.395013059111619214e+00
-3.481461874874316464e+00
-3.556141432152248871e+00
-3.622017197648771170e+00
-3.681631762169421229e+00
-3.737164962362900855e+00
-3.790486972185471704e+00
-3.843204767606053007e+00
-3.896702515241547093e+00
-3.952176483098231330e+00
-4.010665062230502009e+00
-4.073074448350122445e+00
-4.140200478056029532e+00
-4.212747054535928903e+00
-4.291341537323710931e+00
-4.376547412515527036e+00
-4.468874504858501240e+00
-4.568786941646915345e+00
-4.676709030317070415e+00
-4.793029166797563967e+00
-4.918101849819607629e+00
-5.052247837395363206e+00
-5.195752445588516011e+00
-5.348861956834893405e+00
-5.511778076061225384e+00
-5.684650348743686799e+00
-5.867566437406730451e+00
-6.060540144064978207e+00
-6.263497068666963763e+00
-6.476257811465268688e+00
-6.698518665093370572e+00
-6.929829805623952232e+00
-7.169571087565250522e+00
-7.416925682863526603e+00
-7.670851986006484324e+00
-7.930054443223353289e+00
-8.192954258771601772e+00
-8.457661287110267878e+00
-8.721948832228884285e+00
-8.983233531470215638e+00
-9.238562975368882491e+00
-9.484614165723940005e+00
-9.717706280440300048e+00
-9.933831413832509227e+00
-1.012870689391480283e+01
-1.029785232955314456e+01
-1.043669359631551607e+01
-1.054069443807831163e+01
-1.060551420047271876e+01
-1.062718746616468479e+01
-1.060231819414886445e+01
-1.052827768126595132e+01
-1.040339271084761918e+01
-1.022710818153969825e+01
-1.000010789272773515e+01
-9.724378477800133425e+00
-9.403204961359199032e+00
-9.041091949079376633e+00
-8.643611493687263447e+00
-8.217186285961281200e+00
-7.768823828449052726e+00
-7.305822498432066325e+00
-6.835473004412195408e+00
-6.364778284826256183e+00
-5.900211570337110523e+00
-5.447526838846838082e+00
-5.011629277208449196e+00
-4.596506744235717257e+00
-4.205217557169107501e+00
-3.839925817056548674e+00
-3.501973179066242281e+00
-3.191975351034477715e+00
-2.909932323711421187e+00
-2.655342949542151221e+00
-2.427316548016995590e+00
-2.224676356573734193e+00
-2.046051608883238782e+00
-1.889956660161009161e+00
-1.754856836810288145e+00
-1.639221574868314768e+00
-1.541565976229934964e+00
-1.460482218025255241e+00
-1.394662365277115068e+00
-1.342914119684595065e+00
-1.304170936895010513e+00
-1.277497798163286680e+00
-1.262093756468484873e+00
-1.257292209794428128e+00
-1.262559696425975764e+00
-1.277493864859862827e+00
-1.301821146941510632e+00
-1.335394557520734882e+00
-1.378191956260653273e+00
-1.430315035392834444e+00
-1.491989238885519375e+00
-1.563564771126860542e+00
-1.645518814111224248e+00
-1.738459038386337863e+00
-1.843128461573831922e+00
-1.960411675643591201e+00
-2.091342426246430630e+00
-2.237112479353692507e+00
-2.399081646017355407e+00
-2.578788747274844528e+00
-2.777963177671497252e+00
-2.998536553873073718e+00
-3.242653696358119397e+00
-3.512681863518699821e+00
-3.811216707736827303e+00
-4.141082812242263600e+00
-4.505325845162310827e+00
-4.907192270429304060e+00
-5.350091109182294247e+00
-5.837530365413398314e+00
-6.373018329560928841e+00
-6.959916983128263013e+00
-7.601231126065180810e+00
-8.299312728596857980e+00
-9.055455679376191114e+00
-9.869352255869143775e+00
-1.073838061130216026e+01
-1.165669467319440500e+01
-1.261409781696174370e+01
-1.359470507935566808e+01
-1.457544303595561708e+01
-1.552451056825343656e+01
-1.640003512823407306e+01
-1.714930838312685424e+01
-1.770915578219624109e+01
-1.800813851593737525e+01
-1.797130985763974564e+01
-1.752801197738948602e+01
-1.662255821649756982e+01
-1.522654846076187596e+01
-1.335021200660825968e+01
-1.104913614334638439e+01
-8.422864063046059613e+00
-5.603766450156275170e+00
-2.738017846833779689e+00
3.609145889945564178e-02
2.605950670823338200e+00
4.893733639974310989e+00
6.855859871263556116e+00
8.475483896917285875e+00
9.752308122913944999e+00
1.069346946627278960e+01
1.130758682787692138e+01
1.160242006495901279e+01
1.158553979512376664e+01
1.126693823588201226e+01
1.066239987249749888e+01
9.796515046028568818e+00
8.704399901995248712e+00
7.431500198989397177e+00
6.031313101533845256e+00
4.561394280215094632e+00
3.078479752019359417e+00
1.633775515495364594e+00
2.693621674620574336e-01
-9.837249606121052370e-01
-2.105679060247504175e+00
-3.086725139499003401e+00
-3.925113235921246613e+00
-4.624869437511537562e+00
-5.193727969151486157e+00
-5.641476239897117217e+00
-5.978778503439340142e+00
-6.216434475146879635e+00
-6.364976859640939288e+00
-6.434500737309420515e+00
-6.434630177987361144e+00
-6.374549420437827685e+00
-6.263049064833326796e+00
-6.108557907415796073e+00
-5.919146905411484916e+00
-5.702503224464222420e+00
-5.465879840220429386e+00
-5.216030339928855675e+00
-4.959140027742893864e+00
-4.700763819066163585e+00
-4.445779363771099391e+00
-4.198360999664779492e+00
-3.961977080682525187e+00
-3.739410413809621581e+00
-3.532799293402066443e+00
-3.343695102595491964e+00
-3.173131677604628553e+00
-3.021701513005267348e+00
-2.889634271508148444e+00
-2.776873774802409045e+00
-2.683150527379186467e+00
-2.608047727798918025e+00
-2.551059555437937831e+00
-2.511641227471347104e+00
-2.489250875133154572e+00
-2.483383688417733826e+00
-2.493599037986140576e+00
-2.519541423883880249e+00
-2.560956147231153501e+00
-2.617700576861244244e+00
-2.689751808488417772e+00
-2.777211405933667443e+00
-2.880307784581284558e+00
-2.999396654988211175e+00
-3.134959794336538152e+00
-3.287602257170672004e+00
-3.458047974139771163e+00
-3.647133515886386235e+00
-3.855799614919328544e+00
-4.085079836382895735e+00
-4.336085563642511964e+00
-4.609986211202879325e+00
-4.907983291303111173e+00
-5.231276639573146703e+00
-5.581020751689361070e+00
-5.958268806614848145e+00
-6.363901573847342341e+00
-6.798538060670161087e+00
-7.262424514649685747e+00
-7.755298356028151652e+00
-8.276223921235684955e+00
-8.823397759608619495e+00
-9.393922917866504463e+00
-9.983554520253441922e+00
-1.058642341112293295e+01
-1.119475108070756164e+01
-1.179857785307201645e+01
-1.238553740244837620e+01
-1.294072353851742641e+01
-1.344670837946537034e+01
-1.388378167878916969e+01
-1.423048470753056272e+01
-1.446450269622425644e+01
-1.456395074890900254e+01
-1.450903415508459027e+01
-1.428398481982062762e+01
-1.387907975147584416e+01
-1.329245577585372828e+01
-1.253137838323498521e+01
-1.161263648525554082e+01
-1.056184186692739857e+01
-9.411606791632788571e+00
-8.198812452955563046e+00
-6.961392473720067642e+00
-5.735165530565724090e+00
-4.551218695909225787e+00
-3.434182122497975165e+00
-2.401508243484033578e+00
-1.463653775554489389e+00
-6.249206099287013538e-01
1.153369414333963450e-01
7.614017238740367066e-01
1.319970407105623300e+00
1.799125159959371167e+00
2.207539107021811553e+00
2.553907555379116623e+00
2.846571904077678017e+00
3.093294382715771285e+00
3.301143026394034674e+00
3.476452443525866354e+00
3.624833557584740351e+00
3.751212719525256478e+00
3.859886581666435834e+00
3.954583716004687499e+00
4.038527281762148036e+00
4.114495344427218981e+00
4.184876977613503080e+00
4.251723260327048948e+00
4.316792887853292626e+00
4.381592470678609352e+00
4.447411791171369089e+00
4.515354382178418113e+00
4.586363824806847234e+00
4.661246159914609777e+00
4.740688785243158065e+00
4.825276177555540613e+00
4.915502742548101267e+00
5.011783058213350017e+00
5.114459741822368954e+00
5.223809138008307151e+00
5.340044996364910368e+00
5.463320282121530980e+00
5.593727243365060886e+00
5.731295843536115875e+00
5.875990659216568268e+00
6.027706341353189501e+00
6.186261743961997794e+00
6.351392839073533025e+00
6.522744561319123946e+00
6.699861761219944256e+00
6.882179493890412836e+00
7.069012930172245746e+00
7.259547250312508915e+00
7.452827965503031393e+00
7.647752208042138733e+00
7.843061633101441998e+00
8.037337678584128398e+00
8.229000026402744083e+00
8.416309187968755268e+00
8.597374185182639295e+00
8.770166299508829866e+00
8.932539797682657934e+00
9.082260394602478470e+00
9.217041965089491029e+00
9.334591654240698588e+00
9.432663057266401196e+00
9.509116552655148880e+00
9.561985202135439010e+00
9.589543920911131281e+00
9.590378934929900012e+00
9.563453957640369651e+00
9.508169125196394234e+00
9.424408612874488611e+00
9.312573086792381716e+00
9.173593762202846946e+00
9.008925835537716864e+00
8.820520371216449718e+00
8.610775242199844470e+00
8.382467289551165379e+00
8.138669303911873598e+00
7.882656570151723052e+00
7.617808419703327338e+00
7.347510425662735933e+00
7.075062547069461694e+00
6.803597744576568296e+00
6.536014470113790331e+00
6.274925131398865652e+00
6.022621307609639096e+00
5.781055285806008470e+00
5.551836502799053719e+00
5.336240772965405554e+00
5.135229773316403623e+00
4.949478120419318117e+00
4.779405461790970477e+00
4.625211256719810038e+00
4.486910275985841245e+00
4.364367250843652180e+00
4.257329504172118639e+00
4.165456768933070819e+00
4.088347721368875476e+00
4.025563019467538695e+00
3.976644839810809628e+00
3.941133052048323648e+00
3.918578267104197543e+00
3.908552051403200611e+00
3.910654623618440962e+00
3.924520350749733488e+00
3.949821343708840971e+00
3.986269424731940347e+00
4.033616704335341474e+00
4.091654967535206744e+00
4.160214030068374313e+00
4.239159187020973718e+00
4.328387839650899238e+00
4.427825351917383578e+00
4.537420156670416205e+00
4.657138102815180147e+00
4.786956009218719998e+00
4.926854368876617762e+00
5.076809128243933600e+00
5.236782452193120996e+00
5.406712375600454479e+00
5.586501239227677829e+00
5.776002811903572010e+00
5.975008015020048191e+00
6.183229191528105240e+00
6.400282902932297624e+00
6.625671297670682414e+00
6.858762176491292273e+00
7.098767988859509437e+00
7.344724132636122782e+00
7.595467099987016191e+00
7.849613216789894210e+00
8.105538959014278788e+00
8.361364091883130456e+00
8.614939154600685711e+00
8.863839086186292349e+00
9.105365028691988272e+00
9.336556515051579908e+00
9.554216302386302928e+00
9.754949992137161630e+00
9.935222226681029056e+00
1.009143061295852739e+01
1.021999755718301728e+01
1.031747889051298017e+01
1.038068655856274880e+01
1.040682083236032440e+01
1.039360563759625400e+01
1.033941892122963502e+01
1.024340875566173281e+01
1.010558540754989032e+01
9.926880115561203866e+00
9.709162969914368446e+00
9.455215047411435592e+00
9.168653616075083335e+00
8.853813381569690222e+00
8.515590863154210766e+00
8.159262474126769860e+00
7.790289224058782658e+00
7.414121818965146105e+00
7.036019222021274722e+00
6.660891626697929446e+00
6.293175678799447503e+00
5.936746180989788790e+00
5.594864953385492612e+00
5.270164450857197203e+00
4.964661444674649537e+00
4.679794683285755319e+00
4.416479919918113062e+00
4.175175887951429132e+00
3.955955515143454448e+00
3.758577681308273188e+00
3.582555952378284836e+00
3.427221822513901728e+00
3.291780970154551067e+00
3.175361833835639747e+00
3.077056424903391374e+00
2.995953726907167436e+00
2.931166309456672003e+00
2.881850937699052650e+00
2.847224017691541320e+00
2.826572710254781740e+00
2.819262494251644657e+00
2.824741882516712099e+00
2.842544903038703552e+00
2.872291863621092567e+00
2.913688826021123113e+00
2.966526128921822547e+00
3.030676219639023117e+00
3.106090982547163648e+00
3.192798687309894579e+00
3.290900621059889453e+00
3.400567414291553181e+00
3.522035018830101283e+00
3.655600246157012290e+00
3.801615723927080914e+00
3.960484076067111392e+00
4.132651075860453105e+00
4.318597460518954989e+00
4.518829028824073113e+00
4.733864569806629952e+00
4.964221090117447943e+00
5.210395721698255933e+00
5.472843602040048161e+00
5.751950931267916012e+00
6.048002331032169110e+00
6.361141571286442087e+00
6.691324709466722531e+00
7.038264726286409534e+00
7.401366875903111264e+00
7.779654238321277226e+00
8.171683422391689433e+00
8.575451083132664465e+00
8.988292959517369951e+00
9.406778581122942740e+00
9.826606694072120618e+00
1.024250884354725599e+01
1.064817137907015265e+01
1.103618926493559016e+01
1.139806816195156358e+01
1.172429376068622986e+01
1.200448850151530777e+01
1.222767458511304817e+01
1.238265739292129375e+01
1.245853402594453030e+01
1.244531702901398340e+01
1.233464387137575180e+01
1.212052027670966048e+01
1.180002372801932964e+01
1.137387774903429261e+01
1.084680392595278420e+01
1.022757209096373465e+01
9.528701427153993819e+00
8.765813207382297634e+00
7.956690710760268459e+00
7.120151081815984107e+00
6.274864961883004355e+00
5.438264393562024068e+00
4.625656964738211308e+00
3.849621338151698602e+00
3.119708161751182374e+00
2.442423480119593648e+00
1.821438393626273911e+00
1.257952609400052157e+00
7.511392895162340988e-01
2.986095420868722372e-01
-1.031486204890210145e-01
-4.583848284218261515e-01
-7.717675815704624354e-01
-1.048134349625891470e+00
-1.292305687026467087e+00
-1.508954758849277988e+00
-1.702522336921427293e+00
-1.877167526170316014e+00
-2.036745520925606012e+00
-2.184805078390902100e+00
-2.324599825629568350e+00
-2.459108820794057237e+00
-2.591062896418506067e+00
-2.722974206154070043e+00
-2.857167089749900413e+00
-2.995808890259192392e+00
-3.140939730813817832e+00
-3.294500511680091392e+00
-3.458358542669460078e+00
-3.634330296880877054e+00
-3.824200769516853171e+00
-4.029738855755372384e+00
-4.252708025922125046e+00
-4.494871372641815022e+00
-4.757989828780241126e+00
-5.043812000733090883e+00
-5.354053622766186571e+00
-5.690364110690336652e+00
-6.054277079129903427e+00
-6.447140999723906418e+00
-6.870025452011754297e+00
-7.323597722169652435e+00
-7.807963956494813118e+00
-8.322468871991807404e+00
-8.865448467664924337e+00
-9.433931710087032130e+00
-1.002329039984944714e+01
-1.062684215866048909e+01
-1.123542065307790772e+01
-1.183694074695551635e+01
-1.241600492745437023e+01
-1.295362094163881927e+01
-1.342712732873965464e+01
-1.381044891037964462e+01
-1.407481992313297781e+01
-1.419010559126624926e+01
-1.412680760752474640e+01
-1.385874040218017811e+01
-1.336620795777069937e+01
-1.263931113178654364e+01
-1.168082005343523022e+01
-1.050793289236637662e+01
-9.152298386996474022e+00
-7.657958013112924789e+00
-6.077333659372364139e+00
-4.465912323728720601e+00
-2.876660162279708111e+00
-1.355266374428935272e+00
6.296331346657946249e-02
1.354250082459590221e+00
2.505727629629597164e+00
3.513621831332159218e+00
4.380878486737813660e+00
5.114794047885728112e+00
5.725005713001847241e+00
6.221995312996472016e+00
6.616111401791441082e+00
6.917029397696202508e+00
7.133538547219051118e+00
7.273546758049000971e+00
7.344212281550086985e+00
7.352133261409566245e+00
7.303546465480043715e+00
7.204503083314198975e+00
7.061002307223226637e+00
6.879073256520029211e+00
6.664803422739080219e+00
6.424317726208043311e+00
6.163716711352237532e+00
5.888985399639377505e+00
5.605885825876852024e+00
5.319846316460874469e+00
5.035859264356492560e+00
4.758396798813140371e+00
4.491350736250221409e+00
4.237999978022005898e+00
4.001005506591059024e+00
3.782430644927407215e+00
3.583782473811883751e+00
3.406069300593248972e+00
3.249868778607333475e+00
3.115401549822910177e+00
3.002605949822695575e+00
2.911210199637946694e+00
2.840799463661430213e+00
2.790876064581553795e+00
2.760911942407489494e+00
2.750393087842428752e+00
2.758856160487936471e+00
2.785917828181899480e+00
2.831297554430758812e+00
2.894834640130715453e+00
2.976500317465173406e+00
3.076405619356513466e+00
3.194805624533855415e+00
3.332100519093530888e+00
3.488833728931664435e+00
3.665687168173943355e+00
3.863473417842376634e+00
4.083124394835126125e+00
4.325675790190503633e+00
4.592246242786821142e+00
4.884009865393907468e+00
5.202160351345644251e+00
5.547864463130925294e+00
5.922202247512004192e+00
6.326090856482410096e+00
6.760188420078766747e+00
7.224774085407441149e+00
7.719600217294097178e+00
8.243713017202193072e+00
8.795238698740849514e+00
9.371134187405250060e+00
9.966904508487337111e+00
1.057629408559241213e+01
1.119096660704611246e+01
1.180019833668522189e+01
1.239062282555192240e+01
1.294608031396432146e+01
1.344764092836646796e+01
1.387388360638767182e+01
1.420151696886697579e+01
1.440641657123499542e+01
1.446511678118379862e+01
1.435672858406295660e+01
1.406515702019928149e+01
1.358137562116650443e+01
1.290540748246573877e+01
1.204760423017810389e+01
1.102884794745967945e+01
9.879451851526850348e+00
8.636788257470792374e+00
7.341963779686374814e+00
6.036096233339080186e+00
4.756837730325724323e+00
3.535698738481775738e+00
2.396495581825284216e+00
1.354959666231307036e+00
4.193083995953115206e-01
-4.085535079729715191e-01
-1.131550140497695534e+00
-1.755950117750137984e+00
-2.290063629867137962e+00
-2.743205437445117578e+00
-3.124936119813569224e+00
-3.444550824672173217e+00
-3.710766204150537373e+00
-3.931553887275962555e+00
-4.114075132170986748e+00
-4.264680806166701643e+00
-4.388950394098562136e+00
-4.491751861658164202e+00
-4.577310472750633963e+00
-4.649279184660281672e+00
-4.710806342082826781e+00
-4.764598416735685404e+00
-4.812976806536244823e+00
-4.857928462884854248e+00
-4.901150535836404032e+00
-4.944089439530377383e+00
-4.987974827403899525e+00
-5.033848982132001382e+00
-5.082592102447557103e+00
-5.134943928186013196e+00
-5.191522097750776332e+00
-5.252837585085605276e+00
-5.319307519387659333e+00
-5.391265651608262210e+00
-5.468970697707913331e+00
-5.552612759641939455e+00
-5.642318000968144176e+00
-5.738151734603945897e+00
-5.840120065503104918e+00
-5.948170220868320257e+00
-6.062189695067450756e+00
-6.182004335873762635e+00
-6.307375503261630989e+00
-6.437996442039357170e+00
-6.573488025338287244e+00
-6.713394047556003663e+00
-6.857176272743084056e+00
-7.004209477323702693e+00
-7.153776763749573497e+00
-7.305065462978854285e+00
-7.457163986655222843e+00
-7.609060031847171501e+00
-7.759640578588538951e+00
-7.907694148659017763e+00
-8.051915807516767387e+00
-8.190915383685434037e+00
-8.323229344331700474e+00
-8.447336695369511261e+00
-8.561679163052131614e+00
-8.664685757230801144e+00
-8.754801612706122782e+00
-8.830520756939133520e+00
-8.890422167701842682e+00
-8.933208177118094895e+00
-8.957743969600088008e+00
-8.963096637052760940e+00
-8.948572026430067439e+00
-8.913747474900842960e+00
-8.858498506828690111e+00
-8.783017687854613342e+00
-8.687824106289491866e+00
-8.573762376833640175e+00
-8.441990614489395028e+00
-8.293957467856341026e+00
-8.131368976652037617e+00
-7.956146665479265856e+00
-7.770378841078435350e+00
-7.576267468138730976e+00
-7.376073219764151645e+00
-7.172061315047629115e+00
-6.966450573786564071e+00
-6.761367765169713273e+00
-6.558808848369118927e+00
-6.360608153282397481e+00
-6.168415985826783299e+00
-5.983684615167580212e+00
-5.807662149872867552e+00
-5.641393461803360765e+00
-5.485727081436347241e+00
-5.341326864053085544e+00
-5.208687200486412650e+00
-5.088150600192590467e+00
-4.979926586666994837e+00
-4.884110994168550768e+00
-4.800704921122521895e+00
-4.729632763754939795e+00
-4.670758911838584382e+00
-4.623902829215889909e+00
-4.588852360785006468e+00
-4.565375203444800967e+00
-4.553228551683262459e+00
-4.552166980999320600e+00
-4.561948666878193670e+00
-4.582340056617886681e+00
-4.613119118952765163e+00
-4.654077294952078780e+00
-4.705020265577615213e+00
-4.765767638691536412e+00
-4.836151642975726084e+00
-4.916014899593610821e+00
-5.005207325661584328e+00
-5.103582207651834679e+00
-5.210991468532211179e+00
-5.327280140484129234e+00
-5.452280046124129420e+00
-5.585802686005942874e+00
-5.727631329580038511e+00
-5.877512311611558182e+00
-6.035145547291858925e+00
-6.200174298019909713e+00
-6.372174247261241042e+00
-6.550641983233486343e+00
-6.734983033578087586e+00
-6.924499657624218152e+00
-7.118378674902805514e+00
-7.315679694141619116e+00
-7.515324203990958907e+00
-7.716086092731147872e+00
-7.916584274899634011e+00
-8.115278211554358023e+00
-8.310467208464819677e+00
-8.500294450626316944e+00
-8.682756766893330536e+00
-8.855721097457450952e+00
-9.016948540078697505e+00
-9.164126659424466581e+00
-9.294910441504333320e+00
-9.406971852335688666e+00
-9.498057417436809757e+00
-9.566052592023011059e+00
-9.609050974660087618e+00
-9.625425683577940816e+00
-9.613899538107531839e+00
-9.573610155500933416e+00
-9.504165778728772551e+00
-9.405687678675031194e+00
-9.278835385393561452e+00
-9.124811818729249069e+00
-8.945346577371321217e+00
-8.742657118884887169e+00
-8.519389181236915576e+00
-8.278539383159673193e+00
-8.023364310902181273e+00
-7.757281387348572643e+00
-7.483767309643336141e+00
-7.206259785632385118e+00
-6.928067725723296100e+00
-6.652294051723532498e+00
-6.381774012949701813e+00
-6.119030518967568888e+00
-5.866246667631212830e+00
-5.625254496822342354e+00
-5.397538104670944747e+00
-5.184248704179847955e+00
-4.986228898722604441e+00
-4.804043446586907962e+00
-4.638013967533876958e+00
-4.488255366983172401e+00
-4.354712151572652346e+00
-4.237193230734422222e+00
-4.135404202707198884e+00
-4.048976483571544271e+00
-3.977492939929634819e+00
-3.920509924801649948e+00
-3.877575794076849824e+00
-3.848246103655824424e+00
-3.832095763696619972e+00
-3.828728465243535606e+00
-3.837783704711178689e+00
-3.858941720969022438e+00
-3.891926634600794355e+00
-3.936508044449268162e+00
-3.992501296703860003e+00
-4.059766599363852535e+00
-4.138207111840891628e+00
-4.227766096976750987e+00
-4.328423181557760735e+00
-4.440189731866620804e+00
-4.563103313075754563e+00
-4.697221165427879264e+00
-4.842612596279301407e+00
-4.999350155461488754e+00
-5.167499432575645812e+00
-5.347107289691089171e+00
-5.538188322914058936e+00
-5.740709333548300819e+00
-5.954571587039710678e+00
-6.179590649555944282e+00
-6.415473623042852402e+00
-6.661793656378567796e+00
-6.917961700626444888e+00
-7.183195609463988163e+00
-7.456486871687012297e+00
-7.736565511602538692e+00
-8.021864014600794235e+00
-8.310481535996874669e+00
-8.600150132736500197e+00
-8.888205312154573434e+00
-9.171563798495816044e+00
-9.446712036405736868e+00
-9.709709517039794235e+00
-9.956211434504931290e+00
-1.018151533618342519e+01
-1.038063617285406437e+01
-1.054841332329051085e+01
-1.067965161370690730e+01
-1.076929597219937662e+01
-1.081263614286895880e+01
-1.080553396926055321e+01
-1.074466146654939536e+01
-1.062773376794842584e+01
-1.045371776355573701e+01
-1.022299564866956700e+01
-9.937463396780502833e+00
-9.600547837964128917e+00
-9.217132562190570866e+00
-8.793391695490175408e+00
-8.336540548618991409e+00
-7.854521640656738413e+00
-7.355652002709039294e+00
-6.848261634805229647e+00
-6.340352845833925777e+00
-5.839306106884682990e+00
-5.351650921635827451e+00
-4.882911500898270418e+00
-4.437528289470483500e+00
-4.018848964394917900e+00
-3.629177256064646251e+00
-3.269865129885677568e+00
-2.941433313331321742e+00
-2.643706349283813761e+00
-2.375950660128091307e+00
-2.137006904786312056e+00
-1.925410715830285113e+00
-1.739498393308484214e+00
-1.577496139621935134e+00
-1.437592902038784315e+00
-1.317997883707597628e+00
-1.216984370907837620e+00
-1.132921798805194058e+00
-1.064298031231792008e+00
-1.009733739434011568e+00
-9.679905907660748543e-01
-9.379747448534152543e-01
-9.187369315637281542e-01
-9.094701708765962067e-01
-9.095059999805861217e-01
-9.183099025864738252e-01
-9.354764908135595469e-01
-9.607248701520291201e-01
-9.938945207684402039e-01
-1.034941951061773668e+00
-1.083938318966586545e+00
-1.141068170142283567e+00
-1.206629407120094255e+00
-1.281034577084724679e+00
-1.364813545735911182e+00
-1.458617608110242214e+00
-1.563225071745454997e+00
-1.679548330255260069e+00
-1.808642422874580324e+00
-1.951715043668608596e+00
-2.110137917554583353e+00
-2.285459392097727083e+00
-2.479417994963868388e+00
-2.693956564579016000e+00
-2.931236359404787439e+00
-3.193650267172306378e+00
-3.483833840045676311e+00
-3.804672336326138993e+00
-4.159301203678119840e+00
-4.551096428769265678e+00
-4.983649823817542845e+00
-5.460722526229560003e+00
-5.986167645636870205e+00
-6.563809994634041800e+00
-7.197267100821148844e+00
-7.889691206450258676e+00
-8.643406866767577412e+00
-9.459413517530050441e+00
-1.033671800318658462e+01
-1.127146045275868502e+01
-1.225580136869001180e+01
-1.327655363800574406e+01
-1.431357813793566081e+01
-1.533802587818506069e+01
-1.631061436060757330e+01
-1.718027877392069414e+01
-1.788373473904267286e+01
-1.834669506646345738e+01
-1.848761623587345326e+01
-1.822476616756760848e+01
-1.748691228591624025e+01
-1.622687465893033831e+01
-1.443563139672538931e+01
-1.215308190973450309e+01
-9.470921456741491440e+00
-6.524404786195000305e+00
-3.473349475048578050e+00
-4.772509248105585300e-01
2.327716896655813716e+00
4.842828481419403808e+00
7.009248193448291531e+00
8.800905482749589837e+00
1.021282721844857733e+01
1.124992874124132314e+01
1.191937270262209836e+01
1.222743056221355573e+01
1.218026532446165611e+01
1.178731538981953264e+01
1.106572883233366866e+01
1.004432701237745285e+01
8.765788928885518416e+00
7.286180657592620236e+00
5.671624887456587771e+00
3.992701757939492779e+00
2.317844040335599765e+00
7.072638471855416942e-01
-7.913019515165662376e-01
-2.144395937232373761e+00
-3.332321015278778109e+00
-4.346980242292746155e+00
-5.188958556134990019e+00
-5.864614836621383276e+00
-6.383672877826949588e+00
-6.757506460372061596e+00
-6.998096663986737909e+00
-7.117521419208108213e+00
-7.127799655992563821e+00
-7.040924438458201706e+00
-6.868954780073442734e+00
-6.624077549728288439e+00
-6.318590277552424084e+00
-5.964788926928113355e+00
-5.574770277223506376e+00
-5.160175838059621434e+00
-4.731913115363661326e+00
-4.299891155289152778e+00
-3.872801983890061805e+00
-3.457969925920349130e+00
-3.061279271769800303e+00
-2.687179687268865802e+00
-2.338759883076571011e+00
-2.017874326344732516e+00
-1.725305322617259662e+00
-1.460943132471132833e+00
-1.223969085253848066e+00
-1.013030011008641651e+00
-8.263959556767235259e-01
-6.620965208867590768e-01
-5.180339619831842990e-01
-3.920732687006128758e-01
-2.821108623346221256e-01
-1.861243699017031406e-01
-1.022063092262093520e-01
-2.858456867165559689e-02
3.636759613594317542e-02
9.412960983156357098e-02
1.460375709225416596e-01
1.932924463692222150e-01
2.369710592642910729e-01
2.780387670797417332e-01
3.173629937547765567e-01
3.557270031653160247e-01
3.938434857521164734e-01
4.323676777929235104e-01
4.719098484606075172e-01
5.130470781837316308e-01
5.563343175644915872e-01
6.023147634806926831e-01
6.515296217726161965e-01
7.045273473023019317e-01
7.618724648261591126e-01
8.241540801588740361e-01
8.919941921455541989e-01
9.660559131626934581e-01
1.047051699969902216e+00
1.135751688071876320e+00
1.232992211266228599e+00
1.339684573286886282e+00
1.456824119505890414e+00
1.585499632121023961e+00
1.726903040122565791e+00
1.882339392834823766e+00
2.053236989260160072e+00
2.241157479904562155e+00
2.447805656794230345e+00
2.675038512629305920e+00
2.924872970664582184e+00
3.199491449176784741e+00
3.501244110908185991e+00
3.832646237153599866e+00
4.196368632147000177e+00
4.595218275633263794e+00
5.032105566097754945e+00
5.509993399533030356e+00
6.031821979391727595e+00
6.600401638804812343e+00
7.218264096745936165e+00
7.887460550579976193e+00
8.609293025056057758e+00
9.383963830857490862e+00
1.021012749272490794e+01
1.108433115214096887e+01
1.200033484372696435e+01
1.294831446205549774e+01
1.391397061505583466e+01
1.487759922125855816e+01
1.581322750954343270e+01
1.668798264985164437e+01
1.746193493269401031e+01
1.808872897473542096e+01
1.851735639738150851e+01
1.869538713749095749e+01
1.857380918338995812e+01
1.811328412601238469e+01
1.729111477818106835e+01
1.610764579648747130e+01
1.459040543194790196e+01
1.279434462100294567e+01
1.079725384982449832e+01
8.690763812328263782e+00
6.568797044921180550e+00
4.516246450449642680e+00
2.600515896881022915e+00
8.674265143627490904e-01
-6.585318235913009133e-01
-1.970813662936472088e+00
-3.075956854296551413e+00
-3.988684621087369653e+00
-4.727848916716284933e+00
-5.313533839453313590e+00
-5.765256970141483528e+00
-6.101027479763094341e+00
-6.336985731320680770e+00
-6.487389667606751509e+00
-6.564777341931883115e+00
-6.580195267818852223e+00
-6.543428826543792098e+00
-6.463202944436280184e+00
-6.347341370447010078e+00
-6.202884520139121172e+00
-6.036171855161056143e+00
-5.852897214803332027e+00
-5.658145817533516642e+00
-5.456420733191500894e+00
-5.251665099390473657e+00
-5.047284619860286092e+00
-4.846173200061709707e+00
-4.650743108697406925e+00
-4.462959889311805206e+00
-4.284381412290283464e+00
-4.116199939562659615e+00
-3.959285829020374514e+00
-3.814231474650394471e+00
-3.681394199085005425e+00
-3.560937029144641830e+00
-3.452866542718609377e+00
-3.357067239284496907e+00
-3.273332130582877308e+00
-3.201389456997539185e+00
-3.140925602040206766e+00
-3.091604401167921345e+00
-3.053083125182001201e+00
-3.025025468159729947e+00
-3.007111891682958671e+00
-2.999047677492262309e+00
-3.000569025495714026e+00
-3.011447508320661104e+00
-3.031493161378242096e+00
-3.060556451833860603e+00
-3.098529333214928627e+00
-3.145345556191488257e+00
-3.200980371301277216e+00
-3.265449726570673228e+00
-3.338809032270471988e+00
-3.421151536364783752e+00
-3.512606327311085685e+00
-3.613335955399058719e+00
-3.723533639364979386e+00
-3.843420001168085243e+00
-3.973239248169263327e+00
-4.113254698177505553e+00
-4.263743518692520773e+00
-4.424990527090524317e+00
-4.597280873596149675e+00
-4.780891404063457806e+00
-4.976080475632045363e+00
-5.183075976508428440e+00
-5.402061283362239230e+00
-5.633158878854494844e+00
-5.876411351374340342e+00
-6.131759514125723953e+00
-6.399017417687720588e+00
-6.677844097099773890e+00
-6.967712001115319076e+00
-7.267872208844079474e+00
-7.577316760096039161e+00
-7.894738723247598067e+00
-8.218491010157595866e+00
-8.546545429878397826e+00
-8.876454053036631819e+00
-9.205315626628395975e+00
-9.529750506986998104e+00
-9.845888315126645196e+00
-1.014937318109226894e+01
-1.043539191420972934e+01
-1.069873055962630737e+01
-1.093386439395814413e+01
-1.113508527834650685e+01
-1.129666825111022987e+01
-1.141307619964875641e+01
-1.147919742854216629e+01
-1.149060615908953586e+01
-1.144383091946916053e+01
-1.133661113091218731e+01
-1.116811887500109712e+01
-1.093912180640191245e+01
-1.065206525770596713e+01
-1.031105715418465785e+01
-9.921748160495427626e+00
-9.491110520128946959e+00
-9.027130673182394816e+00
-8.538440957475655679e+00
-8.033922638067977573e+00
-7.522314894804813079e+00
-7.011861888636945928e+00
-6.510023303163651853e+00
-6.023264300665933213e+00
-5.556930507878133696e+00
-5.115204226477265692e+00
-4.701130839622837954e+00
-4.316699986182774396e+00
-3.962964480209617779e+00
-3.640180671475051533e+00
-3.347956238008567897e+00
-3.085394510927191636e+00
-2.851227714143077741e+00
-2.643934507404513301e+00
-2.461839698672907417e+00
-2.303195852283769440e+00
-2.166247786686259502e+00
-2.049281717539793934e+00
-1.950661171344075573e+00
-1.868851883639123690e+00
-1.802437801277582574e+00
-1.750130106977489053e+00
-1.710770932262428934e+00
-1.683333159936146073e+00
-1.666917463111595943e+00
-1.660747497716456245e+00
-1.664163965283141033e+00
-1.676618093974037160e+00
-1.697664946664320329e+00
-1.726956852490323380e+00
-1.764237168917186960e+00
-1.809334511329001804e+00
-1.862157532834130658e+00
-1.922690295184456888e+00
-1.990988239602262677e+00
-2.067174741448356556e+00
-2.151438212957739626e+00
-2.244029701915942532e+00
-2.345260919584396309e+00
-2.455502617018599842e+00
-2.575183213880010591e+00
-2.704787566708236835e+00
-2.844855743190103592e+00
-2.995981644000378807e+00
-3.158811282992914027e+00
-3.334040498494543758e+00
-3.522411821696578293e+00
-3.724710171060901409e+00
-3.941756972621065724e+00
-4.174402223476152862e+00
-4.423513918276953838e+00
-4.689964145212619506e+00
-4.974611028963081161e+00
-5.278275554878709919e+00
-5.601712155339765964e+00
-5.945571783629444163e+00
-6.310356056002428993e+00
-6.696360929975563536e+00
-7.103608337861685662e+00
-7.531764254881964327e+00
-7.980041914207965270e+00
-8.447089371520258183e+00
-8.930861476826121859e+00
-9.428477661048283665e+00
-9.936068933558262373e+00
-1.044862025543568507e+01
-1.095981810596843964e+01
-1.146191760872294729e+01
-1.194564886664275427e+01
-1.240018773073031078e+01
-1.281322125089500652e+01
-1.317114118503613263e+01
-1.345939830107689694e+01
-1.366304353870020982e+01
-1.376746717062127701e+01
-1.375932246838350004e+01
-1.362758644807770736e+01
-1.336467049379879590e+01
-1.296745527543154886e+01
-1.243809807487183861e+01
-1.178445839253316940e+01
-1.102001879556832264e+01
-1.016324406552998560e+01
-9.236413281569117117e+00
-8.264056044583734106e+00
-7.271199576381662588e+00
-6.281665634169570467e+00
-5.316635624160767293e+00
-4.393636507474317554e+00
-3.526010307833501223e+00
-2.722842264461176498e+00
-1.989257842510540497e+00
-1.326966671783979645e+00
-7.349302594485260798e-01
-2.100506966742926585e-01
2.521919796904587563e-01
6.571952380620638134e-01
1.010798374696543656e+00
1.318954057478477493e+00
1.587495112820813681e+00
1.821980032183737164e+00
2.027600002210308006e+00
2.209131794476592248e+00
2.370923366856933612e+00
2.516901753984262413e+00
2.650595336646626610e+00
2.775164695855385499e+00
2.893437936510021125e+00
3.007947641918131687e+00
3.120967558065482095e+00
3.234547775229134281e+00
3.350547637546685831e+00
3.470665920668407622e+00
3.596468014125169699e+00
3.729409958617249110e+00
3.870859240598026219e+00
4.022112252162123980e+00
4.184408293213654595e+00
4.358939931385643618e+00
4.546859446817262729e+00
4.749280975573928032e+00
4.967277828195403977e+00
5.201874299415067959e+00
5.454031103112793488e+00
5.724623366552093806e+00
6.014409906851604148e+00
6.323992302887811334e+00
6.653762088101414562e+00
7.003834256496099364e+00
7.373965244277606246e+00
7.763453693392683874e+00
8.171022717989174566e+00
8.594683209452968597e+00
9.031579092423303479e+00
9.477817573788348327e+00
9.928290511556255638e+00
1.037649724840033372e+01
1.081438469324399421e+01
1.123222698787908591e+01
1.161857432044547345e+01
1.196030738435661256e+01
1.224283898178676822e+01
1.245050490550582190e+01
1.256717940633522090e+01
1.257713299581028643e+01
1.246611961791979262e+01
1.222263633073009359e+01
1.183924578566009700e+01
1.131379979492110976e+01
1.065036629465610218e+01
9.859659515311973266e+00
8.958817838674013601e+00
7.970467843340691694e+00
6.921141422959654399e+00
5.839244051941641089e+00
4.752867355794551329e+00
3.687767051971936993e+00
2.665778807398431649e+00
1.703836863560515447e+00
8.136294316537650007e-01
1.809776474425595083e-03
-7.293907201036676780e-01
-1.381323946976111605e+00
-1.958019344118962835e+00
-2.465328340651544714e+00
-2.910189186703389552e+00
-3.300041528432595683e+00
-3.642390821586431571e+00
-3.944505480649889151e+00
-4.213222156077775615e+00
-4.454833514151579799e+00
-4.675035475603192658e+00
-4.878914947716340045e+00
-5.070963363998209239e+00
-5.255105160307107504e+00
-5.434733416570569631e+00
-5.612747264184855034e+00
-5.791587396809029009e+00
-5.973267258791148393e+00
-6.159398351047267184e+00
-6.351208701042769356e+00
-6.549553982232723115e+00
-6.754921110126000272e+00
-6.967424442951028141e+00
-7.186795019326540412e+00
-7.412363609685288957e+00
-7.643038771969899337e+00
-7.877281607798089169e+00
-8.113079526191338431e+00
-8.347922038053532390e+00
-8.578782406335150768e+00
-8.802109817289849758e+00
-9.013837534405183760e+00
-9.209413121623999388e+00
-9.383857101832091985e+00
-9.531856132285351890e+00
-9.647895686814555560e+00
-9.726435101643190251e+00
-9.762124501952005318e+00
-9.750058560213215486e+00
-9.686056457879658410e+00
-9.566951349278896899e+00
-9.390866915737428045e+00
-9.157454383870806680e+00
-8.868061910860411956e+00
-8.525810587761414538e+00
-8.135558037582372393e+00
-7.703741409725564537e+00
-7.238105222046943510e+00
-6.747333817512833676e+00
-6.240620559796862921e+00
-5.727213844056575631e+00
-5.215981947456372225e+00
-4.715034401374927242e+00
-4.231428030740186585e+00
-3.770973212600922775e+00
-3.338142804470217939e+00
-2.936074866472815348e+00
-2.566652269587228918e+00
-2.230638107369721901e+00
-1.927845217967721014e+00
-1.657320223061012676e+00
-1.417526229386636860e+00
-1.206512711931838400e+00
-1.022065336857735041e+00
-8.618321088072296021e-01
-7.234250272453200958e-01
-6.044983907134787726e-01
-5.028060955387106956e-01
-4.162408894832572148e-01
-3.428587225864604959e-01
-2.808912313815360440e-01
-2.287491147588462947e-01
-1.850187959203108412e-01
-1.484543743369073077e-01
-1.179664921810088529e-01
-9.260939323742892193e-02
-7.156714953543484581e-02
-5.413977525540242947e-02
-3.972973764025446164e-02
-2.782920687684039412e-02
-1.800825611826303851e-02
-9.904123499080102686e-03
-3.211574761044176489e-03
2.325647009564264442e-03
6.922333435758028751e-03
1.075835606685634355e-02
1.398432882924470835e-02
1.672647729656705912e-02
1.909080477068937978e-02
2.116664208852649456e-02
2.302966276347611502e-02
2.474443847362042467e-02
2.636660271072147066e-02
2.794468309416548238e-02
2.952165576456011742e-02
3.113626861960194780e-02
3.282417406525276610e-02
3.461890649253007712e-02
3.655273487109761410e-02
3.865741666230218532e-02
4.096487566509941780e-02
4.350782337354786034e-02
4.632034089650671066e-02
4.943843641796736438e-02
5.290059151233798829e-02
5.674830832737753211e-02
6.102666866849859595e-02
6.578491532562520672e-02
7.107706554829523737e-02
7.696256636993979716e-02
8.350700148939571577e-02
9.078285961980636642e-02
9.887037460147975187e-02
1.078584481388308314e-01
1.178456667575650541e-01
1.289414254871951437e-01
1.412671718575141955e-01
1.549577850616309371e-01
1.701631065890390482e-01
1.870496402810161718e-01
2.058024416162504144e-01
2.266272181120785878e-01
2.497526650356208244e-01
2.754330631740145585e-01
3.039511682226864742e-01
3.356214244221947252e-01
3.707935384080237595e-01
4.098564528244619809e-01
4.532427630681534758e-01
5.014336245248894874e-01
5.549642017637596014e-01
6.144297152360379544e-01
6.804921449030062464e-01
7.538876536105416637e-01
8.354347955382280810e-01
9.260435760967551388e-01
1.026725428414416497e+00
1.138604166885409441e+00
1.262927968539816703e+00
1.401082415993017083e+00
1.554604608336108473e+00
1.725198304257597570e+00
1.914749999063941832e+00
2.125345746060407048e+00
2.359288402040194299e+00
2.619114791626754091e+00
2.907612026053825183e+00
3.227831852147887481e+00
3.583101411806072889e+00
3.977028115521638707e+00
4.413495417054481784e+00
4.896645047057072375e+00
5.430839632969592046e+00
6.020597499501928240e+00
6.670488702566845340e+00
7.384977908163303795e+00
8.168195547692294056e+00
9.023613846299465280e+00
9.953599156872659393e+00
1.095880730014149051e+01
1.203738579983312462e+01
1.318394863862626032e+01
1.438829972201312302e+01
1.563390704653428642e+01
1.689617937930837854e+01
1.814068137076186105e+01
1.932155041144574170e+01
2.038055021562137625e+01
2.124739316845555948e+01
2.184213009569082686e+01
2.208043332103833478e+01
2.188232535919622634e+01
2.118416428922681050e+01
1.995243547628779268e+01
1.819636251412487837e+01
1.597521152970626623e+01
1.339638554162083395e+01
1.060266272827326617e+01
7.750802308267891405e+00
4.987422801184779431e+00
2.429307240343619778e+00
1.531721555983698302e-01
-1.804246895813502505e+00
-3.438658775627980724e+00
-4.767585706697818004e+00
-5.820285532880927093e+00
-6.630162233509978797e+00
-7.230046799871294283e+00
-7.649844937121934585e+00
-7.915775917991054733e+00
-8.050505289139428200e+00
-8.073673233900576562e+00
-8.002514230337878232e+00
-7.852408305529462673e+00
-7.637297862441275953e+00
-7.369958996632523629e+00
-7.062145453959557173e+00
-6.724636586509071812e+00
-6.367224083544915203e+00
-5.998669756114687779e+00
-5.626660751858629794e+00
-5.257781068136277547e+00
-4.897510487689459069e+00
-4.550255100563445509e+00
-4.219408058393321781e+00
-3.907435431337010101e+00
-3.615979985040974398e+00
-3.345975113517672295e+00
-3.097761674105184770e+00
-2.871201663101490276e+00
-2.665784178373451940e+00
-2.480720655177338863e+00
-2.315027746374149764e+00
-2.167597348329691087e+00
-2.037254117229272410e+00
-1.922801391218097233e+00
-1.823056771272158816e+00
-1.736878767845672078e+00
-1.663185940945730135e+00
-1.600969892326191912e+00
-1.549303345580372415e+00
-1.507344399929877232e+00
-1.474337885468886444e+00
-1.449614594050596450e+00
-1.432589018424876626e+00
-1.422756106545629340e+00
-1.419687429561768521e+00
-1.423027070666943450e+00
-1.432487466527754272e+00
-1.447845371747843446e+00
-1.468938067864165919e+00
-1.495659899815856564e+00
-1.527959192884423834e+00
-1.565835580154688822e+00
-1.609337753154785000e+00
-1.658561635255798361e+00
-1.713648967577318105e+00
-1.774786289635283509e+00
-1.842204290992734972e+00
-1.916177505038499707e+00
-1.997024311103474004e+00
-2.085107205853284462e+00
-2.180833298711160939e+00
-2.284654978401440051e+00
-2.397070687965343616e+00
-2.518625733127575650e+00
-2.649913032949256397e+00
-2.791573701437243482e+00
-2.944297323215436801e+00
-3.108821754364750944e+00
-3.285932239807192623e+00
-3.476459589673896122e+00
-3.681277097332100734e+00
-3.901295809414622173e+00
-4.137457671542841275e+00
-4.390725970851372395e+00
-4.662072376710985289e+00
-4.952459743844250362e+00
-5.262819688429817511e+00
-5.594023781280572649e+00
-5.946847029918271410e+00
-6.321922155991984482e+00
-6.719683036485295524e+00
-7.140295597895566893e+00
-7.583574477969270866e+00
-8.048883964211258402e+00
-8.535022169489781874e+00
-9.040088225369041552e+00
-9.561333601340493260e+00
-1.009500064988426260e+01
-1.063615429237095888e+01
-1.117851652712325539e+01
-1.171431819883766146e+01
-1.223418808569487126e+01
-1.272710541736840284e+01
-1.318044759390718923e+01
-1.358016875110601518e+01
-1.391114494299869619e+01
-1.415771564953461947e+01
-1.430443656879993597e+01
-1.433703344521114431e+01
-1.424351113128162716e+01
-1.401532949392545468e+01
-1.364851561036054584e+01
-1.314455132679608163e+01
-1.251086981760942507e+01
-1.176082491957597931e+01
-1.091306544063440143e+01
-9.990343934326126885e+00
-9.017893899114078238e+00
-8.021592684335953294e+00
-7.026164742731915602e+00
-6.053660155456658920e+00
-5.122374068014887705e+00
-4.246276617164994605e+00
-3.434928442868666387e+00
-2.693786911908664816e+00
-2.024773484953162228e+00
-1.426971345731150809e+00
-8.973443340910387533e-01
-4.314008597892700636e-01
-2.375941933654707183e-02
3.314006977789761277e-01
6.400012678598372418e-01
9.078265420814493059e-01
1.140366551823926322e+00
1.342724085834716474e+00
1.519568834184145567e+00
1.675124914458466119e+00
1.813180907736570369e+00
1.937114199436241746e+00
2.049923657951379763e+00
2.154266455593298435e+00
2.252496181134576947e+00
2.346700381122338808e+00
2.438736372995078394e+00
2.530264664577806855e+00
2.622779647633255440e+00
2.717637451462427745e+00
2.816080978863401363e+00
2.919262224995692545e+00
3.028262016880100216e+00
3.144107319216938201e+00
3.267786238906894791e+00
3.400260831268341555e+00
3.542477768558953688e+00
3.695376877605309751e+00
3.859897488574138613e+00
4.036982460800512484e+00
4.227579663139282573e+00
4.432640584161212871e+00
4.653115630166552386e+00
4.889945535104172514e+00
5.144048155337447525e+00
5.416299754312322356e+00
5.707509700234304262e+00
6.018387309981844346e+00
6.349499386055184935e+00
6.701216829442809164e+00
7.073648599769461143e+00
7.466561279601245715e+00
7.879282646223142450e+00
8.310588049446149483e+00
8.758569153773617444e+00
9.220485872370037583e+00
9.692604268121007394e+00
1.017002600270308754e+01
1.064651873495141210e+01
1.111436178334894720e+01
1.156422728556299440e+01
1.198512363109651524e+01
1.236443428947258738e+01
1.268808989220952732e+01
1.294091246165095299e+01
1.310716533017136598e+01
1.317132767378292435e+01
1.311908643319235068e+01
1.293850036801053172e+01
1.262124421301685828e+01
1.216379323170457205e+01
1.156837250188764799e+01
1.084348621084566311e+01
1.000387305821417527e+01
9.069808877734470087e+00
8.065787039127538804e+00
7.018726479651363093e+00
5.955953135080679139e+00
4.903243346677402137e+00
3.883193850767351130e+00
2.914100987616052851e+00
2.009419209223067160e+00
1.177759875068010720e+00
4.233128585453225234e-01
-2.534623722310879179e-01
-8.550262265243075976e-01
-1.385949666439776351e+00
-1.852186654923407394e+00
-2.260470358184176742e+00
-2.617844873209785206e+00
-2.931324457915295945e+00
-3.207661774296295398e+00
-3.453203051076014773e+00
-3.673808738102643190e+00
-3.874821062778300185e+00
-4.061063481327446212e+00
-4.236860513029622410e+00
-4.406069455611537400e+00
-4.572117878806943203e+00
-4.738042601927851649e+00
-4.906527166355976632e+00
-5.079935718640958164e+00
-5.260341821379380001e+00
-5.449551088586519043e+00
-5.649116764274156210e+00
-5.860347477394801885e+00
-6.084306452659657083e+00
-6.321801468101189592e+00
-6.573364857379836224e+00
-6.839222889746134015e+00
-7.119253959785049268e+00
-7.412935226378367659e+00
-7.719277708792391834e+00
-8.036750440503013238e+00
-8.363195169847598365e+00
-8.695734355632287915e+00
-9.030676902565588193e+00
-9.363428256394637827e+00
-9.688414116530498887e+00
-9.999030012410450752e+00
-1.028763206803785302e+01
-1.054558698253903692e+01
-1.076340087108587795e+01
-1.093094617444340955e+01
-1.103780220724999594e+01
-1.107371693119827860e+01
-1.102918441378738557e+01
-1.089611420647805318e+01
-1.066854697325094037e+01
-1.034334835015309828e+01
-9.920795246539544365e+00
-9.404961710754603743e+00
-8.803820663576123806e+00
-8.129006113113044663e+00
-7.395225941497080235e+00
-6.619370297697354744e+00
-5.819412812345933439e+00
-5.013237944896693499e+00
-4.217537943847984749e+00
-3.446904550103287335e+00
-2.713199408401729684e+00
-2.025234952626592921e+00
-1.388747710274602420e+00
-8.066090519380707535e-01
-2.791993430374627438e-01
1.951305121169177315e-01
6.195756296124340645e-01
9.984202913527738810e-01
1.336637940927256407e+00
1.639562410707431361e+00
1.912632869347183684e+00
2.161207285780371912e+00
2.390435073762390950e+00
2.605178051857828248e+00
2.809968989119226546e+00
3.008998051938367002e+00
3.206118892672330301e+00
3.404867594609195969e+00
3.608489028607225091e+00
3.819966301143661092e+00
4.042049857215904929e+00
4.277283451312540841e+00
4.528024636180632001e+00
4.796457667565302785e+00
5.084596809127318373e+00
5.394277970785816834e+00
5.727136452709544301e+00
6.084568328065807385e+00
6.467672722793370355e+00
6.877172000110262751e+00
7.313306718273302920e+00
7.775702327903109889e+00
8.263205087102926782e+00
8.773685839699115974e+00
9.303812437056480533e+00
9.848795067330282649e+00
1.040211400642190043e+01
1.095524670768268827e+01
1.149742091658733756e+01
1.201543244689123746e+01
1.249357947173966821e+01
1.291377761505867205e+01
1.325592819562213265e+01
1.349861040783286192e+01
1.362015047011584912e+01
1.360008042860674671e+01
1.342093287249161371e+01
1.307022864840347687e+01
1.254241691952374183e+01
1.184044714789876096e+01
1.097662573875531500e+01
9.972468005228313004e+00
8.857410381895761020e+00
7.666474746365346427e+00
6.437215512099932369e+00
5.206451639246066243e+00
4.007326629384549754e+00
2.867134592860362652e+00
1.806141229851234931e+00
8.373926794692533315e-01
-3.268155947471640399e-02
-8.031604992491579997e-01
-1.477310170578367110e+00
-2.061280732160034823e+00
-2.562969258308471776e+00
-2.991115417354183847e+00
-3.354638194784751892e+00
-3.662186787362893270e+00
-3.921863640097270398e+00
-4.141075663181317701e+00
-4.326474828581977405e+00
-4.483957219306645037e+00
-4.618697593430790782e+00
-4.735203393771334923e+00
-4.837377497954451044e+00
-4.928582925152457328e+00
-5.011705442089309237e+00
-5.089211827811600308e+00
-5.163202720768438780e+00
-5.235459687296318165e+00
-5.307486569066407256e+00
-5.380545395117801277e+00
-5.455687254189380830e+00
-5.533778562832884163e+00
-5.615523164787561861e+00
-5.701480676419871330e+00
-5.792081463343669689e+00
-5.887638601602419364e+00
-5.988357147081309506e+00
-6.094341011465944646e+00
-6.205597723408740052e+00
-6.322041340371071350e+00
-6.443493770318386993e+00
-6.569684763287283680e+00
-6.700250840870464408e+00
-6.834733446727695672e+00
-6.972576622902987964e+00
-7.113124544214681322e+00
-7.255619274995910750e+00
-7.399199147078603822e+00
-7.542898192459204232e+00
-7.685647095013438346e+00
-7.826276148458618742e+00
-7.963520717097806845e+00
-8.096029685529430253e+00
-8.222377346779312646e+00
-8.341079108501485706e+00
-8.450611287982216169e+00
-8.549435114262985635e+00
-8.636024858101485790e+00
-8.708899769969852045e+00
-8.766659230190192886e+00
-8.808020216922978207e+00
-8.831855896650198545e+00
-8.837233863457399252e+00
-8.823452327579415666e+00
-8.790072411788310447e+00
-8.736944685719882031e+00
-8.664228176178772500e+00
-8.572400347872214610e+00
-8.462256951090084911e+00
-8.334901160603886083e+00
-8.191722046413117297e+00
-8.034363070525023076e+00
-7.864681934534189622e+00
-7.684703648950033994e+00
-7.496569102736516221e+00
-7.302481640962105836e+00
-7.104654190827638160e+00
-6.905259315442023649e+00
-6.706384245853564963e+00
-6.509992487263891903e+00
-6.317893067389618089e+00
-6.131717948298982535e+00
-5.952907607605237850e+00
-5.782704350193279552e+00
-5.622152563753471277e+00
-5.472104892172787949e+00
-5.333233169352163294e+00
-5.206042921316301531e+00
-5.090890289031788640e+00
-4.988000327495625719e+00
-4.897485777560296683e+00
-4.819365566763091913e+00
-4.753582458564011404e+00
-4.700019424170140958e+00
-4.658514449662727763e+00
-4.628873608977774445e+00
-4.610882328710704137e+00
-4.604314844065342527e+00
-4.608941898273077875e+00
-4.624536773010916590e+00
-4.650879757649739155e+00
-4.687761173512904556e+00
-4.734983068491620983e+00
-4.792359689834577274e+00
-4.859716830846392277e+00
-4.936890132400277409e+00
-5.023722404092050731e+00
-5.120060013781849939e+00
-5.225748379237368901e+00
-5.340626582535012545e+00
-5.464521117650773085e+00
-5.597238775133324573e+00
-5.738558665788418445e+00
-5.888223388886966170e+00
-6.045929360612650960e+00
-6.211316336470488864e+00
-6.383956188457577952e+00
-6.563341035266528678e+00
-6.748870872911456154e+00
-6.939840915011762590e+00
-7.135428927214529260e+00
-7.334682928893319520e+00
-7.536509736317890784e+00
-7.739664932492758886e+00
-7.942744965438475191e+00
-8.144182192043382784e+00
-8.342243789078883864e+00
-8.535035533704704136e+00
-8.720511496739968393e+00
-8.896490674308916269e+00
-9.060681486628967107e+00
-9.210714876286431263e+00
-9.344186424881687714e+00
-9.458707465626014610e+00
-9.551964600595404420e+00
-9.621786350793325227e+00
-9.666214910396504933e+00
-9.683580200721165099e+00
-9.672572702519886434e+00
-9.632310980908151521e+00
-9.562399505057703308e+00
-9.462972395763236122e+00
-9.334719173211443177e+00
-9.178889446774565641e+00
-8.997274754053913526e+00
-8.792167321796121371e+00
-8.566297235237705365e+00
-8.322751175959854919e+00
-8.064877322996945708e+00
-7.796182032516745686e+00
-7.520224396390269739e+00
-7.240514682835119231e+00
-6.960422018235528974e+00
-6.683095586156626133e+00
-6.411402255925181315e+00
-6.147882088100588227e+00
-5.894721767321172479e+00
-5.653744820077029942e+00
-5.426416573261637843e+00
-5.213861234379878695e+00
-5.016888215580970645e+00
-4.836024836809456495e+00
-4.671552764242545841e+00
-4.523545898544719002e+00
-4.391907857420417116e+00
-4.276407643682110127e+00
-4.176712512962150292e+00
-4.092417428014428538e+00
-4.023070795607399219e+00
-3.968196423501395564e+00
-3.927311812045780393e+00
-3.899943014863244795e+00
-3.885636375298768819e+00
-3.883967479649227617e+00
-3.894547673932800436e+00
-3.917028476225663525e+00
-3.951104188098663705e+00
-3.996512971714552886e+00
-4.053036617672908903e+00
-4.120499185565444478e+00
-4.198764656369034398e+00
-4.287733694498450987e+00
-4.387339578291496345e+00
-4.497543321296324059e+00
-4.618327973162950073e+00
-4.749692058325417854e+00
-4.891642083149117859e+00
-5.044184018092897404e+00
-5.207313641204835974e+00
-5.381005613757418260e+00
-5.565201149260857960e+00
-5.759794135200306364e+00
-5.964615574940248521e+00
-6.179416238311304710e+00
-6.403847447148334204e+00
-6.637439980924829896e+00
-6.879581172729537286e+00
-7.129490382735802712e+00
-7.386193190701852984e+00
-7.648494846082327214e+00
-7.914953757743675489e+00
-8.183856095991904667e+00
-8.453192914003508918e+00
-8.720641563374828209e+00
-8.983553559593820736e+00
-9.238951416014366202e+00
-9.483537263342762813e+00
-9.713716244315767412e+00
-9.925637644402497628e+00
-1.011525640336135723e+01
-1.027841696294637686e+01
-1.041096027063258767e+01
-1.050885313997242676e+01
-1.056833708596604460e+01
-1.058609131281023785e+01
-1.055940193727964527e+01
-1.048632709440836308e+01
-1.036584568849344024e+01
-1.019797665226026062e+01
-9.983856047349426888e+00
-9.725761426650532115e+00
-9.427076595538389725e+00
-9.092194970521818576e+00
-8.726365557940697570e+00
-8.335491356767780857e+00
-7.925894845503970387e+00
-7.504068368701250158e+00
-7.076428201870879064e+00
-6.649089748056371540e+00
-6.227678019428545042e+00
-5.817182921463155409e+00
-5.421863689679261356e+00
-5.045201917829373883e+00
-4.689898582010507688e+00
-4.357907671416899831e+00
-4.050497577333358024e+00
-3.768331138190560647e+00
-3.511555918245732766e+00
-3.279897582512602217e+00
-3.072750806962569747e+00
-2.889263775842343396e+00
-2.728413790156575036e+00
-2.589072742324270315e+00
-2.470062163961991519e+00
-2.370198233400003129e+00
-2.288327570270448419e+00
-2.223354891827526547e+00
-2.174263707012541236e+00
-2.140131222872700523e+00
-2.120138569758685421e+00
-2.113577344694255622e+00
-2.119853346799817295e+00
-2.138488248596409846e+00
-2.169119821239996249e+00
-2.211501215219435323e+00
-2.265499693008036886e+00
-2.331095116893984631e+00
-2.408378412752337994e+00
-2.497550157049315711e+00
-2.598919367517336543e+00
-2.712902514947399091e+00
-2.840022711324396099e+00
-2.980908964667323247e+00
-3.136295319637711909e+00
-3.307019620987234010e+00
-3.494021539396686027e+00
-3.698339380696621603e+00
-3.921105053561471987e+00
-4.163536390434585677e+00
-4.426925793848269564e+00
-4.712623907198861595e+00
-5.022016677380413796e+00
-5.356493779837311564e+00
-5.717405911396716611e+00
-6.106007926325075275e+00
-6.523384212072795840e+00
-6.970352108600549101e+00
-7.447338635551358443e+00
-7.954225417952204502e+00
-8.490156673531219056e+00
-9.053305714344853428e+00
-9.640597010678211731e+00
-1.024738399238993480e+01
-1.086708808762509726e+01
-1.149081278428643493e+01
-1.210695848383970841e+01
-1.270088005766976558e+01
-1.325464904689204282e+01
-1.374700470907777294e+01
-1.415359871048162432e+01
-1.444765022900555351e+01
-1.460112124515876886e+01
-1.458648320619481531e+01
-1.437906449369356565e+01
-1.395983920417578616e+01
-1.331835398645237944e+01
-1.245532731663868020e+01
-1.138435470066445809e+01
-1.013218269789116199e+01
-8.737220092126664284e+00
-7.246320857929374526e+00
-5.710305326783625013e+00
-4.179030857033839474e+00
-2.696940075242153512e+00
-1.299850518524483967e+00
-1.337392498900880078e-02
1.147078552586710432e+00
2.175081197957692947e+00
3.071293178445795746e+00
3.841369682205578950e+00
4.494046231531386937e+00
5.039592652919115068e+00
5.488694131016617739e+00
5.851726341859751379e+00
6.138347997515291254e+00
6.357323954325868165e+00
6.516500648581719624e+00
6.622871801004710512e+00
6.682689312507351431e+00
6.701588875054562244e+00
6.684711104485625555e+00
6.636807163232066209e+00
6.562323496714967952e+00
6.465464116612330336e+00
6.350231370579590084e+00
6.220447733371203825e+00
6.079762098558310512e+00
5.931644508466058063e+00
5.779373340301318329e+00
5.626018747768032569e+00
5.474425708795743972e+00
5.327199419475595832e+00
5.186695070949818742e+00
5.055013316862888573e+00
4.934002044053229064e+00
4.825264446470497681e+00
4.730172904528208377e+00
4.649887805451817790e+00
4.585380205501209616e+00
4.537457120549422740e+00
4.506788216975595951e+00
4.493932735033975945e+00
4.499365585479193186e+00
4.523501692530728313e+00
4.566717790905737928e+00
4.629371004591179783e+00
4.711813627692896134e+00
4.814403584699608274e+00
4.937510064079474681e+00
5.081513793586755590e+00
5.246801358929991999e+00
5.433752862949152274e+00
5.642722086303137097e+00
5.874008152486771550e+00
6.127817534183422232e+00
6.404215085733313551e+00
6.703062678614329251e+00
7.023943997042557008e+00
7.366074179829829482e+00
7.728193354265236792e+00
8.108443804051791659e+00
8.504231677156116831e+00
8.912075921904401454e+00
9.327449697756854619e+00
9.744622974316198949e+00
1.015651946679909123e+01
1.055460636284727194e+01
1.092884111534220359e+01
1.126770515572878217e+01
1.155835844921023536e+01
1.178694950956131038e+01
1.193911046257411712e+01
1.200065349712918561e+01
1.195846166324326099e+01
1.180153326604945185e+01
1.152209789353829628e+01
1.111668030610409730e+01
1.058695696137240816e+01
9.940241954865369323e+00
9.189465788525351897e+00
8.352575390727363214e+00
7.451378972264840250e+00
6.509963691434291988e+00
5.552899271446372076e+00
4.603480804098013301e+00
3.682246447460155281e+00
2.805937060085553991e+00
1.986967743825280630e+00
1.233384955062190924e+00
5.492113634383856136e-01
-6.495448341131138115e-02
-6.112171823027791051e-01
-1.093652260166906531e+00
-1.517638579567222035e+00
-1.889297095743291521e+00
-2.215050159744707425e+00
-2.501296879391438743e+00
-2.754189614554336973e+00
-2.979492525779440459e+00
-3.182502998434701968e+00
-3.368018864358599096e+00
-3.540337325784360445e+00
-3.703274554110940642e+00
-3.860197679610310129e+00
-4.014063150534620483e+00
-4.167457207524648766e+00
-4.322635546509324911e+00
-4.481560209130526218e+00
-4.645932423254113708e+00
-4.817220586588954134e+00
-4.996682900273640371e+00
-5.185384360816073013e+00
-5.384207942290473170e+00
-5.593859872967859026e+00
-5.814868953080143399e+00
-6.047579891379017525e+00
-6.292140673986573063e+00
-6.548484035646219503e+00
-6.816303197097387745e+00
-7.095022179944776575e+00
-7.383761229904472145e+00
-7.681298188682917250e+00
-7.986027070639053704e+00
-8.295915635473543048e+00
-8.608464407087907944e+00
-8.920670362256331032e+00
-9.228999370410045699e+00
-9.529372347258101783e+00
-9.817170890922374937e+00
-1.008726875464051886e+01
-1.033409568209253138e+01
-1.055173965749099096e+01
-1.073409225343104012e+01
-1.087503927180810948e+01
-1.096869513389220607e+01
-1.100967452382742273e+01
-1.099338892120665889e+01
-1.091634948863118026e+01
-1.077645225119320394e+01
-1.057321779869841727e+01
-1.030795708075078210e+01
-9.983838211445780431e+00
-9.605836912954520912e+00
-9.180564782941436519e+00
-8.715983476033848376e+00
-8.221026871385294754e+00
-7.705164779491706639e+00
-7.177948487053182447e+00
-6.648579168874012346e+00
-6.125534943467220828e+00
-5.616282427583525028e+00
-5.127086239543267254e+00
-4.662917442647375843e+00
-4.227451467696255349e+00
-3.823138884611869237e+00
-3.451328882264646403e+00
-3.112425077311182786e+00
-2.806055452745917833e+00
-2.531241817143247808e+00
-2.286558261745158305e+00
-2.070271992344879131e+00
-1.880463213729758110e+00
-1.715123271209910483e+00
-1.572232003636568232e+00
-1.449816334888316405e+00
-1.345992670342140096e+00
-1.258995820604279059e+00
-1.187197078442119302e+00
-1.129113831069820995e+00
-1.083412775202392542e+00
-1.048908468372125480e+00
-1.024558629068114568e+00
-1.009457308112980067e+00
-1.002826802298665276e+00
-1.004008970335588335e+00
-1.012456438599901087e+00
-1.027724046026523563e+00
-1.049460769046966391e+00
-1.077402283877721967e+00
-1.111364260199951381e+00
-1.151236433295582451e+00
-1.196977467539214190e+00
-1.248610599853211323e+00
-1.306220034881144354e+00
-1.369948052219357670e+00
-1.439992778429485254e+00
-1.516606571387945968e+00
-1.600094960692378221e+00
-1.690816084383429452e+00
-1.789180558314054981e+00
-1.895651709324720491e+00
-2.010746096202468802e+00
-2.135034232424033007e+00
-2.269141411054211410e+00
-2.413748513929216077e+00
-2.569592663294190782e+00
-2.737467543099683986e+00
-2.918223177692493842e+00
-3.112764905930585968e+00
-3.322051226828521830e+00
-3.547090116497292556e+00
-3.788933323010461152e+00
-4.048668033504320363e+00
-4.327405174097417095e+00
-4.626263446478925623e+00
-4.946348024851321412e+00
-5.288722635051176013e+00
-5.654373519353136146e+00
-6.044163566408962573e+00
-6.458774674886191391e+00
-6.898636252336393326e+00
-7.363837674697485625e+00
-7.854022615537433971e+00
-8.368263494476531505e+00
-8.904915021385738427e+00
-9.461447093688708065e+00
-1.003425933898959599e+01
-1.061848260496450713e+01
-1.120777689116240516e+01
-1.179414072780918765e+01
-1.236775379689336773e+01
-1.291688230604477106e+01
-1.342788441173292036e+01
-1.388535929936509028e+01
-1.427248599574068066e+01
-1.457159347531178817e+01
-1.476498862049803229e+01
-1.483604016275568149e+01
-1.477047399610659362e+01
-1.455778132379383827e+01
-1.419258468327577205e+01
-1.367576256218871755e+01
-1.301511910483117163e+01
-1.222541719905051849e+01
-1.132767697039665933e+01
-1.034776668260284005e+01
-9.314450697204996743e+00
-8.257170439601772216e+00
-7.203884228146392843e+00
-6.179264481892376537e+00
-5.203456955533249939e+00
-4.291478657448495326e+00
-3.453208502533319013e+00
-2.693838221824123025e+00
-2.014613225272175345e+00
-1.413698959171822089e+00
-8.870422911527743315e-01
-4.291421879381698279e-01
-3.368609959283980215e-02
3.059591335181395255e-01
5.963921997854464419e-01
8.439376645838815305e-01
1.054497883517806711e+00
1.233473594871066670e+00
1.385733497850755391e+00
1.515617040095579071e+00
1.626958426263241053e+00
1.723123118801666465e+00
1.807050710805693905e+00
1.881300036834200995e+00
1.948093843285834570e+00
2.009361374692519409e+00
2.066777948125702924e+00
2.121801070122524280e+00
2.175702965939928735e+00
2.229599589663137760e+00
2.284476302220155297e+00
2.341210468661973909e+00
2.400591254329406787e+00
2.463336904270659655e+00
2.530109780024568877e+00
2.601529408353268735e+00
2.678183771454411222e+00
2.760639040004357891e+00
2.849447920537585777e+00
2.945156757952889226e+00
3.048311502690920882e+00
3.159462620357416984e+00
3.279168989040971205e+00
3.408000795886990453e+00
3.546541409105388620e+00
3.695388163885324762e+00
3.855151959988126986e+00
4.026455524405276876e+00
4.209930143766351662e+00
4.406210617655736073e+00
4.615928125386512093e+00
4.839700635232119907e+00
5.078120417413292564e+00
5.331738152011057608e+00
5.601043053520257331e+00
5.886438369985689256e+00
6.188211564188515368e+00
6.506498458251998684e+00
6.841240636825592247e+00
7.192135478707435858e+00
7.558578349906386329e+00
7.939596777473915346e+00
8.333776874915352906e+00
8.739182954466061304e+00
9.153272189167921624e+00
9.572807424076122729e+00
9.993772810328399814e+00
1.041129884339208012e+01
1.081960556395376294e+01
1.121197497325211501e+01
1.158076584705820089e+01
1.191748567381930002e+01
1.221293479839728491e+01
1.245743629187824730e+01
1.264116081060645236e+01
1.275454809912787546e+01
1.278881556428334854e+01
1.273652994394672788e+01
1.259220197196974844e+01
1.235284872320666771e+01
1.201845761840807469e+01
1.159228383443968902e+01
1.108092230076182361e+01
1.049411767858345179e+01
9.844308647809295820e+00
9.145940970778976720e+00
8.414619218418447844e+00
7.666191496061440347e+00
6.915869084003468004e+00
6.177472064884279135e+00
5.462866081722596689e+00
4.781621326876048350e+00
4.140890866603841758e+00
3.545478264272889923e+00
2.998047966904135109e+00
2.499426508874059039e+00
2.048946153364254119e+00
1.644791785413727725e+00
1.284323325054265164e+00
9.643570491424537927e-01
6.813984451593572134e-01
4.318259642907849027e-01
2.120293546825120223e-01
1.850856019217239634e-02
-1.520599922971166418e-01
-3.027830092027573583e-01
-4.365297969121795796e-01
-5.559264226470521653e-01
-6.633603616469239128e-01
-7.609923120870469848e-01
-8.507726360888199224e-01
-9.344605324408824520e-01
-1.013644567549562003e+00
-1.089763599291062368e+00
-1.164127441305769617e+00
-1.237936850500635844e+00
-1.312302594100598796e+00
-1.388263478116096294e+00
-1.466803307656730837e+00
-1.548866809876032313e+00
-1.635374589203466567e+00
-1.727237206921516499e+00
-1.825368486675330582e+00
-1.930698146569578943e+00
-2.044183848517053370e+00
-2.166822736961031115e+00
-2.299662511667682985e+00
-2.443812041802922330e+00
-2.600451478904207026e+00
-2.770841761564589945e+00
-2.956333320430460265e+00
-3.158373682866395082e+00
-3.378513535105504673e+00
-3.618410616688721770e+00
-3.879830586064652920e+00
-4.164643693442386940e+00
-4.474815710848871753e+00
-4.812391080986612835e+00
-5.179465635615595254e+00
-5.578145481058179200e+00
-6.010487737759491189e+00
-6.478417748664612397e+00
-6.983616156344826464e+00
-7.527367951258506551e+00
-8.110364342168141505e+00
-8.732447332931702277e+00
-9.392286611162033338e+00
-1.008697940296555551e+01
-1.081156727845685417e+01
-1.155847084165466399e+01
-1.231685553580643244e+01
-1.307196143639290220e+01
-1.380445874620121849e+01
-1.448992960356027027e+01
-1.509862409046034415e+01
-1.559568751184287549e+01
-1.594209315347289468e+01
-1.609651637443936423e+01
-1.601832020263674394e+01
-1.567165699515689070e+01
-1.503040938596300791e+01
-1.408332404861399745e+01
-1.283832915046503231e+01
-1.132483457344929079e+01
-9.592974694680732384e+00
-7.709360316063968988e+00
-5.749850689300505024e+00
-3.790801556720067467e+00
-1.900760803362923745e+00
-1.343986891840549536e-01
1.470346114045246511e+00
2.891958181303652786e+00
4.122736597070526088e+00
5.165073772364249471e+00
6.027681767792645751e+00
6.722451349580275348e+00
7.262228212235018354e+00
7.659495391027139277e+00
7.925792266999898139e+00
8.071650132068960204e+00
8.106836846792013773e+00
8.040741880796572261e+00
7.882776465370022301e+00
7.642702756595248559e+00
7.330839069642108186e+00
6.958116410687297915e+00
6.535985780210603835e+00
6.076196108182636557e+00
5.590478259604234168e+00
5.090179986873333284e+00
4.585899088236163657e+00
4.087157474216160935e+00
3.602148692178003042e+00
3.137578027447518014e+00
2.698600281603609652e+00
2.288848129137571519e+00
1.910535181713867381e+00
1.564613156082350853e+00
1.250961563282483979e+00
9.685902356285834847e-01
7.158386712266079366e-01
4.905605532534538793e-01
2.902860851114391627e-01
1.123584672910477311e-01
-4.595630297070385506e-02
-1.873851286357742230e-01
-3.145865843871742396e-01
-4.301097034117147833e-01
-5.363695236873851080e-01
-6.356362366001711006e-01
-7.300350573336555904e-01
-8.215543045291923141e-01
-9.120595763597210137e-01
-1.003312302752884744e+00
-1.096991315974244374e+00
-1.194716401824308605e+00
-1.298073065979216123e+00
-1.408637973364506690e+00
-1.528004693923880941e+00
-1.657809517500136609e+00
-1.799757185225109746e+00
-1.955646425075912909e+00
-2.127395173399507122e+00
-2.317065307800510787e+00
-2.526886601765453655e+00
-2.759279425006467168e+00
-3.016875436993492254e+00
-3.302535128146438126e+00
-3.619360517818397849e+00
-3.970700573042255765e+00
-4.360145905869639016e+00
-4.791507963669954684e+00
-5.268776154726340977e+00
-5.796044048732568399e+00
-6.377392856787293951e+00
-7.016716752078616004e+00
-7.717470237974122682e+00
-8.482312861161446449e+00
-9.312621563500350419e+00
-1.020783685843361255e+01
-1.116460766665585957e+01
-1.217570423802312796e+01
-1.322868416614994658e+01
-1.430433040155470614e+01
-1.537494192031639173e+01
-1.640265758668913065e+01
-1.733813858678390929e+01
-1.812011926190514544e+01
-1.867652828890008720e+01
-1.892800522157300236e+01
-1.879455774258563494e+01
-1.820564800008972384e+01
-1.711302326920640482e+01
-1.550416968842985810e+01
-1.341279889652645352e+01
-1.092213236062628390e+01
-8.157876045936886200e+00
-5.270957534171740733e+00
-2.414223656487522796e+00
2.798943858342015645e-01
2.714163215209356661e+00
4.830729057201071264e+00
6.606087721240772481e+00
8.041049413558225112e+00
9.150146503246666896e+00
9.953401767645246423e+00
1.047147678809278837e+01
1.072387394612010958e+01
1.072925967994359908e+01
1.050689062218788017e+01
1.007828261696951699e+01
9.468494365947481839e+00
8.706637492525720390e+00
7.825460014748983006e+00
6.860072381481594483e+00
5.846070993208007494e+00
4.817429866733444754e+00
3.804551429093248061e+00
2.832792579359932006e+00
1.921642242132925116e+00
1.084569831923619887e+00
3.294362764476602701e-01
-3.407126311040590272e-01
-9.266641570750880907e-01
-1.432031757094845981e+00
-1.862336794394337858e+00
-2.224240092818145165e+00
-2.524942532720044763e+00
-2.771746060640406739e+00
-2.971751790498976753e+00
-3.131666907613933404e+00
-3.257693101335614738e+00
-3.355473213221847217e+00
-3.430077663212276473e+00
-3.486016861453403948e+00
-3.527269716409991318e+00
-3.557321382897347117e+00
-3.579205626031999099e+00
-3.595548755900167759e+00
-3.608613171636187111e+00
-3.620339282022071892e+00
-3.632385052681299964e+00
-3.646162748325060488e+00
-3.662872648742296011e+00
-3.683533657046935694e+00
-3.709010812486902342e+00
-3.740039783195661105e+00
-3.777248456073733163e+00
-3.821175767331466577e+00
-3.872287931754697876e+00
-3.930992233890154175e+00
-3.997648541835035818e+00
-4.072578695534644133e+00
-4.156073907626768538e+00
-4.248400296978887880e+00
-4.349802654121709189e+00
-4.460506514705167014e+00
-4.580718592770878672e+00
-4.710625600918151079e+00
-4.850391460248123288e+00
-5.000152880291248714e+00
-5.160013269105526490e+00
-5.330034917742737299e+00
-5.510229392997283426e+00
-5.700546069844498298e+00
-5.900858742785705324e+00
-6.110950276525129787e+00
-6.330495294663520234e+00
-6.559040964611313029e+00
-6.795986022355898548e+00
-7.040558296930111482e+00
-7.291791146090845999e+00
-7.548499405639810256e+00
-7.809255687010390190e+00
-8.072368130102148598e+00
-8.335861024985346646e+00
-8.597460044363728571e+00
-8.854584156959072416e+00
-9.104346587620703701e+00
-9.343567407817534587e+00
-9.568800422408282103e+00
-9.776376896753886214e+00
-9.962468268566913920e+00
-1.012316924180414546e+01
-1.025460151415603782e+01
-1.035303683066982039e+01
-1.041503612625731279e+01
-1.043759933755226932e+01
-1.041831823487623510e+01
-1.035552263625129576e+01
-1.024840896433468806e+01
-1.009713965037151340e+01
-9.902902672784593463e+00
-9.667922697201730031e+00
-9.395418803412265873e+00
-9.089508337219582401e+00
-8.755061471172233212e+00
-8.397515899762346692e+00
-8.022665004816120771e+00
-7.636435200738159956e+00
-7.244668658010683160e+00
-6.852926189889609887e+00
-6.466322082735857180e+00
-6.089398612482916029e+00
-5.726043589286198277e+00
-5.379450149270453174e+00
-5.052114658637992584e+00
-4.745866291774626156e+00
-4.461920654488489291e+00
-4.200949632059025163e+00
-3.963160223302254703e+00
-3.748376206698950774e+00
-3.556117815173120089e+00
-3.385675962261115224e+00
-3.236178816720737483e+00
-3.106649579494521696e+00
-2.996055142191530685e+00
-2.903345902727412664e+00
-2.827487407063088209e+00
-2.767484712677781289e+00
-2.722400468558129116e+00
-2.691367714336810213e+00
-2.673598348491525556e+00
-2.668388126500655932e+00
-2.675118942607111805e+00
-2.693259036020230202e+00
-2.722361652268272092e+00
-2.762062587943525216e+00
-2.812076954777550153e+00
-2.872195417690972974e+00
-2.942280090929308312e+00
-3.022260215706041642e+00
-3.112127690643014866e+00
-3.211932481284880403e+00
-3.321777895602144426e+00
-3.441815677283506680e+00
-3.572240836463881575e+00
-3.713286107202485642e+00
-3.865215891556195160e+00
-4.028319520736383552e+00
-4.202903634087165941e+00
-4.389283446275850764e+00
-4.587772642315838922e+00
-4.798671609510547498e+00
-5.022253686401310979e+00
-5.258749083428620352e+00
-5.508326111422409355e+00
-5.771069346691851010e+00
-6.046954371488483915e+00
-6.335818764025033190e+00
-6.637329083359889914e+00
-6.950943714081530445e+00
-7.275871619084429476e+00
-7.611027313146045081e+00
-7.954982733943936068e+00
-8.305917168312817012e+00
-8.661567003835664025e+00
-9.019177824689373679e+00
-9.375462246363357011e+00
-9.726567853230370986e+00
-1.006806059922104168e+01
-1.039492994446160523e+01
-1.070162266706258158e+01
-1.098211249232987186e+01
-1.123001215905889438e+01
-1.143873301254386021e+01
-1.160169442460736811e+01
-1.171258114439715037e+01
-1.176564112997230360e+01
-1.175600984538934490e+01
-1.168004014335979157e+01
-1.153561077246856570e+01
-1.132238259916702106e+01
-1.104197119580304154e+01
-1.069800857061385102e+01
-1.029607584007069043e+01
-9.843501878509190561e+00
-9.349038631203564265e+00
-8.822439201435878786e+00
-8.273977103007810641e+00
-7.713951771367589139e+00
-7.152225277483320376e+00
-6.597828441276885947e+00
-6.058662869730582656e+00
-5.541311420914685648e+00
-5.050955951137553690e+00
-4.591390144628588743e+00
-4.165108014738236442e+00
-3.773445541966851557e+00
-3.416753302817146398e+00
-3.094580809656850562e+00
-2.805857484859948237e+00
-2.549059745689019607e+00
-2.322357878408759291e+00
-2.123739835598134285e+00
-1.951111659647110974e+00
-1.802375953993158086e+00
-1.675490825255841809e+00
-1.568512173621306127e+00
-1.479622281256382399e+00
-1.407147479841422522e+00
-1.349567376734898794e+00
-1.305517761515572861e+00
-1.273788950785800456e+00
-1.253320988876433617e+00
-1.243196820700781080e+00
-1.242634296101665869e+00
-1.250977652370208748e+00
-1.267688949666178955e+00
-1.292339797774469279e+00
-1.324603606478005791e+00
-1.364248510466470776e+00
-1.411131058278099371e+00
-1.465190709047910600e+00
-1.526445147205982122e+00
-1.594986400711154939e+00
-1.670977730407481765e+00
-1.754651244556115319e+00
-1.846306181756848908e+00
-1.946307795802596052e+00
-2.055086766138180199e+00
-2.173139046233534266e+00
-2.301026048056397766e+00
-2.439375042603689536e+00
-2.588879632666535091e+00
-2.750300123007580755e+00
-2.924463573017003881e+00
-3.112263265462929418e+00
-3.314657259578445370e+00
-3.532665614449196578e+00
-3.767365766111188119e+00
-4.019885415237559378e+00
-4.291392127927786682e+00
-4.583078666214501773e+00
-4.896142844506262470e+00
-5.231760451985189242e+00
-5.591049490795922061e+00
-5.975023662840554195e+00
-6.384532709827366759e+00
-6.820186900680165643e+00
-7.282262715531706121e+00
-7.770586671571660276e+00
-8.284394385267859207e+00
-8.822162527957390310e+00
-9.381412525229814392e+00
-9.958486955553567554e+00
-1.054830295756515213e+01
-1.114409192367738122e+01
-1.173714166663208935e+01
-1.231656625822195572e+01
-1.286913965310232300e+01
-1.337924117004796187e+01
-1.382897204968663019e+01
-1.419850945050634650e+01
-1.446676273024265491e+01
-1.461238093326621801e+01
-1.461512442642961496e+01
-1.445755441457424340e+01
-1.412691424778720872e+01
-1.361698786089078084e+01
-1.292964597454506226e+01
-1.207576022340568045e+01
-1.107520801580992398e+01
-9.955819633338133912e+00
-8.751317420253192481e+00
-7.498515621654830987e+00
-6.234219846329473569e+00
-4.992327198200935179e+00
-3.801559253376135761e+00
-2.684087307279149570e+00
-1.655096201188302141e+00
-7.231489127533060612e-01
1.088952586287730284e-01
8.426810444585691728e-01
1.483108638685364244e+00
2.037196925964661176e+00
2.513144278520591079e+00
2.919612483769960853e+00
3.265220094859703437e+00
3.558211450562566380e+00
3.806261542637034090e+00
4.016379192286733790e+00
4.194877184591992325e+00
4.347385209067860856e+00
4.478888103136661414e+00
4.593777345258096112e+00
4.695907880712329785e+00
4.788655329190929955e+00
4.874970654100742706e+00
4.957430706523721753e+00
5.038283894886173009e+00
5.119490732168517688e+00
5.202759291172821321e+00
5.289575735583556870e+00
5.381230144764133527e+00
5.478837849163708640e+00
5.583356463758794241e+00
5.695598763566814604e+00
5.816241497092514479e+00
5.945830186662550254e+00
6.084779923492996900e+00
6.233372134074102178e+00
6.391747277412822115e+00
6.559893435076262769e+00
6.737630784318623611e+00
6.924592006867508864e+00
7.120198791805587568e+00
7.323634751471087334e+00
7.533815296392882388e+00
7.749355320833536176e+00
7.968535944512992408e+00
8.189272043917167565e+00
8.409082885225306114e+00
8.625068823782944705e+00
8.833897726009139362e+00
9.031805436061116410e+00
9.214615156345418612e+00
9.377780906761863378e+00
9.516460106753420689e+00
9.625619597753228618e+00
9.700177902860781742e+00
9.735184057036679661e+00
9.726029881530379839e+00
9.668688227599176344e+00
9.559964805195196647e+00
9.397746327620719597e+00
9.181223668657636949e+00
8.911066515408528232e+00
8.589526543038155992e+00
8.220450085923168615e+00
7.809188734660000186e+00
7.362406615708821711e+00
6.887794919750321654e+00
6.393715593738117597e+00
5.888804919644856639e+00
5.381572271347403458e+00
4.880028813813163779e+00
4.391375509550419665e+00
3.921770754434764861e+00
3.476187150601079079e+00
3.058356342125177374e+00
2.670792141202928516e+00
2.314876346482971137e+00
1.990988949192946889e+00
1.698664471979560942e+00
1.436758253848116507e+00
1.203609730974156466e+00
9.971933999152641226e-01
8.152516143440560192e-01
6.554063108494182499e-01
5.152490333556347668e-01
3.924102230941954317e-01
2.846097422808137045e-01
1.896911241309813256e-01
1.056422150349611289e-01
3.060480907296354858e-02
-3.712433818786330109e-02
-9.909902189815730789e-02
-1.567338542788314637e-01
-2.113178348467030787e-01
-2.640300750419840026e-01
-3.159567972204702091e-01
-3.681089615235115797e-01
-4.214400712441357388e-01
-4.768638698244032081e-01
-5.352717737455928715e-01
-5.975499891155126031e-01
-6.645963396305820670e-01
-7.373368934881355807e-01
-8.167425199957817350e-01
-9.038455357152672676e-01
-9.997566169080132070e-01
-1.105682160890214094e+00
-1.222942273740831309e+00
-1.352989544540748934e+00
-1.497428734412356466e+00
-1.658037457705153095e+00
-1.836787855984319373e+00
-2.035869153154628020e+00
-2.257710818039023071e+00
-2.505005829408118334e+00
-2.780733210754399387e+00
-3.088178541087933215e+00
-3.430950503874487634e+00
-3.812990642571508548e+00
-4.238572261108127570e+00
-4.712282729747608201e+00
-5.238981192948516608e+00
-5.823720663009403609e+00
-6.471619544156676618e+00
-7.187662603272506168e+00
-7.976405197444700335e+00
-8.841547287514398334e+00
-9.785335910197844100e+00
-1.080774758890373199e+01
-1.190539815031529791e+01
-1.307013113618916300e+01
-1.428725501261975239e+01
-1.553344514677763932e+01
-1.677441460443000665e+01
-1.796260588216136611e+01
-1.903537674426100068e+01
-1.991444073898108513e+01
-2.050762438809609378e+01
-2.071418668877427649e+01
-2.043477873955507818e+01
-1.958630061638019271e+01
-1.812022648446941275e+01
-1.604060219934147113e+01
-1.341578665762335021e+01
-1.037771960393975235e+01
-7.105501271458523505e+00
-3.796092325461607686e+00
-6.310873092528437311e-01
2.249309710021516917e+00
4.757649010300429637e+00
6.855601310094010969e+00
8.540858959775217585e+00
9.831765440272551615e+00
1.075488554411827380e+01
1.133756902452581983e+01
1.160516459758851937e+01
1.158144662094664490e+01
1.129066547469435911e+01
1.075991008152369410e+01
1.002085820272200678e+01
9.110373859140915798e+00
8.069775266928282065e+00
6.942931172587500477e+00
5.773610063071763498e+00
4.602651473732433551e+00
3.465517300402195744e+00
2.390627373667296496e+00
1.398649739503982303e+00
5.026850676717344868e-01
-2.908768229680369632e-01
-9.811150269343579255e-01
-1.571217223593272205e+00
-2.067198441204525672e+00
-2.476813279473053964e+00
-2.808704369892563335e+00
-3.071780702712751498e+00
-3.274792861031595059e+00
-3.426062831878780024e+00
-3.533327346035605387e+00
-3.603660155088543871e+00
-3.643446616462753251e+00
-3.658391400153914397e+00
-3.653546196630402587e+00
-3.633348828357305216e+00
-3.601668322260369148e+00
-3.561852582874958983e+00
-3.516776615672094763e+00
-3.468890039836563854e+00
-3.420263091090572249e+00
-3.372630582108281150e+00
-3.327433448161974727e+00
-3.285857611878249429e+00
-3.248869982621572561e+00
-3.217251477117673453e+00
-3.191627013612861052e+00
-3.172492492612322135e+00
-3.160238831611536625e+00
-3.155173167439066173e+00
-3.157537376519980121e+00
-3.167524089936719189e+00
-3.185290396728192697e+00
-3.210969436136258182e+00
-3.244680078584523120e+00
-3.286534887360622381e+00
-3.336646539618346896e+00
-3.395132867699046209e+00
-3.462120661023781132e+00
-3.537748345876299272e+00
-3.622167636035596328e+00
-3.715544221994141250e+00
-3.818057540821170548e+00
-3.929899642884380206e+00
-4.051273145825260436e+00
-4.182388240553524206e+00
-4.323458688760123181e+00
-4.474696726789043844e+00
-4.636306767038496979e+00
-4.808477765971391094e+00
-4.991374108192241366e+00
-5.185124840172430360e+00
-5.389811076867334627e+00
-5.605451402081644829e+00
-5.831985092175971275e+00
-6.069253016616811713e+00
-6.316976112975844160e+00
-6.574731404317359029e+00
-6.841925630458760565e+00
-7.117766709056668084e+00
-7.401233435815945505e+00
-7.691044082719232122e+00
-7.985624864543615864e+00
-8.283079618840144320e+00
-8.581162478507723179e+00
-8.877255795134333383e+00
-9.168356068269231329e+00
-9.451071106570562819e+00
-9.721632026917617964e+00
-9.975923900891656260e+00
-1.020953877841514590e+01
-1.041785433693471319e+01
-1.059614040407410229e+01
-1.073969398934982422e+01
-1.084400119895555825e+01
-1.090492155089319048e+01
-1.091888693574849256e+01
-1.088310410856988675e+01
-1.079574662026015375e+01
-1.065612007362847180e+01
-1.046478410308748330e+01
-1.022361599637443597e+01
-9.935804611699577293e+00
-9.605769024858110683e+00
-9.239003565902356385e+00
-8.841858591029710723e+00
-8.421273285259113450e+00
-7.984481845392715549e+00
-7.538716698608880940e+00
-7.090931632681996000e+00
-6.647564103514564060e+00
-6.214350310815631495e+00
-5.796199965790162167e+00
-5.397131130654848619e+00
-5.020260007553783765e+00
-4.667836665193787482e+00
-4.341315598715230095e+00
-4.041449574486009055e+00
-3.768396052533361296e+00
-3.521827151585141369e+00
-3.301036187873711558e+00
-3.105035925365691174e+00
-2.932645579903897293e+00
-2.782565189743446687e+00
-2.653437155194098729e+00
-2.543895576531517211e+00
-2.452604532961890182e+00
-2.378286711586752311e+00
-2.319743879860013624e+00
-2.275870656242976686e+00
-2.245662918882691539e+00
-2.228222036806831508e+00
-2.222755937528602121e+00
-2.228577855683095521e+00
-2.245103449379103555e+00
-2.271846829599876383e+00
-2.308415925219925224e+00
-2.354507501930344748e+00
-2.409902066240934726e+00
-2.474458813754937481e+00
-2.548110721816495783e+00
-2.630859838106727189e+00
-2.722772776610320022e+00
-2.823976398564450374e+00
-2.934653626713161767e+00
-3.055039314799543160e+00
-3.185416069304048747e+00
-3.326109895724342902e+00
-3.477485516091606055e+00
-3.639941176995579397e+00
-3.813902737373278562e+00
-3.999816792131004384e+00
-4.198142550995181743e+00
-4.409342151842513324e+00
-4.633869044637235923e+00
-4.872154037150482786e+00
-5.124588548915467001e+00
-5.391504578675522907e+00
-5.673150857862699681e+00
-5.969664645507813283e+00
-6.281038628282698433e+00
-6.607082436336892073e+00
-6.947378388425733853e+00
-7.301231260177514670e+00
-7.667612153379829820e+00
-8.045096961960272353e+00
-8.431800514131998270e+00
-8.825308250844681623e+00
-9.222608301721797019e+00
-9.620028047917049463e+00
-1.001318069386198850e+01
-1.039692893704364707e+01
-1.076537439062922985e+01
-1.111188275596011543e+01
-1.142915553947669061e+01
-1.170935894301875457e+01
-1.194431894119297333e+01
-1.212578801005303397e+01
-1.224578312506250022e+01
-1.229698643058710417e+01
-1.227318980846885310e+01
-1.216975349897173508e+01
-1.198403871965899903e+01
-1.171576721668211363e+01
-1.136725935357817541e+01
-1.094350867295145058e+01
-1.045206555022037165e+01
-9.902724377192772209e+00
-9.307034370792049316e+00
-8.677678749056033425e+00
-8.027785435494099175e+00
-7.370240570284734005e+00
-6.717072269788475047e+00
-6.078957569699184660e+00
-5.464884066424447795e+00
-4.881974408178710867e+00
-4.335461164246166454e+00
-3.828784925169403941e+00
-3.363780983461005736e+00
-2.940919047526111996e+00
-2.559564433145955054e+00
-2.218235940319130961e+00
-1.914843242423377001e+00
-1.646893704138514769e+00
-1.411664324650248048e+00
-1.206338705934577149e+00
-1.028111652801386500e+00
-8.742654865334643643e-01
-7.422227210569293243e-01
-6.295797143692616338e-01
-5.341255167847309693e-01
-4.538495736282822657e-01
-3.869413251324027025e-01
-3.317841542230913210e-01
-2.869456026732004617e-01
-2.511653237542992301e-01
-2.233418669543021373e-01
-2.025190917448494443e-01
-1.878727734087117240e-01
-1.786977841730174044e-01
-1.743960973199817632e-01
-1.744657616204644546e-01
-1.784909207386741747e-01
-1.861329009050820271e-01
-1.971223550838799021e-01
-2.112524290577889319e-01
-2.283729011811176379e-01
-2.483852405883814618e-01
-2.712385265400271694e-01
-2.969261729352965506e-01
-3.254834057764076638e-01
-3.569854467465367609e-01
-3.915463624987198243e-01
-4.293185463269632018e-01
-4.704928063122475468e-01
-5.152990415897639176e-01
-5.640074959208843941e-01
-6.169305851550263009e-01
-6.744253023353353749e-01
-7.368962110344864369e-01
-8.047990438807106628e-01
-8.786449289820946751e-01
-9.590052718432624523e-01
-1.046517324056669196e+00
-1.141890472061303008e+00
-1.245913278918226563e+00
-1.359461308409588121e+00
-1.483505752514910903e+00
-1.619122868649161662e+00
-1.767504209490332823e+00
-1.929967592415349431e+00
-2.107968702941253714e+00
-2.303113150985254265e+00
-2.517168691960560256e+00
-2.752077175701614475e+00
-3.009965580365843163e+00
-3.293155206584657879e+00
-3.604167724236229997e+00
-3.945726248161872451e+00
-4.320748929389628401e+00
-4.732331635005314396e+00
-5.183715093332065038e+00
-5.678230334762398357e+00
-6.219214294264151732e+00
-6.809885002859044079e+00
-7.453162862978174097e+00
-8.151421139537125882e+00
-8.906145225996930037e+00
-9.717476962601425683e+00
-1.058361825254416821e+01
-1.150006911411912647e+01
-1.245868182517799561e+01
-1.344652901354591457e+01
-1.444461499387115033e+01
-1.542651310181184421e+01
-1.635709371381557986e+01
-1.719162077392144994e+01
-1.787563133218153411e+01
-1.834614483242379279e+01
-1.853481701018423067e+01
-1.837356068491094163e+01
-1.780278449834043997e+01
-1.678166703716611963e+01
-1.529884152339008097e+01
-1.338082164290302245e+01
-1.109503147343454543e+01
-8.545048625120035268e+00
-5.857846227516722237e+00
-3.165762398292021995e+00
-5.881716810376187432e-01
1.782006576533261555e+00
3.883959819598610252e+00
5.686968932435794599e+00
7.183373082678667920e+00
8.379921068753716895e+00
9.290194997276563171e+00
9.929462593628556988e+00
1.031215178118620202e+01
1.045146041650249025e+01
1.036036467565271657e+01
1.005329211682611756e+01
9.547831935763714029e+00
8.865994428368294322e+00
8.034689603593099250e+00
7.085275395284611477e+00
6.052222816279531514e+00
4.971130924302453735e+00
3.876456574951338219e+00
2.799366008627128366e+00
1.766056495761745726e+00
7.967597289921308779e-01
-9.452765635051296744e-02
-8.996856721029056203e-01
-1.615672389302531764e+00
-2.243496914717152624e+00
-2.787148907890147242e+00
-3.252615827553078542e+00
-3.647060670544712391e+00
-3.978184458057773210e+00
-4.253764944350965749e+00
-4.481345433199266814e+00
-4.668041505356527843e+00
-4.820434559931872975e+00
-4.944525744046111448e+00
-5.045729630593348780e+00
-5.128892505531363000e+00
-5.198324715569210497e+00
-5.257840047655969684e+00
-5.310797649818693955e+00
-5.360143741507102710e+00
-5.408451498258399326e+00
-5.457958204462302731e+00
-5.510599187511235897e+00
-5.568038278990110612e+00
-5.631694665718750770e+00
-5.702766043827295128e+00
-5.782248003990265062e+00
-5.870949575114887686e+00
-5.969504849216874298e+00
-6.078380609392024958e+00
-6.197879890767823419e+00
-6.328141425254165675e+00
-6.469134959054128942e+00
-6.620652492207635298e+00
-6.782295577899892791e+00
-6.953458942892101646e+00
-7.133310856996000204e+00
-7.320770896895210988e+00
-7.514486024703418643e+00
-7.712806238670323111e+00
-7.913761451657050472e+00
-8.115041703640530457e+00
-8.313983297112944371e+00
-8.507563922599342021e+00
-8.692410259783036608e+00
-8.864821819793288427e+00
-9.020814835735674109e+00
-9.156189693672450503e+00
-9.266624601098497394e+00
-9.347796804716368868e+00
-9.395530627621228703e+00
-9.405968911586311876e+00
-9.375761255268740157e+00
-9.302259014956915095e+00
-9.183703819266405333e+00
-9.019393910029242178e+00
-8.809811578443948576e+00
-8.556695868217540024e+00
-8.263047893410158551e+00
-7.933061528152161479e+00
-7.571979373118464807e+00
-7.185881854563440641e+00
-6.781424833385516493e+00
-6.365546915837616559e+00
-5.945170738771592411e+00
-5.526922334365818479e+00
-5.116889383748366882e+00
-4.720433462821167048e+00
-4.342064380974186122e+00
-3.985377640190304938e+00
-3.653049957066151876e+00
-3.346883391505228733e+00
-3.067886180880773139e+00
-2.816377770894483490e+00
-2.592106384859118595e+00
-2.394369283609280696e+00
-2.222128146456932019e+00
-2.074114345384276969e+00
-1.948921010094674777e+00
-1.845080534582192788e+00
-1.761127501923526628e+00
-1.695647918955104583e+00
-1.647316212996029927e+00
-1.614921722459951470e+00
-1.597386486638984415e+00
-1.593776073383081915e+00
-1.603305030696228428e+00
-1.625338350206519289e+00
-1.659390115970251323e+00
-1.705120300247230603e+00
-1.762330470234684698e+00
-1.830958992160544030e+00
-1.911076163569645603e+00
-2.002879570389141328e+00
-2.106689850029743294e+00
-2.222946941911219554e+00
-2.352206818309972469e+00
-2.495138606858705810e+00
-2.652521936673059244e+00
-2.825244258012376886e+00
-3.014297795432592686e+00
-3.220775691090828285e+00
-3.445866772394495126e+00
-3.690848230365428861e+00
-3.957075315424151363e+00
-4.245966939233298376e+00
-4.558985808627252112e+00
-4.897611405662633643e+00
-5.263303764426575881e+00
-5.657455583637050367e+00
-6.081329766364125256e+00
-6.535979020822165531e+00
-7.022143737576477029e+00
-7.540124059577455462e+00
-8.089622008984877155e+00
-8.669549917515524839e+00
-9.277802492621999519e+00
-9.910992000179474459e+00
-1.056414970996251057e+01
-1.123040245824632066e+01
-1.190064145703229492e+01
-1.256321169699523033e+01
-1.320366441733099450e+01
-1.380463131166200874e+01
-1.434589524367410718e+01
-1.480474423032442743e+01
-1.515669708571813423e+01
-1.537667228483875803e+01
-1.544062782023916647e+01
-1.532762350914441818e+01
-1.502215066924348008e+01
-1.451645292351505745e+01
-1.381245785781975854e+01
-1.292289622170308228e+01
-1.187124538433216081e+01
-1.069031493665785781e+01
-9.419568219675637621e+00
-8.101569100844161042e+00
-6.778157967946567553e+00
-5.487013320177278608e+00
-4.259125640398061741e+00
-3.117451960651381526e+00
-2.076731644363058571e+00
-1.144221040655607258e+00
-3.209972488041534788e-01
3.965140176743502387e-01
1.015053551810614740e+00
1.543250051484197360e+00
1.990617038747365619e+00
2.366827469859179356e+00
2.681230236267738931e+00
2.942557802360337593e+00
3.158773927626949085e+00
3.337017547639539838e+00
3.483608497571506923e+00
3.604090071713358601e+00
3.703291192582307101e+00
3.785396910213129296e+00
3.854020222093934578e+00
3.912271123581561927e+00
3.962820712105633358e+00
4.007959372609945170e+00
4.049648796374992088e+00
4.089567997439329972e+00
4.129153705780050920e+00
4.169635611275983145e+00
4.212066957063165695e+00
4.257350966454638730e+00
4.306263553159022095e+00
4.359472721287188435e+00
4.417555015895552550e+00
4.481009339936806057e+00
4.550268411107570188e+00
4.625708092868935140e+00
4.707654798040533883e+00
4.796391130777458933e+00
4.892159903311087632e+00
4.995166637470632942e+00
5.105580637681844891e+00
5.223534701944356762e+00
5.349123520436207535e+00
5.482400798237636153e+00
5.623375129728858113e+00
5.772004648189154707e+00
5.928190475885614319e+00
6.091769008551196407e+00
6.262503084853666024e+00
6.440072117632367643e+00
6.624061300801830754e+00
6.813950055349499380e+00
7.009099941087638008e+00
7.208742338676216832e+00
7.411966299160129168e+00
7.617707065056403160e+00
7.824735885561820758e+00
8.031651874356752430e+00
8.236876784765900794e+00
8.438653693560658198e+00
8.635050677767521776e+00
8.823970621155613259e+00
9.003168278019760606e+00
9.170275628668958845e+00
9.322836360670992306e+00
9.458349982213926310e+00
9.574325605657957539e+00
9.668344829057726741e+00
9.738132406814207442e+00
9.781632575045250633e+00
9.797088044532625162e+00
9.783117879759448243e+00
9.738789850527194147e+00
9.663682484348001367e+00
9.557932066003212768e+00
9.422260299793853378e+00
9.257979296455513207e+00
9.066971933384854410e+00
8.851647357015892226e+00
8.614873280239487841e+00
8.359888563673845141e+00
8.090201135027303536e+00
7.809477400533768154e+00
7.521429803104743073e+00
7.229709035599892530e+00
6.937806669183993691e+00
6.648972732106904537e+00
6.366151254426544170e+00
6.091935180776732572e+00
5.828540534080500990e+00
5.577798435192280024e+00
5.341162637916541556e+00
5.119729658242825998e+00
4.914268342830593994e+00
4.725255780344685519e+00
4.552916735952616811e+00
4.397264205172288776e+00
4.258139165985223684e+00
4.135248098984981802e+00
4.028197302010667613e+00
3.936523421978689985e+00
3.859719949944677708e+00
3.797259673727329421e+00
3.748613260719191764e+00
3.713264260915443149e+00
3.690720887621513402e+00
3.680524961789733762e+00
3.682258405628956233e+00
3.695547650723573163e+00
3.720066292448013900e+00
3.755536281421528066e+00
3.801727898128516081e+00
3.858458711434949784e+00
3.925591677389804079e+00
4.003032492502727635e+00
4.090726276180899568e+00
4.188653620368866015e+00
4.296826010612799784e+00
4.415280591601424831e+00
4.544074221537331759e+00
4.683276733348598064e+00
4.832963296785792728e+00
4.993205754103784422e+00
5.164062783830726922e+00
5.345568732986913929e+00
5.537720949400843473e+00
5.740465444416175345e+00
5.953680724885997755e+00
6.177159655269608862e+00
6.410589250068651879e+00
6.653528358818306288e+00
6.905383296241386581e+00
7.165381595458977237e+00
7.432544229047317152e+00
7.705656857521605119e+00
7.983240932335133877e+00
8.263525802557136757e+00
8.544423347880337971e+00
8.823507074771544723e+00
9.097998046065534083e+00
9.364760431964736398e+00
9.620309820489746144e+00
9.860837637998328020e+00
1.008225501827641679e+01
1.028025912238714135e+01
1.045042414959911348e+01
1.058831800640255949e+01
1.068964376957180562e+01
1.075040271293093674e+01
1.076707288669197915e+01
1.073679428397083413e+01
1.065754886661277290e+01
1.052832161658519894e+01
1.034922783350535092e+01
1.012159255998747476e+01
9.847970556934862785e+00
9.532099657680982219e+00
9.178786234874065642e+00
8.793728200300114040e+00
8.383287460077427866e+00
7.954229035765441047e+00
7.513447266302197391e+00
7.067700120400880692e+00
6.623370650254252645e+00
6.186270458950005491e+00
5.761494542884411096e+00
5.353330964444908524e+00
4.965223401886306398e+00
4.599780371587080197e+00
4.258822164030596547e+00
3.943455307504627694e+00
3.654164460050878471e+00
3.390912679657776430e+00
3.153242646355752576e+00
2.940373257441248445e+00
2.751287819910372967e+00
2.584811648520785710e+00
2.439678156407504073e+00
2.314583477391071842e+00
2.208230308772563433e+00
2.119362058150394468e+00
2.046788573741237904e+00
1.989404789321912448e+00
1.946203569492843233e+00
1.916283936326412585e+00
1.898855722921289235e+00
1.893241552830705388e+00
1.898876899814305741e+00
1.915308847694979999e+00
1.942194049323480831e+00
1.979296278199340620e+00
2.026483875913246635e+00
2.083727321954241596e+00
2.151097087661570040e+00
2.228761880967559339e+00
2.316987340691435637e+00
2.416135196042004551e+00
2.526662866134049779e+00
2.649123433084191959e+00
2.784165877819659407e+00
2.932535417037414049e+00
3.095073719344799912e+00
3.272718704546808688e+00
3.466503537732869678e+00
3.677554313908609096e+00
3.907085783204929275e+00
4.156394284070007217e+00
4.426846824393253499e+00
4.719864969806327082e+00
5.036901856205002304e+00
5.379410233009081388e+00
5.748798961574848931e+00
6.146374843333598292e+00
6.573266051046172898e+00
7.030322821203723649e+00
7.517990505843422433e+00
8.036149696628134720e+00
8.583918112024079505e+00
9.159409564979400287e+00
9.759447012230920038e+00
1.037922998068040137e+01
1.101196227037065789e+01
1.164845454686166626e+01
1.227672902553008605e+01
1.288167037774015533e+01
1.344478793414090667e+01
1.394417741113372777e+01
1.435479153940557850e+01
1.464914068150267923e+01
1.479853582572539317e+01
1.477494395669236127e+01
1.455343789246171937e+01
1.411508583892899260e+01
1.344995445894487318e+01
1.255973292658457297e+01
1.145938842422302706e+01
1.017730729375838727e+01
8.753604719487437791e+00
7.236676959508909768e+00
5.678517196026668934e+00
4.129657525745396462e+00
2.634693266673492573e+00
1.229148229207831067e+00
-6.196452438315214195e-02
-1.223976179005714648e+00
-2.251206085992697226e+00
-3.144963719348140785e+00
-3.911410360374092399e+00
-4.559633685833199834e+00
-5.100118089379456876e+00
-5.543655026560242227e+00
-5.900650662312253658e+00
-6.180748353415503438e+00
-6.392676451385189473e+00
-6.544242529008159615e+00
-6.642412355153478387e+00
-6.693429328044548043e+00
-6.702944737432115829e+00
-6.676140424938568962e+00
-6.617833459713584610e+00
-6.532558010561012374e+00
-6.424623346715491401e+00
-6.298149373544789320e+00
-6.157082684096557124e+00
-6.005197028001798110e+00
-5.846082520462466015e+00
-5.683127938507584354e+00
-5.519500158964570247e+00
-5.358124256813654007e+00
-5.201667079996596499e+00
-5.052526325462673107e+00
-4.912826336533721694e+00
-4.784421089600452426e+00
-4.668904189857039810e+00
-4.567625184023156315e+00
-4.481711136566911335e+00
-4.412092201525603663e+00
-4.359529837991743761e+00
-4.324646338361043618e+00
-4.307954435102377744e+00
-4.309885894500404824e+00
-4.330818167600191337e+00
-4.371098326893399388e+00
-4.431063654637977578e+00
-4.511058352597496324e+00
-4.611445905331656547e+00
-4.732616645496431573e+00
-4.874990038280928140e+00
-5.039011123705876116e+00
-5.225140432561895310e+00
-5.433836528877955097e+00
-5.665530136325558352e+00
-5.920588589275264546e+00
-6.199269128829731912e+00
-6.501659366619452207e+00
-6.827603104002811563e+00
-7.176609678980653051e+00
-7.547745198543697853e+00
-7.939504510455751785e+00
-8.349663719320128408e+00
-8.775114634809073166e+00
-9.211684958909760468e+00
-9.653951481417578862e+00
-1.009505822424536525e+01
-1.052655740038889576e+01
-1.093829803685946445e+01
-1.131839455380223569e+01
-1.165331430521583123e+01
-1.192812712779663542e+01
-1.212695857619938877e+01
-1.223367844128022774e+01
-1.223283415509821026e+01
-1.211080293676362452e+01
-1.185708828230344203e+01
-1.146563181996561909e+01
-1.093596267670475974e+01
-1.027398007085658094e+01
-9.492178033234946355e+00
-8.609184466575321437e+00
-7.648596430675154600e+00
-6.637227719240677892e+00
-5.603007346952089129e+00
-4.572840346234210429e+00
-3.570741073572903268e+00
-2.616475090648857638e+00
-1.724824753262800048e+00
-9.054652225189967485e-01
-1.633373559760388227e-01
5.006487792743536946e-01
1.088751107547496488e+00
1.605515838391622374e+00
2.056978493050084733e+00
2.449998257078991770e+00
2.791742152022477441e+00
3.089311520727336280e+00
3.349490463765592452e+00
3.578591299195037934e+00
3.782372728781092430e+00
3.966009637465476079e+00
4.134097600815837659e+00
4.290679229180321741e+00
4.439282967249582157e+00
4.582967750661782524e+00
4.724369027728450909e+00
4.865743188927013740e+00
5.009008531873692327e+00
5.155781637928919636e+00
5.307408541647973266e+00
5.464990408384929665e+00
5.629403652747811293e+00
5.801314571248084917e+00
5.981188655791150666e+00
6.169294822579354687e+00
6.365704850440250695e+00
6.570288387074016967e+00
6.782703962474389670e+00
7.002386555363459664e+00
7.228532398857570485e+00
7.460081891811521260e+00
7.695701705745870314e+00
7.933767443386237517e+00
8.172348507428113251e+00
8.409197163249576334e+00
8.641744102959389551e+00
8.867103104246460532e+00
9.082087576223837999e+00
9.283241832539610883e+00
9.466889755260874395e+00
9.629203032674910290e+00
9.766290297889741012e+00
9.874307213185595344e+00
9.949585830610246262e+00
9.988779470549445705e+00
9.989017039497458228e+00
9.948058392511976322e+00
9.864440357521756297e+00
9.737601754736450843e+00
9.567975537881277859e+00
9.357037344164080395e+00
9.107302385758051955e+00
8.822266624874695040e+00
8.506293154413366864e+00
8.164450025985972914e+00
7.802310657647726799e+00
7.425731657136565467e+00
7.040624830280489022e+00
6.652740032748600818e+00
6.267473457214113530e+00
5.889712353956768176e+00
5.523722713847154075e+00
5.173081823864227324e+00
4.840653482695454812e+00
4.528600493521201642e+00
4.238427050629534953e+00
3.971042798792898232e+00
3.726840493470083171e+00
3.505780056392898913e+00
3.307473113133208020e+00
3.131263555747151095e+00
2.976301094117332902e+00
2.841606013266205988e+00
2.726124373366770826e+00
2.628773656736268727e+00
2.548479397512990907e+00
2.484203659480235249e+00
2.434966397471506117e+00
2.399860789495531499e+00
2.378063596937125546e+00
2.368841528981336708e+00
2.371554477793434756e+00
2.385656369559841838e+00
2.410694254474510689e+00
2.446306143145360323e+00
2.492217991565924606e+00
2.548240143398847746e+00
2.614263457004590396e+00
2.690255274627903592e+00
2.776255331075927479e+00
2.872371647445230991e+00
2.978776410238409333e+00
3.095701795803234457e+00
3.223435662758372455e+00
3.362316999362190639e+00
3.512730977198812887e+00
3.675103425799583601e+00
3.849894503776695398e+00
4.037591299814407897e+00
4.238699050837071880e+00
4.453730614632468665e+00
4.683193780498617897e+00
4.927575945220000975e+00
5.187325625076582902e+00
5.462830221355449822e+00
5.754389412701072182e+00
6.062183521015559684e+00
6.386236200343240910e+00
6.726370846366847900e+00
7.082160239033948201e+00
7.452869139416199218e+00
7.837389897153666851e+00
8.234171625023945396e+00
8.641144203703603921e+00
9.055639332673615982e+00
9.474312073221932806e+00
9.893067845823768636e+00
1.030700161693446226e+01
1.071035794755014159e+01
1.109652249738105745e+01
1.145805718929877237e+01
1.178679211266285343e+01
1.207398682895615316e+01
1.231057140544595363e+01
1.248747263057913415e+01
1.259602304096956971e+01
1.262843962655594865e+01
1.257834607982319852e+01
1.244129880996952586e+01
1.221526516064175460e+01
1.190099548897347681e+01
1.150223209585622719e+01
1.102570955738705649e+01
1.048092288418758855e+01
9.879669516743422975e+00
9.235403242352601794e+00
8.562465978444045334e+00
7.875280656826060266e+00
7.187591183755088764e+00
6.511823359729421945e+00
5.858617192984944211e+00
5.236552212556207841e+00
4.652059679007962245e+00
4.109494124934414572e+00
3.611324064244159526e+00
3.158398034211096661e+00
2.750245533289833233e+00
2.385380183168452017e+00
2.061581922821634105e+00
1.776144207476506143e+00
1.526079824081792990e+00
1.308284567108261243e+00
1.119661681778363116e+00
9.572119994646129948e-01
8.180954870332602935e-01
6.996699178043608303e-01
5.995118826213307051e-01
5.154246415649234025e-01
4.454365336718303370e-01
3.877929114198169769e-01
3.409438993864333800e-01
3.035297121029740253e-01
2.743648058972282255e-01
2.524217747163342573e-01
2.368156174843493167e-01
2.267887903921648740e-01
2.216972983380990081e-01
2.209979638409604319e-01
2.242369293091316385e-01
2.310393915715611979e-01
2.411005296925185504e-01
2.541775633183629979e-01
2.700828653006680513e-01
2.886780461730208969e-01
3.098689270196425261e-01
3.336013197139231501e-01
3.598575382049624682e-01
3.886535706043589555e-01
4.200368486348700081e-01
4.540845580958824401e-01
4.909024410659406090e-01
5.306240473872252394e-01
5.734103994223966883e-01
6.194500400499594051e-01
6.689594393134328243e-01
7.221837400218922287e-01
7.793978268829218070e-01
8.409077073969344340e-01
9.070521957063187868e-01
9.782048928038237223e-01
1.054776457861565042e+00
1.137217165802865804e+00
1.226019745406260686e+00
1.321722489939333611e+00
1.424912628212247734e+00
1.536229937549911773e+00
1.656370570896365413e+00
1.786091057295194018e+00
1.926212417320960713e+00
2.077624311374773214e+00
2.241289107458099839e+00
2.418245714036592720e+00
2.609612970310865254e+00
2.816592317417369706e+00
3.040469385855788520e+00
3.282614022016626443e+00
3.544478134400859570e+00
3.827590561400744829e+00
4.133547939953751360e+00
4.464000280089299721e+00
4.820629616606681545e+00
5.205119709436075048e+00
5.619114295607621656e+00
6.064160861811222603e+00
6.541636322662927938e+00
7.052650390746880937e+00
7.597921875283716986e+00
8.177622757138978571e+00
8.791184833801898080e+00
9.437064272066740145e+00
1.011246092447236755e+01
1.081299226663060153e+01
1.153232693887074589e+01
1.226179086428124165e+01
1.298997048290657297e+01
1.370235324621340389e+01
1.438106494156473047e+01
1.500478515282092573e+01
1.554894261206115225e+01
1.598630489877395178e+01
1.628807225968314754e+01
1.642555133089361163e+01
1.637241006449097824e+01
1.610739557591435656e+01
1.561724189718233191e+01
1.489933652745470205e+01
1.396360753079319394e+01
1.283310114990841377e+01
1.154289015819255759e+01
1.013727976758822535e+01
8.665682186631713080e+00
7.177877351311675369e+00
5.719530675053389857e+00
4.328734763034736588e+00
3.034026162564203322e+00
1.853931195438681234e+00
7.977622674172661910e-01
-1.327914700572752071e-01
-9.417482821023528405e-01
-1.636961858531468916e+00
-2.228518688181133633e+00
-2.727498231412951224e+00
-3.145095680117143022e+00
-3.492055458947016522e+00
-3.778344818632702662e+00
-4.012998390706711049e+00
-4.204075824473286538e+00
-4.358688612322659139e+00
-4.483065184662366143e+00
-4.582633821870664370e+00
-4.662110661485880492e+00
-4.725585431533191105e+00
-4.776601052169789696e+00
-4.818225435415691038e+00
-4.853115099584493386e+00
-4.883570916346517521e+00
-4.911586645189979450e+00
-4.938891030476701083e+00
-4.966984235755389498e+00
-4.997169327757577051e+00
-5.030579433863884731e+00
-5.068201101739319370e+00
-5.110894298701948557e+00
-5.159409405899238799e+00
-5.214401489945843515e+00
-5.276442072019966290e+00
-5.346028560426061560e+00
-5.423591465983200521e+00
-5.509499479053170390e+00
-5.604062451625184238e+00
-5.707532297049808356e+00
-5.820101793643608801e+00
-5.941901256851288338e+00
-6.072993028897471390e+00
-6.213363726443335011e+00
-6.362914187926024923e+00
-6.521447075985427055e+00
-6.688652120454428918e+00
-6.864089038395451148e+00
-7.047168244948561977e+00
-7.237129578240764083e+00
-7.433019409444871606e+00
-7.633666701059392601e+00
-7.837658817083389629e+00
-8.043318179785911681e+00
-8.248681206484876682e+00
-8.451481336510443754e+00
-8.649138353974025861e+00
-8.838756594017015189e+00
-9.017134941381401703e+00
-9.180791725878409082e+00
-9.326007608626245116e+00
-9.448889242528510479e+00
-9.545455784263106480e+00
-9.611749149856056107e+00
-9.643967193905890412e+00
-9.638616768875895247e+00
-9.592680992411230179e+00
-9.503792238351774557e+00
-9.370399712590444352e+00
-9.191918420135381851e+00
-8.968845362202216620e+00
-8.702829365220217994e+00
-8.396683323147682287e+00
-8.054331847088910479e+00
-7.680693033839099293e+00
-7.281499610799424538e+00
-6.863071151120065494e+00
-6.432054355891889230e+00
-5.995151681679445232e+00
-5.558859308746872507e+00
-5.129233531219504094e+00
-4.711700524724783179e+00
-4.310918901958583405e+00
-3.930698467653349404e+00
-3.573973049493832210e+00
-3.242820902344011991e+00
-2.938523330447297965e+00
-2.661650893212253344e+00
-2.412166647398239938e+00
-2.189536974781253864e+00
-1.992842247836574154e+00
-1.820881531063301528e+00
-1.672267420006531946e+00
-1.545508799820384249e+00
-1.439080666764743999e+00
-1.351481175902324416e+00
-1.281276779577291913e+00
-1.227136752467863579e+00
-1.187858617800054084e+00
-1.162386052066958220e+00
-1.149820801589181096e+00
-1.149430033323942446e+00
-1.160650394749727310e+00
-1.183089895148786264e+00
-1.216528557857143200e+00
-1.260918639219798854e+00
-1.316385070088646803e+00
-1.383226651683930220e+00
-1.461918429199908331e+00
-1.553115571655180105e+00
-1.657659001753046590e+00
-1.776582940213819795e+00
-1.911124449059570463e+00
-2.062734969868074586e+00
-2.233093746042499994e+00
-2.424122879641212869e+00
-2.638003586151534741e+00
-2.877192952064163478e+00
-3.144440139968705417e+00
-3.442800483896998998e+00
-3.775645220482735098e+00
-4.146663639308647120e+00
-4.559853118446528519e+00
-5.019490725237409912e+00
-5.530077670320653560e+00
-6.096244747937001662e+00
-6.722602817237331330e+00
-7.413517250821465510e+00
-8.172779078878290804e+00
-9.003138515650622509e+00
-9.905659375740786032e+00
-1.087884713979621409e+01
-1.191750211857011443e+01
-1.301125751857143875e+01
-1.414278858215991441e+01
-1.528573550807994685e+01
-1.640248509005436262e+01
-1.744211966977627881e+01
-1.833907428603274070e+01
-1.901332497483746309e+01
-1.937319065022781572e+01
-1.932191152874570506e+01
-1.876882048783043189e+01
-1.764487532407673243e+01
-1.592046436489203742e+01
-1.362111783280171373e+01
-1.083516568369124933e+01
-7.708067083968206390e+00
-4.422078922772229248e+00
-1.166069424986768244e+00
1.894749639685422427e+00
4.639150100144355804e+00
6.995256100530006904e+00
8.932868201489164051e+00
1.044918422204050046e+01
1.155467948407473422e+01
1.226335981351459914e+01
1.258856735059400300e+01
1.254346323320950241e+01
1.214441972403090908e+01
1.141540749395394627e+01
1.039166772703798891e+01
9.121356836191854001e+00
7.664438255613736928e+00
6.088848923487479858e+00
4.464742853974604131e+00
2.858162914922532494e+00
1.325596139303132803e+00
-8.951251467486476265e-02
-1.357894761856779153e+00
-2.463528408633316680e+00
-3.401355855365795655e+00
-4.174460282915440246e+00
-4.791347287883798600e+00
-5.263710980514876070e+00
-5.604812333548929715e+00
-5.828426772232707442e+00
-5.948234718689900724e+00
-5.977510766880381965e+00
-5.928985983640038704e+00
-5.814791082354658691e+00
-5.646422271835747075e+00
-5.434699938437361766e+00
-5.189710893046189710e+00
-4.920737903485266962e+00
-4.636186823137445678e+00
-4.343523343607751386e+00
-4.049229805299385809e+00
-3.758789036461986921e+00
-3.476698073912343645e+00
-3.206510762418272709e+00
-2.950905216189300351e+00
-2.711770217512046166e+00
-2.490303825386815273e+00
-2.287117594250289709e+00
-2.102340592752405701e+00
-1.935718582952048017e+00
-1.786705024909631900e+00
-1.654541826334996912e+00
-1.538328845383515997e+00
-1.437082020508273050e+00
-1.349780633513445016e+00
-1.275404629287381741e+00
-1.212963152658740995e+00
-1.161515559464638248e+00
-1.120186154045923921e+00
-1.088173832793320805e+00
-1.064757700330975165e+00
-1.049299592075561227e+00
-1.041244298937937129e+00
-1.040118156608906164e+00
-1.045526539143265321e+00
-1.057150687557929514e+00
-1.074744210045436965e+00
-1.098129511019346527e+00
-1.127194340581646470e+00
-1.161888602715636098e+00
-1.202221517936111539e+00
-1.248259202606406992e+00
-1.300122701054248431e+00
-1.357986486491305600e+00
-1.422077431209887610e+00
-1.492674234372427522e+00
-1.570107285831496169e+00
-1.654758935822555399e+00
-1.747064132136529668e+00
-1.847511377619482698e+00
-1.956643950679884503e+00
-2.075061318993138837e+00
-2.203420660783968366e+00
-2.342438387825216406e+00
-2.492891538339031321e+00
-2.655618874834574150e+00
-2.831521479821903053e+00
-3.021562589266865828e+00
-3.226766337237307436e+00
-3.448215002748883595e+00
-3.687044248370102473e+00
-3.944435716517345369e+00
-4.221606200408702492e+00
-4.519792429578210147e+00
-4.840230302911899152e+00
-5.184127165556880357e+00
-5.552625463418590535e+00
-5.946755829552346384e+00
-6.367377378501061003e+00
-6.815102738350455880e+00
-7.290205185237310204e+00
-7.792505235907342787e+00
-8.321234308785371070e+00
-8.874873732686431538e+00
-9.450968662652927677e+00
-1.004591860118893365e+01
-1.065474950471186766e+01
-1.127087716842521736e+01
-1.188587795442844985e+01
-1.248929100461055874e+01
-1.306848555080178720e+01
-1.360863689178130365e+01
-1.409286327464120170e+01
-1.450258043468772762e+01
-1.481812695318924256e+01
-1.501969725548345380e+01
-1.508858581998354076e+01
-1.500869425688261849e+01
-1.476818563435585041e+01
-1.436109851056554199e+01
-1.378867539278082077e+01
-1.306014073931178743e+01
-1.219270362622185289e+01
-1.121066797618657951e+01
-1.014369414590821350e+01
-9.024430673064127717e+00
-7.885871445001194857e+00
-6.758845948709665485e+00
-5.670001074410398800e+00
-4.640501426125792861e+00
-3.685508082434924670e+00
-2.814345875351762061e+00
-2.031173345549619036e+00
-1.335938324762869334e+00
-7.254236623736216583e-01
-1.942388810677651012e-01
2.643280415656079629e-01
6.576342717213029543e-01
9.931810947455288474e-01
1.278267752441414773e+00
1.519770944545763891e+00
1.724019874067682201e+00
1.896740003442217937e+00
2.043043662170595187e+00
2.167450785925729484e+00
2.273927610117916220e+00
2.365934812884756600e+00
2.446479397862403538e+00
2.518166643415080674e+00
2.583249877257283167e+00
2.643676812738484205e+00
2.701131830977130832e+00
2.757074009385812818e+00
2.812770954538929224e+00
2.869328647822232625e+00
2.927717592196588559e+00
2.988795582552740804e+00
3.053327427250683179e+00
3.122001935611253387e+00
3.195446462601994053e+00
3.274239272387357680e+00
3.358919949721945741e+00
3.449998054130314795e+00
3.547960177462359699e+00
3.653275531264308817e+00
3.766400156672470079e+00
3.887779816231984320e+00
4.017851594071714771e+00
4.157044198094891563e+00
4.305776925160177626e+00
4.464457217598203798e+00
4.633476706949486434e+00
4.813205608858571516e+00
5.003985302275027358e+00
5.206118897582543426e+00
5.419859573667359598e+00
5.645396445652076878e+00
5.882837716397643746e+00
6.132190870402681959e+00
6.393339694249689842e+00
6.666017960664751385e+00
6.949779702640734413e+00
7.243966140644753970e+00
7.547669521778088253e+00
7.859694397679459321e+00
8.178517220223652018e+00
8.502245580363526400e+00
8.828578959895054368e+00
9.154773502766980542e+00
9.477614020824363550e+00
9.793397185883765843e+00
1.009793055465909895e+01
1.038655262000691337e+01
1.065417933930268646e+01
1.089538238369750189e+01
1.110450348666325127e+01
1.127580756105794357e+01
1.140367456678446345e+01
1.148282642060377690e+01
1.150858069339782119e+01
1.147711781467110903e+01
1.138574362976498655e+01
1.123312528439052294e+01
1.101947650743030138e+01
1.074666930974743373e+01
1.041825346897137372e+01
1.003937291198005077e+01
9.616578498734808633e+00
9.157548310772160249e+00
8.670737443919673382e+00
8.164987535073507274e+00
7.649130292059201253e+00
7.131618459898406925e+00
6.620212280285489470e+00
6.121740821213330186e+00
5.641947350309123976e+00
5.185418045528563447e+00
4.755585265840113429e+00
4.354791206131908510e+00
3.984395227946119000e+00
3.644908140080282521e+00
3.336138526218356937e+00
3.057339109925686138e+00
2.807344417771828304e+00
2.584694130987524652e+00
2.387739187350164105e+00
2.214729767676669514e+00
2.063885765589927868e+00
1.933451265083776294e+00
1.821735044865180342e+00
1.727139305406424574e+00
1.648178777000429251e+00
1.583492198571342602e+00
1.531847920286518727e+00
1.492145121831714993e+00
1.463411880696431355e+00
1.444801087405284346e+00
1.435584995489153748e+00
1.435149015818761198e+00
1.442985217051821367e+00
1.458685873828204027e+00
1.481937308549578836e+00
1.512514197412834882e+00
1.550274453246262674e+00
1.595154753344152798e+00
1.647166747011046928e+00
1.706393952399116065e+00
1.772989333307874338e+00
1.847173532073610014e+00
1.929233722921563254e+00
2.019523039783173157e+00
2.118460522310410266e+00
2.226531512421066950e+00
2.344288419944012603e+00
2.472351758486279305e+00
2.611411330057480829e+00
2.762227407587267258e+00
2.925631726301296975e+00
3.102528045658438316e+00
3.293891980442261058e+00
3.500769719389192236e+00
3.724275148630769472e+00
3.965584770892989663e+00
4.225929655041203326e+00
4.506583459141300985e+00
4.808845338864700558e+00
5.134016277866414235e+00
5.483367055979547544e+00
5.858095707156007137e+00
6.259271921741225597e+00
6.687765438324969836e+00
7.144155088576414236e+00
7.628614870460048714e+00
8.140773335427690327e+00
8.679542839777335317e+00
9.242916052259525728e+00
9.827728831911743512e+00
1.042939157962960017e+01
1.104159588280446691e+01
1.165601019403916894e+01
1.226198780204170191e+01
1.284632256370765901e+01
1.339310226142955607e+01
1.388372447598176862e+01
1.429715243087546916e+01
1.461049334651852938e+01
1.479997252662450435e+01
1.484234482540024658e+01
1.471672488418061064e+01
1.440672759829675442e+01
1.390270012864286997e+01
1.320372013169209957e+01
1.231896889878018087e+01
1.126810424535424282e+01
1.008038417998483638e+01
8.792522098685488174e+00
7.445535076442522993e+00
6.081090956512595902e+00
4.737978731103785535e+00
3.449273878678394745e+00
2.240567462178593594e+00
1.129354078194777289e+00
1.254255447038115090e-01
-7.680364093463309949e-01
-1.553015164406084558e+00
-2.235159432851204997e+00
-2.822431978912511408e+00
-3.324011591544189237e+00
-3.749474966886778837e+00
-4.108235678707710115e+00
-4.409193646778738263e+00
-4.660542864290636800e+00
-4.869689818408261317e+00
-5.043244102321092548e+00
-5.187052493604941361e+00
-5.306256407098302930e+00
-5.405359458442712040e+00
-5.488296887655462974e+00
-5.558502068286856002e+00
-5.618967621366677712e+00
-5.672300094064967269e+00
-5.720768017918005377e+00
-5.766343630464608516e+00
-5.810738768866374748e+00
-5.855435520949034967e+00
-5.901712211531705776e+00
-5.950665250357430658e+00
-6.003227297397477180e+00
-6.060182126665900171e+00
-6.122176499441803976e+00
-6.189729296533347913e+00
-6.263238109236600515e+00
-6.342983451043910037e+00
-6.429130727512841759e+00
-6.521730090481406172e+00
-6.620714305599752159e+00
-6.725894779777703114e+00
-6.836955928706103691e+00
-6.953448115349462277e+00
-7.074779459471129961e+00
-7.200206906786565497e+00
-7.328827054502006000e+00
-7.459567356816747541e+00
-7.591178476595513480e+00
-7.722228702341384476e+00
-7.851101503807813131e+00
-7.975997441746692118e+00
-8.094941759123827296e+00
-8.205799039187480659e+00
-8.306296291908918050e+00
-8.394055693217119085e+00
-8.466637919574518278e+00
-8.521596566565536435e+00
-8.556543497627803418e+00
-8.569224139273758922e+00
-8.557600749562357834e+00
-8.519940597358729661e+00
-8.454904897386615659e+00
-8.361633380321839226e+00
-8.239818691739882794e+00
-8.089764566352412700e+00
-7.912422049356059972e+00
-7.709399015143326039e+00
-7.482939861697562201e+00
-7.235874430751084496e+00
-6.971537709800512239e+00
-6.693664421189132518e+00
-6.406264866275755310e+00
-6.113490059309376612e+00
-5.819495024843477360e+00
-5.528309037741407472e+00
-5.243720594307645477e+00
-4.969183189312400550e+00
-4.707745804997905736e+00
-4.462009703479957956e+00
-4.234110945074969656e+00
-4.025726260175733984e+00
-3.838098619335921668e+00
-3.672078118427716475e+00
-3.528173585347572416e+00
-3.406610527869347926e+00
-3.307391556842126601e+00
-3.230356109594944236e+00
-3.175237054223364552e+00
-3.141712489896122840e+00
-3.129451712303628064e+00
-3.138154853077162354e+00
-3.167586114093472016e+00
-3.217600803298075629e+00
-3.288166548272774659e+00
-3.379379131814963522e+00
-3.491473375734435169e+00
-3.624829408899824301e+00
-3.779974504456228068e+00
-3.957580466822411047e+00
-4.158456295768977462e+00
-4.383535553613297608e+00
-4.633857510926454815e+00
-4.910540743435962696e+00
-5.214747395809277819e+00
-5.547635817616257903e+00
-5.910298720916535409e+00
-6.303683428279345691e+00
-6.728490216262117407e+00
-7.185044286494680854e+00
-7.673136636189024529e+00
-8.191829240478726959e+00
-8.739220777348910119e+00
-9.312171008313837817e+00
-9.905985382183985166e+00
-1.051406707291302389e+01
-1.112755216361793842e+01
-1.173495562212165311e+01
-1.232187128769788309e+01
-1.287078770372872505e+01
-1.336110125297984830e+01
-1.376942448774921601e+01
-1.407029386155401696e+01
-1.423736764512529618e+01
-1.424516079582482497e+01
-1.407128049148011328e+01
-1.369900395553428751e+01
-1.311989488572137930e+01
-1.233602276715996915e+01
-1.136128470856003148e+01
-1.022138761858557388e+01
-8.952257823424782046e+00
-7.596977856659909989e+00
-6.201713635680629721e+00
-4.811360375880258999e+00
-3.465695842641399516e+00
-2.196659162669580390e+00
-1.027044405526929438e+00
2.945851540389621270e-02
9.672059666157242219e-01
1.786966304489349788e+00
2.494120115160545659e+00
3.096993031388984630e+00
3.605485180731974548e+00
4.030048894896768985e+00
4.380992649076167034e+00
4.668052723522021275e+00
4.900164466750609016e+00
5.085370825480437063e+00
5.230818105263384865e+00
5.342802249573851192e+00
5.426840567098198065e+00
5.487752886125476515e+00
5.529742614097648890e+00
5.556472567777554161e+00
5.571133239943057980e+00
5.576502852483145922e+00
5.574999483519260224e+00
5.568726017554925356e+00
5.559508839278954007e+00
5.548931197446711927e+00
5.538362084651268447e+00
5.528981360801243028e+00
5.521801721638007976e+00
5.517687994542776586e+00
5.517374139911102482e+00
5.521478250236449448e+00
5.530515770581720503e+00
5.544911111630031364e+00
5.565007787606111478e+00
5.591077183505368531e+00
5.623326036858661503e+00
5.661902706612326419e+00
5.706902293904117407e+00
5.758370675251734738e+00
5.816307506990709975e+00
5.880668260076785891e+00
5.951365346250239163e+00
6.028268399911793196e+00
6.111203784907258907e+00
6.199953401909015227e+00
6.294252880425730723e+00
6.393789249903242933e+00
6.498198197109969598e+00
6.607061032173294990e+00
6.719901503270537368e+00
6.836182619933362403e+00
6.955303666816956998e+00
7.076597612946667226e+00
7.199329144866321251e+00
7.322693574347503009e+00
7.445816890508472952e+00
7.567757239999919783e+00
7.687508124570215706e+00
7.804003599682971526e+00
7.916125737568590282e+00
8.022714579799908208e+00
8.122580745176046335e+00
8.214520776121664980e+00
8.297335199944546602e+00
8.369849150920147807e+00
8.430935248370570179e+00
8.479538260496784829e+00
8.514700912494713947e+00
8.535590032112045478e+00
8.541522080370770098e+00
8.531987005234217492e+00
8.506669297122536832e+00
8.465465131189903403e+00
8.408494562186588084e+00
8.336107897801056765e+00
8.248885612549251789e+00
8.147631465344936430e+00
8.033358830694410813e+00
7.907270620283864737e+00
7.770733528736188944e+00
7.625247653894763999e+00
7.472412790425075002e+00
7.313892854461674808e+00
7.151379954152933038e+00
6.986559574413759854e+00
6.821078202525063361e+00
6.656514501851832577e+00
6.494354867598199910e+00
6.335973897891128637e+00
6.182620011976306174e+00
6.035406168096593582e+00
5.895305394583129299e+00
5.763150660329184660e+00
5.639638480156039968e+00
5.525335575850309766e+00
5.420687889536282889e+00
5.326031264170082657e+00
5.241603156357343529e+00
5.167554819183937553e+00
5.103963477810312455e+00
5.050844110084261374e+00
5.008160531957118522e+00
4.975835568399825881e+00
4.953760161828963504e+00
4.941801330210721765e+00
4.939808935590682459e+00
4.947621261210996657e+00
4.965069422599982296e+00
4.991980656361387325e+00
5.028180541313346019e+00
5.073494211618719163e+00
5.127746622031466472e+00
5.190761922674539619e+00
5.262361996043705581e+00
5.342364203248715526e+00
5.430578380790095139e+00
5.526803124256969291e+00
5.630821391978249046e+00
5.742395460574461374e+00
5.861261266216578392e+00
5.987122170865985638e+00
6.119642202491093030e+00
6.258438832867143198e+00
6.403075376647574757e+00
6.553053121458819241e+00
6.707803331171455774e+00
6.866679303366391984e+00
7.028948707126108530e+00
7.193786477929014822e+00
7.360268601252396792e+00
7.527367173307565551e+00
7.693947182944938845e+00
7.858765508816104806e+00
8.020472664749721758e+00
8.177617847118396455e+00
8.328657832791771298e+00
8.471970236430008683e+00
8.605871552665668389e+00
8.728640274360792262e+00
8.838545187015034443e+00
8.933878689669523254e+00
9.012994687826244800e+00
9.074350254461061027e+00
9.116549879739141105e+00
9.138390755602907589e+00
9.138907202699581234e+00
9.117412084187984433e+00
9.073532905250360159e+00
9.007240306108638350e+00
8.918866847269281806e+00
8.809114369481466866e+00
8.679048777101817436e+00
8.530081808233784813e+00
8.363940161811914464e+00
8.182623177281039162e+00
7.988351024956204860e+00
7.783505985712027453e+00
7.570569812927260500e+00
7.352060337256134837e+00
7.130470385367711827e+00
6.908211757575122292e+00
6.687566493072603535e+00
6.470647010342491789e+00
6.259366016974868607e+00
6.055416407601067696e+00
5.860260769231471656e+00
5.675129631076122116e+00
5.501027252577068261e+00
5.338743542220010241e+00
5.188870629147841029e+00
5.051822647898600138e+00
4.927857416661469259e+00
4.817098863243603368e+00
4.719559254703075801e+00
4.635160494895282035e+00
4.563753952817104498e+00
4.505138462710836400e+00
4.459076288217476147e+00
4.425306965070287646e+00
4.403559030344142755e+00
4.393559713445403858e+00
4.395042708238594109e+00
4.407754170804755844e+00
4.431457097162375014e+00
4.465934233422089505e+00
4.510989660423484260e+00
4.566449178545724408e+00
4.632159598231997855e+00
4.707987019511811866e+00
4.793814160761155740e+00
4.889536774133458330e+00
4.995059163341844410e+00
5.110288799472521681e+00
5.235130012913985276e+00
5.369476724986451899e+00
5.513204172242524237e+00
5.666159570643026555e+00
5.828151667079661813e+00
5.998939133477325214e+00
6.178217775731574157e+00
6.365606558105362467e+00
6.560632485801966673e+00
6.762714446844953819e+00
6.971146191803743619e+00
7.185078728810299964e+00
7.403502533693664844e+00
7.625230121848672660e+00
7.848879698849596132e+00
8.072860797423386359e+00
8.295363012188325058e+00
8.514349148786138244e+00
8.727554293115828088e+00
8.932492455116598506e+00
9.126472518867160488e+00
9.306625199459963582e+00
9.469942526028598095e+00
9.613330998501941949e+00
9.733678968726723113e+00
9.827937955244111734e+00
9.893216521199578395e+00
9.926884068220426016e+00
9.926680511165997700e+00
9.890826432146647917e+00
9.818127141805627289e+00
9.708063302039233733e+00
9.560860585345942297e+00
9.377531420317053446e+00
9.159883278017369790e+00
8.910490151716162543e+00
8.632626699794231584e+00
8.330167659265407920e+00
8.007458207117714721e+00
7.669163535590468150e+00
7.320107654560060517e+00
6.965112101953279122e+00
6.608844764999386001e+00
6.255687505819367722e+00
